Snipaste_2021-11-22_16-11-01.jpg,242.74031,113.799835,-54.532574,250.83427,101.58311,-64.50659,254.53719,100.293884,-64.45086,258.35294,98.93599,-64.38522,244.07872,104.26747,-38.991547,242.32664,104.82475,-39.06683,240.56136,105.38124,-39.01645,272.7702,100.59861,-65.09676,251.16037,107.53992,52.93616,254.8443,121.93955,-50.24219,245.67102,124.86564,-16.626825,287.89142,152.11455,-113.41879,280.28812,173.7759,143.7226,285.53598,250.67175,-162.69911,281.4288,265.32184,163.17442,240.82906,308.59125,-145.58188,241.12506,317.5557,109.223366,232.63858,324.68073,-168.64975,232.48083,330.97983,102.63371,225.41742,318.33005,-158.6006,226.9023,327.33975,82.374565,229.74612,313.91815,-140.18129,231.77884,322.5538,96.81919,297.96136,330.06784,-83.98481,300.26926,334.45322,84.43281,191.5586,446.69064,-88.44619,345.02368,465.02014,62.003784,151.89558,577.6242,-68.31944,448.27902,569.49963,73.13638,164.72916,601.0612,-64.30851,472.53284,585.68176,73.455284,91.436935,601.5529,-113.451904,446.72968,597.74426,27.081152
Snipaste_2021-11-22_16-57-44.jpg,265.09695,100.66276,-85.476204,258.71835,92.106804,-74.65058,258.4882,92.35964,-74.63403,258.38892,92.56852,-74.7377,255.8269,91.78089,-106.406975,252.99217,91.54812,-106.41181,250.14255,91.348404,-106.41996,245.46387,98.27784,-10.612585,233.74557,97.25003,-150.29572,260.05664,112.60782,-57.994293,255.25967,112.07464,-98.786095,236.72926,163.41133,81.672424,206.74425,156.26924,-197.64206,242.72708,239.7216,139.27472,227.68185,248.11229,-178.46767,257.91336,288.03723,95.43134,263.74597,297.25784,-85.23384,262.60086,300.4002,91.57782,268.479,309.5049,-95.25173,264.64456,298.5321,69.04102,273.03748,304.86942,-96.045944,260.95865,294.28006,81.37258,270.59088,300.9786,-81.884415,221.5683,298.37692,81.63906,192.75507,298.41708,-81.311264,275.94333,380.2845,109.15687,162.1795,391.02985,-74.08792,281.8189,464.61057,202.34032,90.41932,458.7827,17.077003,268.65546,479.97595,206.84767,75.21159,466.77768,24.341549,326.01443,492.80118,168.59978,88.74122,494.92203,-30.72744
Snipaste_2021-11-22_16-59-40.jpg,271.47876,162.71292,-170.47054,269.97183,154.81064,-147.25272,272.0406,155.60577,-147.22238,274.27997,156.3232,-147.27939,261.86002,152.57286,-169.03928,257.70242,151.6857,-168.95808,253.5225,150.87454,-168.97112,266.1032,162.58534,-39.84247,237.13141,156.91658,-137.04767,270.01715,176.4801,-129.99745,258.18036,173.67761,-158.6064,283.0668,237.37813,25.017239,183.20389,224.02136,-166.39528,301.96017,326.1099,70.831535,179.57295,316.81253,-214.49884,324.00827,409.28708,-72.57515,215.29335,393.37448,-307.47086,332.5171,436.9709,-104.35631,216.42906,422.8192,-354.0196,326.1459,437.40836,-142.5808,236.87045,417.40808,-372.6808,317.8033,427.17242,-92.30094,238.24165,406.59744,-315.07892,275.30103,406.23764,58.455456,213.40932,410.12326,-57.535126,278.0112,537.0097,56.127964,209.45117,547.1824,-54.191227,263.25485,649.3722,205.30652,194.41234,657.9838,87.51195,250.95189,668.32184,215.0613,184.46077,674.52856,94.43649,294.51013,687.4491,135.79295,220.13982,699.49176,-24.234226
Snipaste_2021-11-22_17-00-24.jpg,163.3555,51.056507,-155.28745,172.66245,32.44061,-167.89923,178.02173,29.88454,-167.8267,183.54076,27.193197,-167.7238,162.82431,38.00135,-135.17383,160.21739,39.46997,-135.11234,157.57217,40.97511,-135.03712,207.13657,29.124222,-167.67935,173.37123,45.104156,-14.119812,184.47302,61.1726,-150.07768,169.93248,68.069565,-106.36096,250.47806,112.97924,-228.5043,217.39232,136.0584,91.887665,248.10298,271.09836,-255.40135,243.46594,265.78854,97.02151,203.12088,410.20758,-228.62485,222.73073,391.0222,38.761456,197.7214,452.28372,-259.54437,218.91257,428.63156,31.314476,184.13493,448.62546,-260.97772,219.28319,425.96585,0.20084463,185.94016,435.89658,-225.02438,224.78233,412.62888,23.944624,291.60306,370.41022,-105.90747,279.48477,373.24637,106.73932,187.95828,568.2951,-50.683907,356.19794,542.34705,138.0083,162.72775,746.2685,11.690902,487.3079,680.182,212.84236,184.91876,774.306,18.98681,520.7529,701.0023,216.8223,87.17967,793.84045,-38.98392,469.3261,730.3247,162.2462
Snipaste_2021-11-22_17-00-47.jpg,275.874,134.23859,-343.59424,291.04242,113.92477,-335.05878,300.89426,113.44865,-334.96167,310.89008,112.88085,-334.9957,267.35095,114.78114,-317.68768,258.36203,114.62464,-317.67755,249.29605,114.6096,-317.7537,331.7388,125.28792,-243.02344,247.4707,125.94143,-153.40187,298.41608,156.23257,-306.52478,264.65295,156.63167,-280.52145,382.1554,225.47844,-242.72827,241.32346,224.45316,8.245962,444.146,344.09897,-287.0194,221.56918,326.55646,111.999756,340.2933,430.71698,-345.798,184.70227,387.3998,-61.18669,318.6016,464.6538,-385.51468,170.81552,409.66113,-104.19534,298.52737,443.77734,-392.63715,173.96953,405.17355,-151.10135,307.1814,433.01425,-346.36887,188.32613,399.55392,-87.48533,326.5802,466.9998,-90.76628,249.39363,453.13196,91.5637,295.56973,605.00934,-37.142982,184.74916,574.3493,199.1747,298.57993,724.7069,179.05585,153.82822,683.3266,420.3352,310.1845,743.8067,196.92024,164.32722,705.6072,436.37494,255.57216,775.41064,98.98182,97.43673,728.22107,352.96124
Snipaste_2021-11-22_17-01-30.jpg,250.118,142.15587,-124.41083,257.52762,125.73462,-115.41914,263.96344,123.9126,-115.49386,270.5365,121.973,-115.6697,241.63185,130.54611,-99.00319,235.89319,132.04056,-98.957115,230.09616,133.64963,-98.93794,285.2477,128.82309,-49.915638,231.43317,142.84386,35.166203,268.19418,154.78665,-98.730194,245.44763,160.90306,-74.58226,330.9761,208.03255,-108.61456,235.5102,235.05614,126.95193,291.13153,339.38507,-151.81717,234.27539,339.5565,144.8955,215.17711,433.62585,-115.25187,212.87027,419.91574,55.295124,198.51991,465.6013,-125.96522,206.43553,446.8906,38.568863,195.32224,450.6503,-133.50427,201.8993,442.2386,7.968374,202.4255,438.5244,-116.25098,207.45535,432.56195,36.391407,344.382,458.89468,-64.45987,271.12314,465.49878,65.10955,384.0448,619.98236,-50.045746,208.77739,625.1978,60.291416,435.98987,773.11316,63.398144,156.408,776.5183,146.84528,448.67764,794.40955,69.098145,160.24951,800.47174,149.19983,427.42215,827.95013,-59.98339,113.54667,826.318,28.425291
Snipaste_2021-11-22_17-01-56.jpg,147.39186,103.39663,-73.63432,153.79546,94.53369,-85.87468,155.96336,94.401344,-85.888756,158.19739,94.20067,-85.90131,151.47638,93.62755,-63.08084,151.34848,92.99982,-63.09391,151.18213,92.46131,-63.07955,170.47621,96.146706,-105.66343,161.26228,92.84764,-2.4079173,155.46657,111.492516,-79.17666,151.22635,110.62449,-49.620945,203.61102,137.24812,-143.60088,169.1493,145.54337,61.867104,219.64955,200.17221,-170.65405,177.9879,199.80704,94.71411,197.72144,250.27432,-137.53807,162.25511,225.78235,51.419537,194.10918,263.7182,-145.70842,157.5417,232.01585,46.046394,188.77916,257.29694,-149.86853,152.50572,228.22466,29.82972,190.98514,251.18102,-137.15952,154.75078,226.35294,41.300564,228.80162,264.257,-58.387806,197.88948,261.77393,58.652878,261.56982,341.47092,-43.814423,152.70523,328.97574,56.465855,286.32397,411.5069,22.04701,122.63114,403.0916,90.13325,293.89288,418.71628,25.756927,128.33276,416.8431,91.22581,273.49957,446.4911,-29.618505,83.25565,427.95947,54.408527
Snipaste_2021-11-22_17-02-25.jpg,245.79865,124.80176,-39.60031,245.63582,109.33733,-69.0513,247.13214,107.81854,-69.00636,248.75282,106.25017,-69.00099,245.80933,109.885,-39.357407,246.82002,108.97295,-39.410156,247.85808,108.08348,-39.334663,264.501,99.82009,-144.95761,263.07254,100.99405,-8.920225,258.7331,129.25117,-60.15351,258.06384,130.62877,-20.67773,301.1268,153.92793,-194.3107,317.7695,143.74213,71.302795,285.55463,270.20416,-184.41162,314.9236,235.72623,108.196556,257.42395,349.0954,-77.93106,282.4718,311.8793,65.07747,255.09467,369.68542,-91.04051,273.96155,330.751,54.11362,248.15903,366.4806,-85.66253,276.14038,327.92993,36.35636,249.40793,358.648,-72.50236,280.4299,322.29803,53.790413,334.73563,348.94208,-82.21327,346.31918,337.55493,82.75146,240.09355,460.2698,0.015744632,339.36536,462.65506,116.87665,250.18272,574.0022,122.74781,415.3391,567.1126,156.47878,267.74316,591.43036,136.03082,437.77444,579.9828,158.3083,205.0287,595.4671,118.400734,407.59885,596.3642,121.92422
Snipaste_2021-11-22_17-02-47.jpg,165.63132,118.91959,-135.56416,172.03607,101.14128,-138.08849,177.27905,99.13809,-138.17267,182.59857,96.97924,-138.32224,160.2084,105.16897,-114.56571,156.03851,106.208885,-114.59141,151.87172,107.35244,-114.61154,197.41168,97.61655,-102.02688,157.22067,109.33027,6.993767,182.26886,127.76797,-118.21211,165.46935,133.12589,-87.04873,253.5861,152.78563,-134.78735,181.09573,194.65482,95.08663,333.1422,256.02856,-159.3298,227.79825,303.16724,115.03529,360.38766,362.57947,-143.64835,237.50407,386.89505,43.356853,372.12195,389.60217,-159.0487,241.0698,409.6754,20.225132,358.87698,383.28693,-173.72284,234.01675,404.25623,-5.597647,354.5951,374.98938,-147.4901,236.25494,396.2011,27.306353,317.82056,399.8197,-82.51356,266.1322,410.42084,82.84872,368.90704,555.7214,-59.75191,233.03671,562.19086,93.450874,410.6461,711.18085,10.708971,191.90065,700.68994,174.21768,425.9753,729.669,12.623318,203.20206,725.65,176.37477,385.6208,773.6669,-91.578995,126.74011,746.6761,96.911674
Snipaste_2021-11-22_17-03-36.jpg,190.66733,98.63832,-107.62197,197.57832,87.06709,-130.67422,199.76118,86.92311,-130.60593,202.07515,86.73518,-130.55049,197.10033,86.476814,-105.28778,197.92688,86.10357,-105.224045,198.75911,85.78249,-105.071945,218.66728,93.16222,-179.98654,214.95636,90.38048,-65.50184,201.56323,112.07395,-119.109634,198.61557,111.69014,-86.05165,232.46439,176.52353,-208.10785,261.3077,159.26567,22.521832,221.6187,292.2231,-181.54187,268.0581,251.29243,84.41354,192.48285,368.2189,-115.79665,229.94089,300.04813,130.7675,188.92804,390.25906,-134.02325,225.62383,309.5144,144.68225,182.29555,387.20578,-130.3058,217.07121,307.5737,123.73552,185.11284,379.68423,-110.69706,219.8186,306.15906,123.545616,268.57556,347.0477,-66.51359,291.83096,336.90717,67.3492,182.28767,438.66418,62.506233,330.01285,459.0996,144.64334,142.6673,540.44025,190.29861,384.9021,566.2117,222.77374,148.36563,561.713,203.81978,397.5105,584.59265,230.62029,94.50149,547.9032,214.0691,382.1064,588.04645,226.39157
Snipaste_2021-11-22_17-04-36.jpg,94.63639,83.049095,-17.891764,99.01021,72.416435,-31.59027,100.82215,71.360085,-31.565632,102.68272,70.209694,-31.613533,96.98544,73.14338,-9.956708,97.185646,72.677635,-9.960334,97.36414,72.27538,-9.882274,115.37269,68.12353,-56.045403,107.17142,70.218575,41.65749,104.20974,88.527695,-24.698622,101.11422,89.43646,3.0902903,151.6614,101.02287,-85.436775,132.63875,118.7295,94.74345,213.72511,119.90637,-135.68765,183.0523,155.09299,134.72726,225.1637,181.66998,-137.57297,205.77638,196.16048,122.78359,232.13437,195.18138,-151.24092,210.80898,207.19725,117.93711,223.2697,196.91216,-151.44958,209.54004,205.419,106.07116,222.75095,192.26057,-135.82408,208.78383,201.00446,115.84766,194.99136,240.47148,-60.65937,169.03194,243.48306,60.858456,220.10342,342.16525,-64.62769,128.57072,333.22382,52.397205,296.0887,412.24817,-51.07875,138.29393,423.30957,88.912964,316.59558,415.86487,-52.368244,153.53706,433.5929,87.66661,281.56738,454.65683,-115.19437,103.93943,464.4199,54.637043
Snipaste_2021-11-22_17-05-03.jpg,284.57556,130.41371,-119.60863,293.2899,115.16528,-111.36753,299.34454,114.49531,-111.36475,305.55978,113.71748,-111.30278,277.4456,116.53999,-106.417755,271.408,116.62833,-106.4242,265.341,116.787186,-106.481094,315.97406,119.20362,-30.651329,260.58188,122.327095,-1.4388089,297.8527,142.44392,-86.328575,275.49625,143.66197,-77.96884,357.6987,187.90918,-32.3677,235.68214,198.71048,65.45249,378.9988,287.2002,-38.110123,216.78827,292.46954,65.29887,397.19238,383.38828,-108.33297,181.35265,358.37033,-45.386795,410.7752,412.74744,-128.29764,168.57565,379.41055,-55.45308,396.48355,417.15024,-156.2543,170.92108,378.62357,-95.151596,385.57947,407.5788,-119.30733,184.33563,372.45023,-63.96761,343.19446,394.43243,-31.865513,275.46988,399.39102,32.644993,317.30463,563.08704,-53.32773,290.62125,568.4886,-9.155763,292.15198,710.8936,25.902695,308.22574,719.638,58.468952,291.5141,725.93506,29.864693,316.46896,738.0347,58.68006,269.4885,776.773,-38.761574,299.023,783.20435,-28.048918
Snipaste_2021-11-22_17-07-42.jpg,220.32141,72.10572,28.980469,217.06645,63.665512,37.003586,216.64088,64.021255,37.024063,216.34,64.36035,36.96068,215.99913,61.71825,16.131767,214.1401,60.48529,16.098812,212.28407,59.255463,16.081562,204.26663,65.76056,79.53165,199.59373,59.850388,-10.075006,213.38495,80.21574,47.979507,210.74063,77.44313,21.7969,177.80916,113.74231,136.42894,175.04198,93.31191,-71.96688,166.90768,173.01988,183.19513,151.7911,136.60329,-150.45946,182.4163,206.5462,195.84769,177.36794,177.60576,-192.18361,185.93266,214.57883,202.39937,178.29472,188.55304,-209.99162,188.43877,213.44958,187.18132,186.35663,189.00578,-195.92201,185.43536,209.97803,188.39491,183.5295,187.11568,-186.57928,155.53426,242.76424,63.853325,157.18822,236.09967,-63.560658,126.042786,344.66544,26.867905,208.91437,327.18765,-79.25396,61.510693,422.1462,-1.0526005,205.79187,422.234,-88.23581,43.3757,429.4888,-5.5349674,188.85278,436.89154,-88.85965,63.06271,446.58408,-48.419353,250.80269,446.16403,-126.93183
Snipaste_2021-11-22_17-08-15.jpg,164.59286,93.80905,-250.00276,170.3367,76.17307,-243.92627,176.44748,73.53747,-243.95436,182.69969,70.755745,-244.02284,156.06868,82.870384,-222.9599,150.97784,85.15819,-222.85977,145.90439,87.58056,-222.71716,201.18845,75.196045,-179.32385,152.45198,96.11369,-73.95468,185.62036,103.750336,-224.96103,164.64732,112.80758,-194.87454,266.84213,148.61612,-227.27994,176.85811,180.67223,62.36019,244.94855,284.12863,-239.79723,188.23387,280.01727,107.31828,182.5114,381.00647,-209.43755,181.24449,363.49823,-9.356113,172.9177,410.743,-231.85402,178.27309,391.87674,-19.868774,162.04292,402.799,-236.70409,178.94789,389.59482,-62.52936,165.74384,391.09708,-207.94083,184.50815,378.6329,-30.303093,317.58197,366.8364,-84.43262,246.95384,370.4668,84.619095,381.0257,529.1898,-80.74327,167.50372,500.30652,89.08783,455.1819,660.73267,28.329823,107.71869,642.70215,198.70604,472.50397,674.7796,34.891415,117.89011,667.1567,205.43784,446.79382,726.3226,-95.12507,42.479088,693.35284,109.96421
Snipaste_2021-11-22_17-10-34.jpg,354.28143,118.08167,-142.23167,352.61514,109.71953,-118.6362,355.08484,111.105,-118.539696,357.7159,112.46875,-118.50672,343.41217,106.13125,-144.79073,338.46182,104.66868,-144.68481,333.60767,103.21782,-144.57704,347.3442,119.6392,3.8473818,318.08078,108.55057,-108.01415,353.33755,133.11356,-92.557274,340.33615,128.23543,-125.90099,296.85504,181.6234,136.15878,316.45294,176.51814,-180.00058,292.59573,286.8007,142.5042,301.93958,284.49283,-206.00177,299.30215,379.04993,92.93857,321.86084,379.36258,-170.35217,301.3043,403.08252,91.82947,319.36758,402.2723,-202.29678,299.34937,403.94336,65.38113,329.22128,404.0732,-188.90996,298.02374,396.29092,79.86894,324.39655,397.56625,-164.0349,231.78784,355.29248,103.30586,257.7029,361.26086,-102.768166,141.09862,494.9035,92.00787,329.09515,510.69876,-90.868225,60.57689,597.09503,111.31652,379.2848,664.30975,-65.6804,38.03875,612.7064,110.75421,366.47604,694.56226,-64.3469,80.97308,620.0738,65.14318,444.12128,684.5812,-127.58395
Snipaste_2021-11-22_17-11-04.jpg,80.25187,79.507484,-2.2356586,84.40347,67.669014,-18.672146,85.899284,66.55499,-18.58537,87.471794,65.33458,-18.548769,84.25391,68.771515,5.0628605,85.07061,68.546036,4.9644074,85.92635,68.32641,5.02551,98.59746,64.49206,-60.63688,97.64255,67.40238,49.424294,88.05957,86.481224,-11.795799,86.88475,87.780556,19.829502,104.86288,115.54242,-112.83756,149.5649,120.30565,128.01068,108.265816,203.33644,-129.38716,171.09293,202.71945,153.65805,96.56923,288.58572,-90.05228,166.04674,279.2188,144.32559,95.374535,309.3128,-111.79089,167.13644,295.10782,156.50105,87.740524,311.07535,-100.16285,163.4157,295.6881,136.95525,91.22057,304.4124,-83.480736,162.54219,291.08493,136.61029,182.17532,268.85745,-74.68243,215.83977,265.76837,75.07936,105.23097,371.01498,-36.663017,281.45944,366.11993,83.808014,117.11587,474.37067,13.656211,379.30368,445.61353,96.05936,134.88165,490.30386,18.797588,403.8418,458.43164,95.93144,73.91098,498.49542,24.377172,368.38095,467.92834,87.38705
Snipaste_2021-11-22_17-13-24.jpg,192.14641,127.65211,-30.580368,187.53346,118.79197,-20.072218,186.5845,118.86815,-20.025791,185.7085,118.892944,-20.06748,187.15465,118.47451,-49.69562,185.2809,118.10443,-49.65338,183.45763,117.750206,-49.57758,173.67683,123.383545,31.306643,172.04243,121.91822,-97.503426,186.30057,137.56522,-7.1113176,184.56622,136.77904,-44.862854,144.13046,173.79054,118.78531,162.4675,169.32988,-178.03496,146.18817,239.65845,165.3533,164.13982,235.64108,-242.37259,163.51625,289.08127,153.00354,183.3504,285.27985,-238.07649,168.66096,302.45187,161.98787,184.28796,301.06204,-261.7079,170.5844,303.113,140.93475,190.72475,298.55396,-253.01772,168.95491,298.79553,142.29298,187.95204,294.12775,-232.94342,152.25807,310.46857,85.052025,168.3253,309.94394,-84.65997,135.81056,404.18222,93.29533,245.42357,376.75818,-43.398266,96.44927,487.3023,116.29567,300.41937,450.08887,39.791283,83.84166,502.06418,116.87727,299.48422,468.57764,47.530544,109.43862,501.4506,80.797874,336.98264,454.62064,15.14729
Snipaste_2021-11-22_17-18-38.jpg,126.43511,76.76669,-89.27343,130.87584,66.39998,-103.65677,133.03615,65.254776,-103.64523,135.27269,63.983616,-103.655594,128.01582,67.739494,-81.919334,127.81589,67.62803,-81.88574,127.56157,67.62846,-81.89804,149.28177,60.435356,-124.51208,138.63458,64.49509,-27.70042,137.24988,81.087364,-93.96862,133.72516,82.62146,-65.97857,197.80396,91.98428,-138.75473,145.3303,102.51759,35.825157,205.63118,159.68327,-136.8417,140.30585,123.00255,113.330124,164.45563,217.00363,-121.69127,127.02605,125.430664,186.3643,156.49965,234.89584,-136.5079,124.74906,126.71562,187.4133,148.75226,231.27632,-137.49075,123.105835,126.7743,178.93579,151.78986,225.04942,-120.451225,125.36755,126.61224,181.40213,224.78955,215.0513,-39.630795,181.66699,220.5502,39.5395,270.59494,289.91663,-39.69919,131.65756,289.92117,-87.48497,321.4173,351.20224,25.49397,103.16399,379.64618,-56.27121,331.4112,359.43796,29.426687,109.077515,396.4586,-54.895145,314.374,378.84125,-46.019325,65.12449,400.7027,-121.238716
Snipaste_2021-11-22_17-19-04.jpg,422.2104,163.19745,-256.3919,426.5721,155.74858,-233.76741,429.53027,157.87659,-233.77103,432.6379,160.01996,-233.78946,416.88208,150.13297,-253.8651,412.40054,147.554,-253.75218,407.93033,145.04321,-253.62953,424.9209,166.61508,-119.38423,392.89304,147.51146,-200.21996,419.48892,178.21855,-210.97078,405.69696,170.03598,-234.87547,375.5004,212.70663,31.59225,355.0081,201.93428,-242.86717,336.64072,281.0256,98.52472,319.37158,290.7032,-215.20996,325.1184,352.735,57.49646,309.22995,362.09705,-121.44298,323.62006,373.0082,53.32917,301.83987,379.57333,-136.1481,325.71667,375.6879,23.999254,309.8838,380.00903,-144.10574,323.15335,369.33594,42.786537,310.32663,374.24884,-121.35116,280.50815,321.02927,83.666115,250.99084,319.5274,-83.185486,318.75134,407.33664,99.60606,164.82289,404.8167,-40.952282,321.07715,502.57858,182.18288,84.570206,459.7913,64.05945,304.96338,518.6778,186.56482,64.06818,465.62485,71.9828,366.24716,542.6392,163.44965,89.41484,499.0669,14.12878
Snipaste_2021-11-22_17-19-54.jpg,295.11395,110.495705,-34.280567,293.6461,101.1289,-21.60506,293.69202,101.60072,-21.521212,293.884,102.00562,-21.616726,290.5199,99.036,-50.15407,287.9329,97.54269,-50.175972,285.35886,96.08573,-50.1161,282.666,105.04849,45.606186,272.19775,97.88942,-78.07587,289.2131,122.08029,-3.723999,284.191,118.68037,-40.10039,253.35086,163.29727,154.14975,247.94835,151.59949,-149.83334,240.55573,238.38403,242.40771,240.58083,232.4683,-182.86394,247.78047,300.0359,246.36453,255.45706,312.2646,-126.81795,249.5115,316.52728,252.34976,251.5404,332.30283,-138.55453,249.60196,316.51797,232.41954,259.08575,332.81332,-129.51079,249.85487,311.3004,235.30882,257.40393,326.03284,-119.670815,220.6598,331.14972,92.7588,201.67467,329.97565,-92.37218,253.54112,449.98746,118.75178,130.74202,450.15878,-94.430534,297.6645,562.89813,185.38104,59.893562,556.5376,-45.08616,289.65408,584.6696,187.51222,41.68744,574.01196,-44.02943,349.0234,588.56,135.14432,71.802925,590.3633,-113.798965
Snipaste_2021-11-22_17-21-16.jpg,93.72422,95.0713,-32.46524,97.54144,82.663,-55.34728,99.12864,81.755486,-55.273136,100.82784,80.747856,-55.283833,98.07528,82.827446,-28.434542,99.37627,82.31634,-28.47486,100.666565,81.84663,-28.300354,116.58803,81.01013,-114.96615,116.8222,80.9362,7.0124335,104.79073,103.412834,-48.465595,104.08555,104.154976,-13.379812,139.74367,139.27489,-164.46559,168.53288,133.96002,92.51278,132.35443,234.59082,-163.5155,168.48582,203.94943,144.7614,106.21068,321.6978,-105.20228,137.39111,251.9173,160.65488,104.46065,344.586,-123.489685,131.54967,261.1454,167.80829,94.86657,345.6167,-117.24472,128.8898,260.48755,152.21107,96.81509,338.15167,-100.19381,131.83698,259.10104,153.36696,211.80807,294.46277,-71.195656,232.29056,286.30954,71.47171,179.26715,388.0626,-15.792813,302.48508,384.53647,72.20809,248.13951,458.55447,85.22797,402.86676,465.41452,107.36419,270.19492,465.781,95.58802,425.3985,476.9368,109.96348,231.1205,481.3746,105.30518,401.35873,489.33566,99.04316
Snipaste_2021-11-22_17-22-03.jpg,116.86801,73.73295,-75.09352,122.45666,64.19497,-92.889114,124.09933,64.03443,-92.92088,125.8058,63.80665,-93.01284,121.954704,63.88843,-70.73231,122.76971,63.565445,-70.81564,123.48273,63.28978,-70.8692,138.68996,65.99729,-124.941086,135.08875,65.14203,-24.540173,124.23786,82.81067,-83.437805,122.70844,82.60489,-54.667923,172.39151,124.17856,-141.93692,141.64108,114.48157,40.06588,201.27069,192.39859,-97.716095,156.06448,173.23158,41.047344,166.58463,192.14668,17.397747,133.36769,168.70232,-64.85588,159.86525,192.33008,18.79412,127.43799,165.55382,-90.15263,156.09106,181.45807,10.918015,122.92598,158.32072,-94.362076,159.12141,178.61613,15.50577,126.18814,158.93752,-73.44828,180.23839,250.7648,-60.04955,152.55727,239.89339,59.88475,213.88553,334.52765,-14.25016,107.37774,307.27072,112.5707,251.3622,408.56882,57.98068,81.04361,383.23514,166.42564,261.89352,415.5882,63.00071,87.382835,396.5448,169.35876,233.02866,439.79953,7.6281576,38.229584,407.2469,137.61716
Snipaste_2021-11-22_17-23-00.jpg,291.78113,113.99146,-71.740715,292.87375,104.999374,-50.795555,295.59738,105.32491,-50.69811,298.47427,105.58194,-50.756664,283.76938,103.172745,-69.08564,279.5283,102.04711,-69.05959,275.28015,100.938126,-69.099434,292.84116,108.670044,48.126328,262.68738,103.501785,-32.715065,292.1855,124.75161,-32.38534,279.5146,122.09453,-55.921688,283.0039,168.04839,152.90346,241.39397,148.07635,-106.77607,268.04892,245.37698,170.60051,232.66655,217.72884,-170.153,259.5844,312.03122,143.90166,239.49414,291.88318,-244.01608,259.54364,331.72507,148.33119,230.30138,314.5577,-287.64807,256.3646,333.6494,123.69936,248.3811,318.8802,-275.71063,254.30434,326.72467,132.15028,249.59819,313.2223,-240.97614,261.025,310.2473,81.741,237.26048,305.342,-81.525795,220.3073,420.98834,69.80905,236.35078,419.4221,-107.75749,185.20375,513.7658,109.79325,232.04752,507.03333,-88.09666,168.83623,529.0629,110.47743,220.5422,522.01135,-89.65438,210.89685,544.6994,43.18547,265.64645,538.16235,-183.5071
Snipaste_2021-11-22_17-23-59.jpg,178.24521,85.827614,-4.588761,183.54214,72.8912,-17.116175,185.79358,71.29081,-17.143793,188.12445,69.57272,-17.170912,181.03207,74.34072,9.873526,181.2996,73.885315,9.801691,181.50742,73.52993,9.892667,204.14053,66.79035,-44.939247,194.47832,70.81352,78.05036,190.55336,91.78654,-13.493969,186.61116,93.75873,21.337309,255.042,105.125984,-88.76114,206.01926,141.66693,127.32372,319.426,165.75269,-143.7279,236.39796,219.30037,165.38452,338.0916,258.7478,-142.10912,246.64865,288.14352,135.13617,351.1773,280.16837,-152.14902,248.98515,306.36505,123.020096,339.17807,282.11423,-157.7124,247.63174,303.05508,112.63405,336.14807,273.33008,-142.57469,247.51125,294.57425,126.467964,289.57474,281.23434,-62.219498,241.15927,294.75574,62.449493,345.6742,407.55194,-79.343544,179.29132,410.74753,22.431213,402.12686,522.75586,-21.064909,131.71193,529.7236,72.01904,414.86313,533.7709,-17.963627,139.65329,549.6367,72.548935,396.66095,573.0139,-92.881134,81.01953,564.3215,12.342719
Snipaste_2021-11-22_17-24-58.jpg,425.8892,131.64612,-41.104473,426.68362,116.89869,-28.065214,426.6698,116.95544,-27.98777,426.79895,117.040794,-28.153946,423.1505,114.591354,-58.18996,420.10907,112.413124,-58.230125,417.07233,110.22446,-58.271477,409.54565,114.36862,37.314484,396.88416,105.24243,-93.69879,413.1589,141.16096,-11.7928295,407.61447,137.3661,-50.385517,346.29453,171.3325,121.531425,347.72278,159.4062,-181.14539,313.53995,285.1998,125.908134,338.75592,288.75497,-199.69505,296.75797,387.30853,84.608925,357.04846,403.59146,-132.15771,293.2698,410.68518,89.7826,357.899,430.71646,-167.34795,295.82776,410.74377,63.46466,367.86734,431.47034,-148.65875,294.48608,401.8563,72.661125,363.9208,423.41464,-124.56835,235.5641,334.46945,89.91247,234.4469,333.43265,-89.367386,248.62941,440.3576,140.51189,331.6063,452.13538,-55.397705,191.72278,504.82986,241.97282,371.39435,590.09644,46.42348,176.42926,508.87784,249.559,359.46133,612.07,54.70695,193.59901,533.37274,213.62848,423.0204,624.6452,2.8596547
Snipaste_2021-11-22_17-32-02.jpg,260.8107,81.21181,-5.081698,257.72736,70.58014,-0.29536328,257.2552,70.47733,-0.26666665,256.89493,70.329865,-0.3750194,255.86597,70.28786,-26.501856,253.57758,69.511154,-26.49338,251.29337,68.75059,-26.408764,245.24109,72.85554,38.132248,237.5736,70.89971,-76.855675,254.77739,90.91952,14.640627,251.23291,89.78098,-19.245003,223.14609,130.52292,107.27528,214.77573,118.36888,-127.38611,225.1798,209.3823,165.28064,221.41835,200.77962,-113.889435,237.41885,265.9776,160.48718,245.19766,262.30542,-33.469357,240.06558,278.24515,166.51701,248.30042,275.79703,-37.951225,244.09357,277.6274,152.96786,251.87997,273.73755,-31.650057,242.75566,273.3428,152.34914,250.15019,269.8976,-27.404465,193.99089,271.56702,69.866394,174.57559,267.4157,-69.50762,246.29927,355.97784,112.25048,113.92057,362.49475,-68.68137,296.06924,445.3483,170.82544,52.148933,452.34988,-31.101393,291.8989,463.40793,173.15028,40.321156,468.47177,-29.790548,336.6835,462.29443,136.1694,47.60254,477.42834,-83.902084
Snipaste_2021-11-22_17-32-41.jpg,298.56918,100.76698,-10.0137615,295.72113,86.35785,0.5769733,295.58627,85.485146,0.5730113,295.61166,84.57309,0.5750952,292.15387,86.14852,-33.65427,289.1928,84.85794,-33.65489,286.2206,83.608505,-33.67032,281.51746,81.777275,66.55819,269.25836,81.82002,-85.54567,291.02325,108.71734,18.71713,285.72134,108.05122,-25.205755,260.4893,143.24838,153.38066,227.38011,128.67755,-151.66562,238.14812,223.67415,251.13367,174.02194,179.13771,-261.28772,259.15967,265.69235,220.4046,233.16756,241.36433,-227.86177,265.33704,278.5711,212.22237,245.75478,266.0672,-223.77087,268.24808,273.5939,196.89053,253.03882,258.3566,-217.07935,265.2749,267.9862,208.44257,244.94266,250.14479,-218.71909,253.6849,317.16336,94.19904,221.29427,314.85434,-94.13559,281.76263,459.2318,87.206085,158.19298,448.2642,-91.95927,310.66812,584.7308,89.31143,73.070656,562.23944,-89.13876,297.06586,609.17084,81.8255,47.171432,576.6485,-90.96543,371.2873,614.8524,7.193488,103.797966,613.195,-173.10588
Snipaste_2021-11-22_17-33-12.jpg,181.61346,123.64656,51.811653,182.15112,111.312195,33.69361,183.39404,109.843636,33.696594,184.71802,108.246155,33.587105,181.9634,111.60618,61.433754,182.84596,110.634705,61.38709,183.73169,109.727585,61.51167,195.57623,101.674614,-7.301314,193.39624,102.92475,118.6628,190.08627,126.315186,39.874207,189.47028,126.884315,75.563705,234.43018,124.88805,-66.86693,223.11208,145.48627,181.50504,291.2023,164.79486,-160.21794,261.06366,200.359,219.86539,298.6703,231.08405,-228.26256,278.5337,259.65326,186.66449,309.61322,249.05241,-253.13023,283.06876,276.14737,183.28601,297.19974,252.8449,-255.06471,280.57684,274.43756,166.21982,294.42148,247.07898,-228.30106,277.77856,268.08307,177.97148,282.03323,269.36108,-76.54187,259.02905,277.1476,76.39318,360.03757,383.06586,-97.91221,207.17728,385.86127,32.83237,449.5863,483.93146,-116.14,159.75858,503.82794,16.172094,466.8273,494.65002,-120.28251,166.58908,525.9304,10.478923,444.50906,520.9246,-214.4618,103.362915,528.7625,-56.136562
Snipaste_2021-11-22_17-33-53.jpg,317.5597,110.4144,-7.9496803,318.46967,97.577286,5.84806,319.0315,97.90211,5.805881,319.82227,98.16178,5.573722,313.70288,93.80467,-22.648752,310.60324,91.1559,-22.675978,307.50674,88.54014,-22.620047,305.79733,94.98235,78.54574,288.7612,83.35957,-48.793503,307.54565,119.93557,22.703007,300.97833,114.57291,-14.734367,278.4806,163.66856,144.16061,225.30707,121.73212,-103.832535,268.6098,259.74728,196.55833,206.67795,209.1678,-175.83484,267.4372,343.72614,162.7185,217.25768,291.81995,-227.40926,269.9485,365.20395,165.94626,211.03691,313.97083,-257.55746,267.56735,366.21445,140.33643,223.01479,316.03183,-249.35884,263.87268,357.38712,148.43361,222.99846,309.95978,-224.09277,239.00366,335.71597,80.03616,192.44392,318.7282,-79.76389,275.3888,481.74692,51.06016,133.99884,464.78528,-89.02231,321.92322,622.54877,13.484951,46.83752,595.8548,-107.67889,309.48834,649.5882,6.487883,18.761644,613.47986,-113.838135,392.79514,655.6012,-58.03686,88.99107,649.78815,-208.85007
Snipaste_2021-11-22_17-34-19.jpg,373.77057,132.44244,-233.06425,379.06345,116.21121,-196.67845,384.19067,117.09699,-196.68654,389.53708,117.89982,-196.60585,362.31354,112.82414,-226.07521,354.33386,110.84337,-225.82166,346.338,108.90723,-225.65889,381.8866,126.38706,-5.9806423,325.0234,115.04648,-134.55495,375.8204,150.84027,-161.73601,351.3282,145.84003,-199.24197,345.1092,218.28699,156.86401,284.7854,191.5473,-151.65434,330.03534,330.75168,205.84695,174.79088,272.21262,-232.80109,328.9943,397.84537,18.190744,242.07379,351.1478,-307.5988,329.34158,416.22482,-25.673286,254.82993,373.42023,-357.0036,333.07733,406.32745,-55.00609,272.8628,362.14584,-347.60486,329.76065,399.39206,-4.1195817,263.35806,357.65366,-303.38388,299.9584,419.79205,117.948975,289.10825,416.28403,-117.7034,177.18661,584.45795,67.58761,409.20782,506.7734,-316.4862,64.89647,672.11664,131.2843,500.24902,655.57837,-262.69922,42.730522,681.89154,133.97134,486.24777,685.12366,-256.5407,52.339855,711.05896,12.84109,607.10785,684.2783,-399.76294
Snipaste_2021-11-22_17-34-38.jpg,244.817,75.62443,-2.372194,239.00325,67.55861,11.426827,239.09413,67.81687,11.414166,239.37186,68.01584,11.264066,235.66257,67.05388,-16.488817,233.04704,66.79294,-16.475494,230.44818,66.54768,-16.440094,229.13359,73.066574,75.88067,216.81433,71.81527,-45.456276,242.19469,86.58021,24.2526,237.01944,85.73934,-11.6072855,225.22389,139.4747,144.94545,189.78445,120.4413,-115.20437,228.54128,210.21367,190.06558,195.29994,193.57115,-164.97955,231.57092,274.40366,142.87877,226.24376,263.17963,-152.6336,233.66782,291.78,137.8394,226.18405,281.02963,-174.977,230.38718,291.1573,114.75534,236.50089,281.59903,-168.3431,228.78606,285.05637,129.21904,234.19238,276.4198,-148.38237,204.63837,271.50864,80.92058,173.25052,265.3784,-80.59958,240.9631,377.24625,70.11237,137.69797,378.31107,-92.33724,283.4711,482.09308,76.83486,89.15702,485.5155,-87.08623,277.46796,503.48392,73.529236,70.423325,501.4902,-90.9101,337.87943,498.10532,22.76839,126.50049,519.6513,-166.123
Snipaste_2021-11-22_17-36-29.jpg,239.6784,112.908745,-64.85363,237.34824,103.91793,-58.540554,236.99315,103.53109,-58.514748,236.7559,103.109215,-58.60036,235.77388,103.90332,-83.07256,233.90524,103.13126,-83.039986,232.04329,102.386314,-82.986435,226.74712,102.41862,-11.683062,220.39386,101.86613,-119.37336,233.86981,119.29077,-43.33918,231.09984,118.76832,-74.99483,207.78014,143.34607,74.34417,195.46013,140.03867,-167.98277,205.72993,202.27336,127.36436,195.95724,205.20761,-182.96655,213.20322,254.88803,98.62494,209.55356,261.2495,-155.37248,216.33841,268.7729,99.799,207.74231,274.7984,-173.47632,216.94371,268.91342,79.666,216.00374,274.82962,-168.18147,214.98158,265.0609,88.01796,215.07895,271.4482,-151.20523,189.56691,261.0098,73.177246,169.1483,262.92963,-72.91002,228.44418,334.26553,109.39691,121.61662,338.82236,-54.969196,258.68048,405.76746,158.74478,63.28907,402.2694,-5.906273,253.45406,420.90393,160.51668,47.00826,410.75427,-3.536738,298.368,421.24274,132.46243,75.912224,431.857,-54.513973
Snipaste_2021-11-22_17-36-50.jpg,100.72369,87.916145,-49.94751,102.98672,76.950134,-67.42227,104.468506,75.616356,-67.3827,106.04139,74.2129,-67.33652,102.27085,78.331474,-43.92876,102.80824,78.08472,-43.967766,103.31902,77.88624,-43.931946,119.5721,70.519264,-102.55804,115.40979,74.562454,6.44694,111.03476,91.34566,-59.661102,109.49359,93.18439,-28.414774,159.26949,100.93975,-136.82033,146.1805,119.57979,67.78364,177.42903,172.35075,-166.94489,166.9277,186.44908,87.10679,158.7854,240.94383,-157.89484,159.23361,247.99152,60.911007,156.9997,259.58368,-175.3907,157.23434,263.6248,62.69746,150.88522,255.9006,-176.43987,154.23994,262.83823,41.565296,152.8436,249.81921,-156.96675,156.41512,257.15164,50.392723,206.99222,230.89864,-61.216904,198.48265,234.99956,61.66418,173.50543,331.45776,-38.28792,230.31284,322.8734,77.81168,153.8614,426.82825,-7.6093183,273.02612,400.96835,116.022415,161.52705,442.27536,-6.3505845,287.24747,413.21524,117.07689,116.57935,450.6125,-46.23156,253.98518,427.72537,84.805504
Snipaste_2021-11-22_17-37-46.jpg,136.09149,95.7776,-95.752686,140.96133,82.63481,-100.783195,144.5566,80.74069,-100.84182,148.24568,78.705925,-100.974846,133.98062,86.275635,-77.23417,132.20277,86.991714,-77.23223,130.40532,87.792915,-77.08199,162.36769,77.14747,-84.9155,139.57935,87.20167,26.706593,149.62358,101.17293,-88.473595,140.1403,105.6644,-56.660583,207.25995,115.19258,-120.73758,168.59772,151.21338,121.44501,231.45119,194.84781,-155.99504,200.37227,228.2626,154.9008,197.6269,283.56708,-151.56697,197.20665,289.0512,99.50952,196.51994,305.60626,-165.06998,196.34102,305.0705,101.9931,185.9272,303.11636,-169.58441,188.27458,304.95398,77.31334,187.90111,294.75577,-150.53679,189.9657,299.58627,86.26107,257.26117,276.9488,-75.60154,216.9801,288.25723,75.70439,305.58218,400.60074,-133.42767,176.69682,385.07623,71.60424,376.8316,519.6808,-179.70087,176.97809,506.97015,112.03328,396.31122,534.5015,-189.83472,192.7977,527.6494,111.60799,356.02002,565.9305,-287.64636,123.93848,545.7792,66.47433
Snipaste_2021-11-22_17-38-38.jpg,81.36813,88.13189,-59.70688,85.27951,77.81413,-75.89766,87.03886,77.037895,-75.9362,88.88457,76.164085,-76.001465,83.86936,77.87678,-55.150703,84.31811,77.3368,-55.151005,84.70467,76.89043,-55.03476,101.74627,75.572685,-102.963974,95.28045,75.8417,-7.3019624,90.755104,94.876465,-67.10144,88.17669,95.36229,-39.732048,142.1165,113.40636,-134.92442,109.17074,136.06639,57.287952,167.11105,179.43097,-148.63211,131.54341,198.70921,88.699036,152.18213,250.65768,-130.82729,130.11093,253.37343,72.135124,154.0366,270.8989,-139.93161,129.09999,267.97354,73.82221,145.64467,269.70184,-147.17244,124.37883,267.16058,56.904907,145.54282,261.6014,-132.12274,125.340385,262.02975,62.130936,182.30994,250.86426,-53.683376,150.43152,258.07776,53.702774,231.60686,333.64764,-50.662495,134.10281,339.59393,82.29287,274.50577,414.25058,-25.396984,118.339325,417.88995,147.94757,282.85068,422.8627,-26.774632,123.65315,431.0105,151.9776,267.99637,450.9238,-86.31142,90.95974,446.0302,115.97432
Snipaste_2021-11-22_17-39-13.jpg,352.39148,167.44513,-36.770836,351.7394,157.41841,-33.70096,350.96954,156.82172,-33.725967,350.28897,156.25531,-33.845745,351.01035,158.01039,-56.597977,349.5634,157.36378,-56.589966,348.14978,156.73195,-56.597374,339.09116,154.47006,0.58620226,336.61218,154.84691,-99.58947,344.71094,172.6593,-18.9107,343.29684,172.75331,-48.256443,298.72223,189.50319,69.535904,307.3579,190.45776,-141.22844,285.0777,251.5956,106.47641,292.47986,262.29077,-125.09395,291.64032,295.39246,98.04229,297.37805,311.67474,-32.148136,292.35327,303.93518,106.77491,298.59583,321.17365,-39.55725,295.2,302.09024,95.48626,303.42627,320.35297,-31.939657,294.63107,300.279,93.009285,301.19336,318.6559,-26.417059,229.38608,282.94983,68.0633,220.36292,283.5876,-67.884186,287.20447,355.50925,105.353806,175.79001,365.07648,-47.10174,293.3357,429.62155,154.05878,113.18528,436.57297,-4.704718,285.56912,442.26407,157.82333,91.77185,440.14487,-2.3200233,328.8884,442.91406,152.88272,143.6681,477.99228,-52.88682
Snipaste_2021-11-22_17-40-11.jpg,168.70633,89.47869,-90.76559,178.72249,78.28054,-106.836494,181.8787,78.28473,-106.83413,185.15434,78.15816,-106.92836,174.904,76.96789,-79.71083,174.74171,76.04038,-79.73429,174.49442,75.19851,-79.622505,199.2789,81.68081,-123.65098,185.34285,76.29964,1.9722306,177.45526,101.21343,-93.75248,171.49844,99.60622,-58.11447,216.11107,140.2087,-164.45216,197.36322,147.60323,108.12623,264.01996,205.03763,-242.08322,222.61269,222.82216,192.05663,213.30515,278.62802,-218.61917,199.27742,276.4269,226.29836,205.03215,296.7022,-230.00034,190.90146,289.82275,227.48763,195.94278,289.8016,-222.01848,188.7819,287.12985,208.28758,203.59412,284.89685,-211.69331,192.6341,283.04248,216.31013,228.34758,332.62708,-83.22304,197.67032,328.7271,83.41172,282.09525,461.1342,-89.21376,132.90607,415.27185,131.1797,391.96286,552.9663,-62.30782,128.3325,532.30786,213.97418,416.97845,561.48596,-62.79277,145.30327,551.45386,216.48593,380.65228,602.1073,-144.99733,73.504524,577.612,185.90117
Snipaste_2021-11-22_17-40-48.jpg,119.37181,62.439125,-41.70283,129.55357,49.99128,-59.33503,132.18816,49.3526,-59.243977,134.9356,48.64743,-59.20246,127.42845,50.229126,-26.739767,128.18857,49.69718,-26.864012,128.94304,49.187958,-26.776674,153.33882,52.03966,-101.70693,145.06346,51.70036,48.26628,130.47096,74.31592,-53.913654,126.52102,74.48392,-11.3286,175.66905,118.69312,-155.22325,183.34236,130.5513,152.81339,246.06065,191.39363,-252.15894,219.43538,207.24945,187.07207,220.6982,273.4559,-212.6712,219.2794,276.4571,114.37792,217.13373,292.15942,-233.57599,218.23311,291.51324,105.77558,206.74506,287.65735,-221.85645,215.59608,289.8967,86.05688,211.96596,281.34552,-205.09462,215.94362,285.68567,100.59865,198.57738,320.9313,-101.92944,209.97604,322.52917,102.4797,69.37817,435.08838,-104.48174,260.69986,445.24374,122.21368,80.63362,571.3351,-47.228024,372.2266,551.7249,173.87488,105.20227,594.94836,-42.2843,404.7164,571.80426,175.3117,19.677979,596.5087,-64.76297,345.54004,574.5228,149.72346
Snipaste_2021-11-22_17-41-01.jpg,260.3501,31.203728,-1.3441375,258.65527,22.270622,9.078709,259.03748,22.452003,8.990709,259.55652,22.58504,8.881583,255.07106,20.72694,-14.869861,252.80405,19.71232,-14.949317,250.53276,18.704689,-14.989081,250.08713,24.825937,69.90518,238.14915,20.88061,-36.521202,255.76677,40.837635,23.530785,250.74014,38.841705,-7.40252,237.65344,91.051094,110.52506,201.1237,56.442192,-64.97275,220.89038,161.30054,163.71498,167.88414,71.81862,-205.38911,237.60616,198.84764,127.346016,200.11508,93.55725,-273.46176,243.47,208.70276,123.692635,208.6607,102.17898,-277.83914,247.25465,205.82942,107.75075,205.42787,97.09674,-271.4019,243.85493,200.53992,116.56069,200.94379,96.12001,-269.71927,211.56143,230.8549,57.79343,174.73563,223.32921,-57.684776,262.3431,342.3777,20.438587,120.837074,338.11053,-71.732994,295.60617,454.50385,-23.51863,64.961655,441.5712,-82.5304,283.14688,477.61273,-32.47488,52.037994,456.57092,-86.0916,357.37018,474.33603,-86.36916,76.6087,473.39587,-160.54033
