Snipaste_2021-11-22_16-57-54.jpg,295.57825,129.23325,-109.42065,291.65967,120.661835,-101.92133,291.13806,120.13461,-101.94652,290.80304,119.61026,-102.039375,289.62665,122.08983,-121.07551,287.45242,122.17476,-121.12973,285.269,122.262764,-121.210335,276.47485,121.70517,-57.229668,269.7067,125.809586,-139.42865,287.2191,137.94116,-91.109024,283.91995,138.93243,-115.089355,246.0306,165.14056,-3.2828364,229.35512,183.34242,-153.14268,230.32214,231.03049,47.878887,213.94867,266.07214,-110.25908,256.30215,275.39386,43.143032,251.46442,295.72668,11.825217,264.63846,284.9086,44.41315,260.28195,304.63208,9.218036,268.62268,286.16037,26.85176,263.71146,295.97598,7.364367,263.41638,284.66486,34.0966,258.6192,292.93213,13.394717,214.88013,290.77277,46.012592,187.53258,308.88535,-46.220192,306.5758,338.33066,57.50208,200.28017,396.2549,-45.569237,310.02383,406.2962,106.76487,130.14243,383.42978,62.03879,298.30112,417.36523,112.30506,121.35613,376.83417,74.52781,340.65176,436.81726,118.64384,110.09891,403.84518,93.18086
Snipaste_2021-11-22_16-58-35.jpg,274.65326,146.82524,-215.16296,284.6887,134.5589,-198.94408,289.531,136.87297,-198.85478,294.48416,139.17682,-198.82062,271.12283,127.29944,-214.37573,265.16772,123.64838,-214.34035,259.24008,120.09279,-214.46385,288.10422,142.39606,-83.928116,242.44357,117.77222,-147.36237,273.11304,161.95729,-169.29382,253.66211,151.68408,-186.93492,241.10384,192.05905,22.36527,195.66942,184.344,-173.87163,239.28368,301.0432,-3.3825898,199.93134,327.12192,-136.00429,248.8053,325.09546,-125.43506,231.84073,298.4064,-9.025601,250.82503,336.935,-140.2845,243.37697,295.95273,-7.6603127,248.97014,323.1762,-148.27232,235.04408,275.61914,-14.058101,244.98827,320.85596,-132.60556,228.38968,277.02972,-8.508581,146.56535,367.73798,79.30071,120.06001,382.25473,-78.82817,281.6181,389.91028,119.27995,269.97192,422.47314,-96.55099,208.15018,513.44116,174.34369,198.02232,545.1686,11.403479,182.27716,527.1483,180.4815,169.13042,557.31726,27.591467,229.7935,563.5035,195.92441,225.16118,596.6484,53.02447
Snipaste_2021-11-22_17-00-13.jpg,169.04462,133.09761,-224.99911,178.6328,117.07033,-233.43507,183.62401,116.230644,-233.4276,188.706,115.22273,-233.63202,169.72383,117.76991,-205.01729,167.40666,117.62368,-205.02394,164.98546,117.5787,-204.73175,207.1454,120.1454,-211.40352,177.1685,120.727554,-82.62487,185.72684,147.12256,-213.95583,172.08379,148.54399,-177.15999,250.8992,210.72124,-287.78854,214.17995,206.61292,90.55668,283.24628,349.76508,-297.22693,246.63918,326.78452,145.93814,233.419,467.16547,-222.80878,210.88202,402.79562,43.3635,227.20766,497.4925,-242.13171,199.70242,422.8062,41.10829,214.09459,487.92798,-248.08113,191.62727,418.49338,5.002858,219.9604,476.76358,-220.9465,197.12599,413.37582,25.61688,309.63647,435.86212,-116.03274,257.82288,420.9713,115.95263,380.24835,610.291,-188.5586,137.36012,470.0887,176.1212,533.8387,595.06915,-43.98424,171.66515,613.8517,247.21991,558.4126,575.9466,-25.52565,191.94165,637.5307,249.84428,549.11346,645.4051,-47.692806,126.747,658.32465,245.75519
Snipaste_2021-11-22_17-01-47.jpg,165.35397,87.68794,-74.861916,171.2765,77.5409,-94.78855,172.91042,76.90165,-94.709305,174.6647,76.199066,-94.7094,171.11646,78.18033,-67.2752,172.30841,78.05823,-67.35008,173.47379,77.99037,-67.34423,189.48076,77.23464,-134.17378,186.79471,78.66821,-6.53935,173.95348,95.47579,-87.5534,173.11029,96.35438,-50.642456,211.56557,126.70751,-173.04918,203.58292,129.701,72.22971,195.22758,194.43286,-167.10457,193.42142,191.98465,88.41145,156.23853,224.32767,-54.25385,167.61305,220.29837,7.3898005,145.77657,228.22318,-59.319084,159.4444,225.38304,0.96099627,144.75613,222.47786,-54.17857,159.60947,220.91922,-15.873852,149.20949,222.06421,-50.007103,162.20451,219.34924,-3.2340832,223.38844,251.36923,-76.49591,201.71927,246.70013,76.37912,256.22546,346.57672,-134.48314,156.68082,256.069,173.21724,326.096,332.7667,2.4189794,160.49759,345.1692,237.19377,337.2106,321.77872,20.515959,170.62674,362.9631,239.05107,334.0805,358.5472,30.921532,129.77448,369.95053,235.33566
Snipaste_2021-11-22_17-03-19.jpg,206.74376,108.10335,-207.5101,220.25041,95.183754,-207.28131,226.34315,94.74094,-207.20047,232.5231,94.244835,-207.1886,207.58128,96.13646,-181.14462,203.98111,96.353386,-181.2015,200.3473,96.611946,-181.39401,251.25145,99.90794,-158.97157,210.51315,101.90745,-44.540062,223.10925,120.30221,-185.8006,205.40805,121.23188,-152.6881,254.46342,176.86636,-218.86667,243.38394,164.75087,110.83133,242.96947,273.5021,-205.54474,216.89151,246.98068,114.96119,169.7843,312.06305,-121.33809,173.20847,301.12442,1.0059005,153.24864,323.28372,-145.86983,160.61667,315.17056,-17.022228,147.0769,311.15842,-137.62521,163.26038,310.39893,-37.590363,155.70003,307.37842,-114.7292,169.18541,306.1136,-14.440563,252.8193,342.35587,-98.870026,265.68204,330.32443,98.98385,113.26811,357.33652,-68.26887,320.7468,428.36615,106.563126,181.35591,443.80478,98.16718,428.03806,462.43045,120.20635,207.71791,455.7091,118.05455,450.36667,464.34235,122.46709,146.50648,467.2512,172.6633,429.65884,483.94238,110.78
Snipaste_2021-11-22_17-04-11.jpg,93.68511,103.04731,18.200127,97.63975,94.849174,2.6940455,98.654236,94.50524,2.767974,99.73567,94.100555,2.8152921,98.25098,94.11979,25.447063,99.52748,93.26198,25.428743,100.87963,92.402504,25.497929,112.14697,93.7919,-39.177776,112.77788,91.82823,64.32983,101.726036,109.85349,5.9111075,101.90625,109.0269,35.43579,145.63332,131.87007,-85.3888,142.78383,139.34885,116.612305,197.72069,177.4587,-87.38549,193.76567,186.11923,124.642204,222.7115,224.1988,-45.547867,218.82086,225.5379,73.55243,232.97864,233.29523,-65.99544,225.40617,236.1601,68.38065,226.046,236.2511,-65.227356,224.2222,233.31956,54.4369,222.99168,232.65117,-44.602764,221.55196,229.39474,63.790497,200.09033,252.08641,-68.85152,197.28932,253.60875,69.12172,105.439964,291.59293,-84.575615,182.51576,313.55188,87.49015,149.85838,390.42307,-27.534792,260.03513,347.99817,125.43929,169.45511,399.98587,-20.23112,275.44662,344.43192,129.02365,122.69915,430.00534,-11.889788,275.7189,377.1898,132.60548
Snipaste_2021-11-22_17-05-34.jpg,312.58957,125.201294,-151.90814,314.38855,116.10285,-150.53188,314.21463,115.53083,-150.48157,314.17822,114.99871,-150.57835,312.56635,116.42369,-164.56158,311.0927,115.73775,-164.64108,309.6201,115.07963,-164.61761,304.52063,109.345795,-119.89403,298.76068,109.22916,-177.74602,303.03232,127.567,-136.12614,301.41696,127.49159,-152.72665,275.98672,114.413795,-67.23827,253.67863,138.1099,-168.78595,279.2106,164.028,-1.5493804,252.06302,208.19627,-156.59993,273.83984,205.17313,35.306503,270.1405,245.313,-120.76585,275.54117,211.48868,31.30736,274.2636,253.50757,-144.64987,271.83987,211.19426,20.768694,281.45682,247.30008,-146.00641,268.27176,212.39932,30.760387,277.82477,244.59369,-123.40017,212.34294,174.35794,27.09482,186.491,185.31859,-27.14554,265.46646,196.06505,-8.805119,165.57724,224.73805,84.17068,244.81863,258.7639,16.595825,124.53247,259.22507,226.39307,231.97813,268.0501,19.03253,114.173874,262.23492,239.90154,265.4823,278.95364,-9.77883,136.0029,283.51968,201.51291
Snipaste_2021-11-22_17-08-06.jpg,102.242195,112.95507,-203.43742,111.10386,96.02165,-202.88419,117.63482,93.60359,-202.85207,124.234695,90.9765,-203.09875,97.01145,102.39875,-181.1837,92.69989,104.52412,-181.1385,88.3826,106.855934,-180.84373,147.62103,96.94474,-156.585,99.56566,115.52738,-51.52824,126.55654,126.569,-184.49385,107.11851,135.09625,-154.51216,216.57437,182.01796,-228.99724,143.42857,205.1072,90.501854,177.52888,315.5473,-233.48723,129.21231,303.43237,136.75128,85.68358,379.59695,-186.73311,70.44628,365.55276,-11.405754,65.20037,404.4864,-209.47787,49.28252,390.2562,-21.642853,53.8248,387.26608,-209.10397,57.5531,382.97064,-66.05214,63.377743,382.86133,-183.38593,70.08396,376.80795,-32.819065,302.81183,415.48187,-95.5323,230.079,413.50168,95.30444,345.19824,592.2624,-209.98276,65.857185,446.01285,-56.108,488.00824,524.81165,11.894728,85.45309,593.25653,44.905643,504.99698,496.9963,41.142654,109.840996,619.0775,54.68033,524.8584,577.4976,44.867794,27.122261,644.1476,35.67889
Snipaste_2021-11-22_17-09-54.jpg,183.40149,96.445,-244.70949,187.93446,89.206604,-231.00775,191.27216,89.374115,-231.05717,194.72717,89.50663,-230.97867,178.41823,88.624344,-233.70349,174.7698,88.35117,-233.7196,171.13487,88.180305,-233.78418,198.24796,94.43659,-152.22139,165.2587,92.45738,-163.76057,188.6653,106.22343,-214.32295,175.69006,105.35697,-217.42783,213.80295,141.95537,-101.54369,134.8412,133.48076,-131.81047,229.98456,201.4382,-109.12978,121.88189,193.84222,-133.86736,206.53813,231.5051,-197.73875,163.19554,229.39178,-180.83295,201.40436,246.08147,-226.82227,174.28638,245.5765,-202.77235,192.42995,240.42061,-232.57289,182.63913,235.08806,-209.25061,192.46172,235.76599,-201.90276,179.33716,230.09476,-182.59259,180.57076,229.97827,6.0655127,136.78847,229.48145,-5.968786,181.64462,254.12091,-241.8134,115.041794,302.37555,-13.845975,168.6236,322.98804,-145.93135,124.659874,264.16544,309.21738,163.58502,332.8253,-139.1241,125.96876,255.26344,342.03455,169.58508,349.70938,-223.38943,129.4562,278.66537,336.48907
Snipaste_2021-11-22_17-10-26.jpg,357.81558,141.09122,-113.864525,358.0842,131.57077,-82.739044,360.41187,132.8806,-82.69145,362.89474,134.15149,-82.73259,348.3657,127.75721,-112.064674,343.16507,125.94661,-112.02017,338.0489,124.14152,-112.05473,350.28207,139.18854,45.58469,318.00427,126.9776,-77.316,353.5155,154.87923,-64.2272,339.89453,149.62064,-100.270874,318.05148,208.85242,153.30174,277.60883,189.68318,-158.17241,327.1001,303.49472,136.07838,276.4143,299.1261,-215.046,344.8001,369.0477,19.065886,359.4157,359.46918,-199.23412,352.79675,385.44952,2.0798097,377.40646,375.0977,-227.01201,352.52155,381.91873,-18.040445,385.2757,367.7879,-217.96773,346.29053,375.6407,3.1809552,377.0021,363.89612,-192.77705,268.4338,371.79202,105.66851,261.23862,370.2876,-105.177895,212.1296,479.51645,76.4261,397.83347,412.63553,-142.06178,96.06069,506.233,137.5631,382.98862,566.03973,-69.523674,72.881584,500.52664,145.53505,359.6619,589.7298,-61.816235,85.89134,544.6821,114.626755,434.07504,612.3608,-91.35391
Snipaste_2021-11-22_17-10-54.jpg,104.288704,99.83188,34.923157,105.77641,85.10931,16.605389,107.10578,83.28429,16.698225,108.53965,81.37351,16.64318,106.52987,87.39445,44.502377,108.28204,87.31917,44.37995,110.072,87.305534,44.295418,121.34136,76.06547,-33.56885,123.51421,84.205605,98.533134,113.42386,103.39991,21.900251,113.73265,106.30783,60.382225,136.22849,121.643936,-105.797615,177.96823,133.22821,176.22165,124.72535,196.22452,-138.16443,166.99251,207.69788,210.48766,86.2411,270.6784,-98.86655,136.77293,266.9645,176.25787,77.592896,277.56012,-113.2529,132.86624,269.7504,184.75333,76.39211,275.88184,-97.24693,130.00452,267.73047,168.74162,81.17812,273.23007,-90.14573,128.84418,266.26202,166.64606,186.41617,278.04626,-84.15464,227.38379,282.95892,84.178444,75.687996,311.96848,-16.664215,299.23462,375.27048,107.43135,113.891525,423.94687,82.169716,390.3264,416.87622,113.25376,132.16608,439.49417,93.86534,406.9592,419.25052,114.44016,84.600334,452.88303,141.03772,401.28006,441.50757,109.41622
Snipaste_2021-11-22_17-12-45.jpg,194.60507,102.57681,-49.494423,203.10777,91.80327,-68.365555,205.54602,91.6452,-68.35422,208.07138,91.36007,-68.548225,201.06696,91.31101,-38.20166,201.69661,90.95609,-38.219326,202.2645,90.68736,-38.213417,224.59091,94.50225,-104.07233,215.51797,92.61988,28.562302,204.95415,113.314896,-59.885868,201.43307,112.85687,-22.092846,265.01172,156.05977,-149.00214,224.94223,152.30653,103.04394,326.33444,211.79901,-174.61082,245.21713,198.63985,169.8773,306.56555,274.6595,-161.58076,226.90633,228.25977,140.54308,305.03885,291.0069,-176.88492,219.12239,235.87556,128.71474,295.3206,283.35742,-187.30598,215.30127,233.00024,106.82199,298.28336,277.7976,-163.7016,218.04468,231.57243,127.75782,272.16165,314.65555,-75.18445,231.75606,302.5416,75.22171,342.41034,422.2345,-131.21193,150.61752,320.61584,-47.46298,450.89993,395.58298,-31.121305,152.69432,436.49423,9.439779,467.2057,380.63245,-21.221058,163.15741,457.94858,10.852638,459.8906,420.94965,-67.33529,104.2269,465.93765,-27.820156
Snipaste_2021-11-22_17-13-11.jpg,270.5855,90.76031,-47.866863,264.6253,80.334526,-42.73335,263.75146,79.97258,-42.648018,262.98416,79.576164,-42.732056,264.3898,81.187225,-67.311165,262.73563,81.29205,-67.32065,261.12424,81.393585,-67.34701,251.97322,82.39679,-1.4503452,249.58461,85.19728,-105.10325,265.5062,99.006905,-27.20839,264.4859,99.77016,-57.577484,229.11093,128.75824,71.273575,245.0969,133.83755,-154.67245,243.427,191.87767,120.990746,246.8064,208.1731,-172.86165,273.38397,217.51965,108.08828,270.50177,231.98636,-141.76004,281.22345,222.67133,106.185104,273.94946,239.18636,-154.62164,283.5216,220.0857,91.72847,278.9412,233.32509,-152.99988,279.58633,219.48657,98.25698,276.72766,231.55743,-137.75023,244.82448,260.95154,70.38566,264.7304,262.82324,-69.9333,219.94943,336.09055,131.86775,335.20175,289.77823,-11.530964,132.85143,390.16754,131.26674,362.57404,364.3416,78.870575,112.61995,394.09854,133.36154,355.06607,378.06537,89.834366,132.01733,411.78625,114.95941,401.82886,375.9461,80.435844
Snipaste_2021-11-22_17-17-27.jpg,174.79419,99.7897,-144.95837,183.79373,87.85776,-151.26503,188.03873,86.824936,-151.24883,192.39626,85.661194,-151.32825,175.94026,89.79268,-122.99208,174.10855,90.17996,-123.05921,172.17778,90.643105,-123.04712,209.54938,88.75662,-129.37776,182.7005,93.58229,4.132763,188.9687,109.44559,-134.8381,178.19682,111.74888,-96.54635,246.41841,141.96028,-174.59315,199.42815,158.88959,122.24384,290.7997,211.59427,-264.45657,216.20427,233.92264,195.55768,255.3869,255.1143,-324.0791,204.10428,274.31873,135.79372,248.16963,270.5599,-347.87134,199.0759,287.33087,131.98964,239.89746,257.94153,-355.86734,195.01945,281.55002,110.76394,244.62259,254.73993,-325.1518,197.93571,277.6309,123.09115,254.89465,317.75787,-90.42566,209.35536,316.63312,90.25633,327.24493,423.34607,-113.85296,115.67653,365.8249,-22.39628,425.3604,463.68475,-47.676125,151.38202,480.66064,32.879524,442.21826,466.37134,-44.240795,174.79716,502.65475,33.001003,430.546,500.24213,-133.63998,91.910965,515.76,-22.965765
Snipaste_2021-11-22_17-18-04.jpg,229.39835,64.54589,-215.09254,240.0669,58.901176,-233.50897,241.70146,60.02862,-233.31488,243.33499,61.030052,-233.24222,240.19147,57.432514,-206.72884,241.48616,57.41523,-206.75157,242.77193,57.557743,-206.79808,256.29315,71.32464,-264.5753,255.17708,65.96068,-144.37997,234.13087,78.86188,-225.30533,233.49963,76.96522,-190.36333,261.12076,131.27937,-303.26318,260.828,118.21942,-58.788826,167.9501,134.38295,-348.9239,185.14607,133.03334,-19.919891,88.19163,119.08296,-366.9246,112.54807,131.03159,-34.831123,67.67299,113.64662,-418.50735,93.74765,121.714966,-32.583477,67.42213,106.351875,-410.47986,96.14753,121.96458,-61.171722,77.35065,110.461555,-369.36472,102.30827,128.8941,-48.297894,333.69693,269.10953,-76.40416,308.0863,256.48975,76.63839,373.4478,377.52124,-105.38044,214.86716,307.88406,54.45269,490.98712,364.84457,-1.2956918,259.17456,405.37308,159.56613,506.5416,350.4643,9.4650755,278.43124,415.20084,165.89417,517.0411,398.9547,-31.483519,234.78476,447.73447,162.95956
Snipaste_2021-11-22_17-18-31.jpg,156.86958,104.858505,14.344956,157.4046,95.81022,-4.3197837,158.30055,95.29842,-4.339544,159.24681,94.70837,-4.4124794,157.8566,95.26787,17.552847,159.05295,94.4876,17.478287,160.28542,93.72398,17.481382,168.67543,93.67673,-54.426125,169.11539,92.362946,43.949512,163.9013,111.15591,-0.73247945,164.32999,110.82966,27.564644,187.23358,132.68298,-111.57565,211.0916,124.484085,99.72774,193.67975,194.12889,-98.379,226.11842,179.70186,111.33192,186.94716,219.85754,4.4655943,209.51143,212.44551,55.556854,183.92172,225.1835,-1.9982975,204.3979,218.5223,54.617813,182.05592,219.6236,4.1732926,202.86595,216.81158,38.542194,184.373,217.98817,8.65946,203.3939,215.42874,47.16796,256.33105,231.69977,-66.7305,249.07927,225.93573,66.67913,318.29086,300.31146,-109.69342,171.95407,255.12732,68.61061,413.6275,299.14578,-64.19298,194.03917,329.40866,113.5255,425.774,290.88098,-58.757095,207.64133,341.08658,114.08687,432.00336,321.96765,-93.05347,169.10603,350.3829,102.93528
Snipaste_2021-11-22_17-18-53.jpg,387.49292,110.262054,-207.45193,393.4016,102.749565,-192.77217,396.7726,104.32327,-192.76619,400.29434,105.91147,-192.90193,383.04303,98.11704,-205.45848,378.64648,95.96084,-205.47209,374.20233,93.8411,-205.56978,394.5157,111.113365,-100.42606,360.94598,95.794945,-154.37828,386.04456,123.428055,-170.73473,371.5943,116.99496,-186.29033,364.07422,162.78752,11.828817,320.6356,152.82903,-178.9225,366.48825,243.77629,10.285629,323.64502,256.12665,-127.10052,360.46707,281.02054,-63.17775,352.32974,274.1317,-23.938904,359.5305,295.4497,-72.47729,359.09674,280.7859,-28.387724,353.26883,288.12097,-80.1916,361.83652,271.34116,-28.94342,351.1779,284.50403,-68.79413,357.92596,270.52142,-21.619831,292.64972,279.47794,71.96917,250.62537,284.8574,-72.04192,365.85788,321.17505,99.0117,213.94545,396.24878,-109.82509,326.78888,372.41147,133.3862,103.66102,339.58463,-14.378088,309.17273,377.39734,135.44948,89.42215,321.53284,-1.2888714,347.29993,418.30185,138.80869,66.29203,368.83914,4.796964
Snipaste_2021-11-22_17-19-43.jpg,264.57492,94.90835,-50.405632,261.0355,84.93905,-45.6643,260.1098,84.438225,-45.59237,259.25775,83.89181,-45.707058,261.05576,86.19293,-69.777885,259.5909,86.32794,-69.79205,258.064,86.48869,-69.91917,249.26974,88.426506,-9.144492,247.7314,91.33566,-117.402855,259.89563,105.63824,-32.594795,258.6784,106.7174,-64.26604,216.05347,143.51193,74.521255,243.75688,149.95116,-192.569,234.24774,222.99255,97.1086,278.62448,229.65913,-202.45178,264.8736,281.09448,62.65061,327.4165,294.5214,-145.18611,274.5624,292.4302,59.75634,337.74118,312.86578,-165.41898,276.24823,293.1371,39.709595,345.58383,306.40045,-160.64844,273.10504,291.03052,52.059128,338.11093,303.01462,-140.48373,238.5962,296.83475,82.31006,243.663,308.02438,-82.28524,258.9218,373.29755,135.02867,247.77917,428.60837,-121.61674,241.63617,441.96,183.47983,113.04156,448.81595,-48.223057,232.19057,454.2191,184.25041,90.73538,441.53268,-41.246883,268.43475,470.06317,157.00934,93.62185,494.775,-59.710243
Snipaste_2021-11-22_17-21-08.jpg,169.13156,86.95588,-122.22896,176.4658,75.52632,-127.44418,180.13777,74.690216,-127.369316,183.90675,73.81036,-127.40095,169.21498,77.40618,-106.30403,166.87106,77.941505,-106.237045,164.5159,78.5458,-106.1866,193.78952,77.720634,-102.103,171.39464,82.41641,-4.355654,179.1979,95.28355,-108.76334,168.53365,97.380424,-80.37128,187.28137,135.02998,-138.79507,208.36165,135.0017,117.63283,174.77647,227.29099,-155.8208,199.05997,194.18906,162.94206,135.2167,290.7357,-110.87811,152.34132,159.79247,150.0628,128.1404,303.711,-127.23737,143.51125,144.86035,145.50186,123.827194,299.5874,-120.886955,133.38087,139.42007,137.516,129.01295,296.80878,-105.192986,139.24278,146.98167,142.71313,210.01312,302.0191,-77.867256,233.22386,294.32437,77.90438,93.97135,359.12753,-62.217285,266.25598,368.57288,119.26174,125.4558,467.1199,13.675848,354.41556,414.75278,149.72485,143.57762,484.49307,24.281033,371.7249,419.1272,154.05237,89.81765,492.22864,27.737856,364.03824,435.69336,139.03989
Snipaste_2021-11-22_17-23-16.jpg,344.01096,126.747696,-71.59534,349.63138,116.64155,-52.45984,351.55597,118.14607,-52.43613,353.59186,119.65632,-52.49169,342.13174,110.69926,-73.0116,338.1496,107.55001,-72.93159,334.1879,104.47535,-73.0317,342.70706,118.456726,60.026943,318.00275,99.307434,-33.81298,337.10385,136.44566,-26.649935,327.13577,128.54741,-53.63251,300.74774,167.6862,163.21278,282.80072,134.46823,-86.64858,355.2212,221.01245,188.25284,364.50058,189.33447,-134.16412,430.11276,210.9582,119.49513,440.4795,185.0283,-103.83582,448.5006,201.6308,109.98236,460.63846,179.53697,-128.30719,452.64853,194.80098,86.79089,454.94125,168.58287,-117.31021,444.31683,198.61305,106.22685,448.91867,173.03564,-98.626785,219.40155,308.07144,85.45388,216.44339,295.89426,-85.098076,184.46408,412.9745,82.85669,334.4114,347.30963,-99.2328,76.396194,463.29,134.90384,340.5171,479.33624,-48.21147,52.67193,461.7996,139.99864,319.3525,500.10776,-42.301346,64.2078,497.66586,93.17453,393.01007,513.3337,-70.65965
Snipaste_2021-11-22_17-24-50.jpg,413.03635,141.87328,-116.10559,413.01657,126.519714,-96.5553,414.19217,127.239235,-96.5171,415.50238,127.926704,-96.70426,406.7424,123.349365,-128.68716,402.09406,121.29309,-128.76428,397.52023,119.2333,-128.81587,398.59882,129.35426,0.788072,373.97308,118.56768,-135.10913,403.46225,154.27173,-74.116905,393.26724,149.35428,-114.62729,355.20206,195.62427,97.56467,330.4946,184.49283,-218.99786,386.4043,302.0633,92.94534,372.78766,310.08664,-265.1617,425.818,363.75613,43.02072,454.69058,392.22495,-218.52249,437.80118,377.3835,43.1525,471.27734,416.80844,-248.37706,441.0842,372.07953,21.33022,482.11154,407.70724,-241.87073,432.23053,368.20306,28.263144,473.5663,401.54694,-212.47713,313.67923,394.67294,91.96296,314.55026,399.6962,-91.101776,234.7099,493.18936,139.89728,417.23462,466.27255,-55.698177,98.677086,525.7405,208.57993,395.5667,608.41174,100.533424,72.18961,521.3053,219.10516,369.97876,625.8581,116.04686,83.10696,558.69946,176.17812,447.5126,659.5097,82.94977
Snipaste_2021-11-22_17-33-04.jpg,128.90892,85.653145,0.55133635,131.36803,72.29057,-19.667112,133.1619,70.97197,-19.658983,135.06987,69.54604,-19.845955,130.359,73.395355,9.058654,131.26117,73.15398,9.057689,132.15187,72.969955,9.239598,146.70833,66.17293,-59.03389,141.12624,70.40832,76.06493,136.89487,91.54266,-9.749036,135.79723,93.18291,28.800995,180.34789,108.61489,-143.76103,162.38623,127.403725,174.49582,223.88246,160.78937,-272.34387,171.85272,203.0947,226.46527,241.63509,234.2802,-374.25266,161.24875,260.71548,168.91048,254.04718,249.31032,-412.78616,158.02122,272.4079,176.40422,244.75192,251.22023,-412.31342,154.44968,267.9027,146.42575,240.59822,246.85991,-375.2658,152.85175,263.2331,154.6121,218.64346,273.60245,-98.47112,189.79929,272.8888,98.40706,288.96973,378.3662,-163.10208,106.301445,313.9552,58.695065,411.2982,407.16907,-121.05508,119.24861,408.14148,170.13297,428.80597,402.97046,-118.61192,137.22559,424.14206,175.95554,428.68668,446.25095,-190.47617,70.04939,445.56506,158.70811
Snipaste_2021-11-22_17-33-46.jpg,378.014,156.7545,-6.623905,383.06082,142.5429,-0.53803855,382.59607,142.15306,-0.57777315,382.29736,141.73038,-0.7812032,381.9497,139.7782,-29.587866,380.40417,136.72545,-29.607468,378.784,133.66344,-29.581974,369.56866,133.81772,58.41419,364.66177,124.05618,-70.90584,364.16156,162.84485,20.10139,362.3967,158.09772,-17.621515,320.83948,181.84953,151.83414,306.32465,156.4257,-146.04831,268.80072,251.31395,208.89606,263.7579,234.83434,-224.7816,246.03313,327.87698,188.15245,242.47449,318.35495,-252.08656,243.04735,350.915,194.37741,229.92183,338.8666,-279.23,238.91823,352.58615,174.31471,237.8509,341.27106,-270.47537,239.0846,343.92288,177.0739,239.82182,334.88422,-248.73509,276.39236,355.48856,95.4638,244.27655,357.98096,-94.943,375.0238,402.70853,99.27068,219.66364,499.5467,-133.08302,337.03433,498.52484,145.86482,81.784035,521.779,-49.60392,310.25775,513.06244,146.77637,56.986507,513.62964,-41.401573,379.49695,550.17615,138.36281,54.24175,576.8406,-74.67821
Snipaste_2021-11-22_17-34-11.jpg,420.55396,128.85806,-187.03612,424.7683,120.46976,-160.62256,428.80948,122.40912,-160.61218,433.03168,124.27267,-160.67575,411.61328,116.25286,-182.35251,405.69547,114.630165,-182.31577,399.71533,113.13137,-182.46452,427.7594,135.2715,-10.757187,383.8771,120.85559,-112.91362,422.6233,147.8944,-131.31104,404.00626,142.21051,-161.1822,411.47952,220.06143,123.36129,349.7561,195.93706,-159.75797,397.1144,319.54605,160.05826,272.3637,270.4032,-252.01608,428.64777,391.337,67.828354,343.77496,347.39066,-312.40506,443.37747,410.4406,74.35425,359.0546,375.01132,-333.7333,441.7289,410.90057,52.852123,376.895,367.3952,-322.1079,434.3061,405.6826,57.200165,369.1496,363.5234,-300.1125,396.24576,430.66342,106.01566,345.2514,434.7146,-105.892784,487.45728,480.11572,183.42757,289.36096,558.846,-227.87636,489.1653,572.9012,276.5551,117.53672,571.193,-231.88927,471.28604,598.26904,278.00043,88.04399,565.2384,-232.03328,559.2044,600.12866,251.03093,84.78304,611.32477,-300.34232
Snipaste_2021-11-22_17-34-31.jpg,299.5879,78.76802,-95.544426,293.94342,71.84884,-85.415504,293.9893,72.06028,-85.4296,294.21817,72.22681,-85.53953,290.79895,72.07078,-111.18659,288.27902,72.08846,-111.23177,285.67538,72.14616,-111.35099,286.96716,79.34185,-20.865683,273.95657,79.19722,-133.03322,298.5951,91.60207,-69.2042,293.93137,91.691574,-102.12987,288.49393,149.40895,76.40828,253.01083,137.97655,-211.60442,305.6531,221.04205,113.65715,280.81967,215.79932,-193.30547,324.8338,266.78833,46.175583,320.3064,270.0794,-130.45135,332.11484,277.44418,39.619358,329.6803,284.22675,-148.42058,328.31152,274.8421,19.463747,332.49738,278.35242,-156.40344,323.49542,272.5319,35.511497,327.65265,276.86774,-130.56927,263.29553,290.9534,93.724365,224.16211,294.64633,-93.33885,345.9294,315.07983,147.58711,197.15623,416.28107,-140.06572,299.21564,398.76788,187.52556,98.18463,396.52338,-21.616625,281.3497,410.2018,187.03146,84.758125,380.29614,-10.720463,322.29578,441.21234,166.20819,81.90564,439.91504,-53.13955
Snipaste_2021-11-22_17-35-19.jpg,379.8614,106.437965,-24.102718,390.60742,111.147514,-49.709934,390.82385,112.51611,-49.67808,391.12543,113.93419,-49.753147,391.5492,112.39524,-20.398565,392.24463,114.2597,-20.47088,392.9046,116.119514,-20.395992,388.88397,127.92116,-116.43978,391.25446,129.66069,16.759054,369.49365,113.88145,-44.464966,370.1007,114.62637,-6.3339915,330.2911,149.30327,-179.90596,338.96573,162.60802,106.20882,249.4041,173.19656,-178.17911,268.8608,185.38094,119.69194,206.18782,147.26254,-67.57415,222.09824,158.69159,34.810287,196.13153,141.26245,-73.3717,212.02933,151.4286,27.152819,204.1893,139.84074,-71.88925,214.87634,148.02583,8.946992,208.57687,144.04976,-64.98748,217.91193,148.4165,22.770737,194.2327,191.82472,-87.90234,205.22563,182.81934,87.731476,95.70887,233.56221,-91.65026,171.63113,124.479095,153.41345,58.93727,323.94318,-19.855755,75.43988,108.2239,220.11694,61.93965,340.30884,-14.001664,54.521744,118.80139,220.61284,23.201355,321.71936,-54.45285,53.23358,58.62491,214.01254
Snipaste_2021-11-22_17-35-44.jpg,142.28357,81.345276,-94.47039,148.21959,66.1096,-97.628914,152.69101,64.68576,-97.58596,157.25806,63.149586,-97.72454,138.9499,68.59806,-76.00381,136.49614,68.940605,-75.99215,134.0093,69.348145,-75.840065,171.9925,64.50656,-76.01642,141.5304,70.67617,30.120777,157.24805,90.632614,-85.214935,144.29356,93.73051,-54.61762,181.84334,125.74139,-146.01306,181.81335,135.64252,137.73286,116.48662,222.26802,-133.1034,152.30608,216.95767,191.10277,88.99427,260.2875,14.1927395,105.433334,239.87508,131.19652,79.4423,267.00342,18.555418,90.515656,244.22662,130.79007,83.95477,255.7888,14.284208,89.04695,236.41243,121.54128,87.5847,255.98451,16.55197,94.05628,236.18695,123.702156,195.31458,333.17337,-93.60698,170.61885,332.9421,93.47746,257.62848,464.39136,-150.09789,98.77128,367.956,179.9847,408.76248,465.00876,-55.424232,113.22954,480.24765,278.29877,431.12213,457.03894,-41.992935,130.3892,504.74768,280.5569,434.79648,502.51465,-73.831924,63.198658,510.5608,259.84
Snipaste_2021-11-22_17-36-07.jpg,117.49906,84.65642,20.112713,121.9151,73.487885,8.4102335,123.92377,72.381386,8.439296,126.05438,71.23047,8.347934,120.56222,75.54773,33.556725,121.45343,75.98019,33.41867,122.3607,76.51975,33.301777,140.73357,71.502396,-20.474295,135.19957,78.302605,94.81206,128.55602,90.85354,9.569185,126.197845,93.4001,43.4983,169.4965,119.69902,-95.93146,167.80283,138.5766,142.55095,114.95555,171.81337,-125.63549,127.91299,206.14165,155.51395,39.620228,159.93976,-74.31181,88.59881,262.09732,101.05846,14.433472,152.12935,-82.51676,74.4556,272.2205,102.162735,22.963446,144.47992,-76.08313,82.99039,266.7662,89.724594,33.40113,149.85812,-67.99619,88.33464,262.4542,90.3132,189.35687,253.67912,-69.55201,202.8845,255.84393,69.741875,73.01,253.9242,-44.75073,280.8726,353.61218,39.595097,89.95228,360.3606,14.462053,380.66663,331.45914,43.898666,103.45202,375.3525,21.827261,387.43777,313.8839,44.336197,49.748684,395.49612,20.229673,422.86136,369.60995,1.5129391
Snipaste_2021-11-22_17-36-23.jpg,295.9505,113.41801,-13.691361,294.95682,103.74241,-8.544123,294.25168,103.25494,-8.465049,293.62665,102.76725,-8.511488,294.15173,103.66762,-32.198822,292.7578,102.79286,-32.21141,291.3044,101.93479,-32.359802,282.4173,100.23828,38.509907,278.9243,99.3913,-67.317085,288.12915,118.49712,7.253374,286.67175,117.97681,-23.774271,254.31296,134.36426,109.085434,247.50656,134.31432,-126.613045,255.52121,189.2674,117.34017,255.20442,196.67778,-106.233,281.06982,217.8485,37.712585,284.58975,216.50186,-25.765793,290.50107,225.70573,26.015755,293.859,222.17955,-32.688416,291.44424,222.44205,15.154382,295.3468,215.61572,-38.186386,286.46667,221.0948,29.013313,290.16595,215.0621,-23.91618,226.73514,240.24104,69.20651,206.27077,247.06416,-69.032845,280.724,254.90541,108.17298,179.91129,336.41324,-133.2707,269.05408,318.44424,117.14492,97.39539,304.50293,-134.45668,257.07346,332.09082,111.541664,86.40145,289.6078,-133.7667,295.51886,342.92206,101.08345,75.59841,334.94217,-161.63419
Snipaste_2021-11-22_17-36-43.jpg,104.98714,87.66315,-64.21264,107.25055,77.334305,-80.914894,108.51275,76.04144,-80.89933,109.8304,74.68954,-80.8946,107.292015,79.096504,-59.45695,108.353745,79.182915,-59.43355,109.41736,79.29417,-59.539047,123.809265,70.70527,-113.75973,122.45266,76.87876,-15.742479,115.21919,90.83582,-72.35803,114.918846,93.29044,-43.88064,167.9279,108.97837,-150.41136,149.0207,115.86585,52.69188,191.5136,178.84782,-128.80931,156.53181,180.66582,73.96635,143.12598,218.34178,-74.75662,132.04202,226.11119,19.157587,131.82664,228.35033,-90.395905,126.05966,236.52663,8.998,126.68773,220.06099,-90.88465,124.74501,231.2677,-6.2656226,131.28496,216.3849,-72.74645,128.61789,226.71213,8.607357,200.07646,220.69496,-71.30234,195.46255,216.89156,71.44007,120.548965,243.92906,-69.956375,217.87276,279.16995,119.49015,167.13394,326.39133,11.045685,293.16644,288.71146,159.31898,187.00786,335.8752,21.070162,307.8635,283.8828,164.71823,134.69777,358.10052,30.033003,300.88443,310.27213,162.4371
Snipaste_2021-11-22_17-37-53.jpg,139.29044,101.10534,-91.723335,143.68622,87.85806,-117.54792,145.41652,86.52715,-117.49194,147.24942,85.07944,-117.44447,144.09222,88.41113,-90.863266,145.76451,87.74289,-90.94695,147.36412,87.154,-90.85161,165.10518,83.135025,-165.26791,163.98912,85.219986,-44.44072,151.43964,109.181145,-105.86784,151.66875,110.13301,-71.491516,214.89542,135.00533,-207.82307,195.74419,152.88762,43.34491,238.85193,225.9109,-214.27438,223.23029,241.21834,59.637516,239.78447,320.4172,-205.30617,218.362,318.09985,73.0317,246.61214,341.662,-233.80156,215.0609,337.84747,85.68049,233.66998,347.61536,-234.74992,215.70148,337.40988,70.609886,231.56795,340.85135,-206.11223,217.8528,329.75568,66.40757,271.81583,286.694,-75.80624,237.31848,285.15128,75.98324,278.04602,406.06583,-95.60299,140.39543,333.4814,167.59154,380.15292,422.21927,-19.506067,191.26825,409.83917,176.1361,395.24973,414.0319,-10.827101,212.3287,417.85242,173.81271,393.61795,467.5331,-29.059484,167.60136,454.1674,177.15947
Snipaste_2021-11-22_17-39-01.jpg,309.7669,80.85046,-22.402008,307.23843,71.18006,-20.03907,306.29443,70.62938,-19.985973,305.44394,70.07025,-20.038588,307.0264,71.762215,-41.69907,305.80246,71.32877,-41.693718,304.54974,70.910164,-41.837196,294.3919,69.77798,11.578217,292.99323,70.98357,-85.50626,303.04944,87.79386,-6.228388,302.24283,88.05667,-34.59905,264.2388,109.18841,86.84858,270.24722,113.18756,-138.15112,278.71033,158.6276,146.79413,286.47226,174.06725,-134.67719,313.16754,186.00648,133.92737,321.42154,216.14067,-94.55053,320.71387,191.52454,138.21928,328.12927,226.70822,-110.9036,323.71658,188.73027,120.04253,333.66306,221.57262,-111.15829,320.7355,188.84521,125.61732,329.60754,219.22127,-91.90614,240.45288,220.75221,70.220726,228.03773,231.44594,-70.16244,304.63718,248.12233,127.00623,210.1285,318.50046,-107.93945,292.85364,300.63647,189.5348,117.46118,322.18735,-47.656483,281.30252,310.34076,193.68225,104.35021,314.41418,-41.638893,320.18524,327.42572,190.92474,98.27525,357.07047,-64.39377
Snipaste_2021-11-22_17-40-02.jpg,125.531456,86.4538,-58.468094,132.1664,73.6817,-84.89785,134.50182,73.02782,-84.853035,136.93997,72.27507,-84.942535,131.1372,73.52977,-53.115906,132.27821,73.01651,-53.121876,133.40735,72.56293,-53.025238,153.94133,74.67906,-143.3676,147.9066,74.40477,0.5632602,136.47191,97.489716,-76.78241,134.19495,97.718185,-35.76445,180.02234,139.48761,-204.22026,177.74245,135.20853,91.02131,203.94867,222.79202,-221.7394,208.80966,204.76787,107.18491,176.6924,286.6946,-161.78127,196.54543,267.55505,45.665485,167.97156,299.7917,-181.70557,189.91019,281.76846,46.185802,165.56023,293.068,-177.4357,189.46262,280.31537,21.306711,170.9437,290.2005,-158.29555,191.89124,275.89456,33.723324,209.02461,313.3654,-93.619156,182.81657,303.75687,93.68929,269.3416,418.11453,-140.84245,100.456474,289.38458,239.1632,392.93402,421.2071,-69.119484,127.521736,411.63553,296.87936,408.97046,411.48398,-59.817223,146.21867,437.43723,295.54758,414.9417,459.70038,-80.10145,76.62928,447.4452,322.66678
Snipaste_2021-11-22_17-40-39.jpg,192.62024,112.25217,-29.11347,202.89427,98.66785,-53.980164,205.9924,98.01668,-53.85351,209.22858,97.33524,-53.84934,200.97247,99.2716,-13.025725,202.52016,99.19502,-13.169764,204.08968,99.18859,-13.208897,230.71095,101.0998,-117.56558,221.73238,102.71311,68.70975,205.44981,124.579666,-50.28216,202.4294,125.53962,3.734849,260.93668,172.04623,-197.35777,254.62903,179.81389,171.25305,289.97433,264.18417,-284.93036,274.92032,261.61685,218.26729,239.89734,336.86215,-236.76294,259.54288,330.03802,131.90955,229.3649,352.19043,-256.31668,254.6084,341.6941,119.388145,224.25131,344.73688,-247.67729,254.86946,339.44653,98.74143,231.484,340.31763,-227.12871,256.91376,335.8147,114.23749,233.50444,370.8664,-108.867676,241.72234,370.0599,108.916,84.596985,398.67755,-95.147514,276.0046,513.76135,67.64851,124.91623,540.2406,19.603106,411.63275,525.4525,188.01033,150.02693,564.70435,29.229391,436.16083,517.99414,198.71875,64.93623,573.95953,1.0162375,429.6184,566.4586,176.3963
Snipaste_2021-11-22_17-41-07.jpg,278.5247,95.74673,17.9765,273.87103,84.92612,34.11689,273.00412,84.56314,34.142166,272.28485,84.15708,34.062973,271.91617,84.8035,2.3462539,269.30972,83.984344,2.2860682,266.61188,83.24867,2.193271,258.93222,86.255005,103.480255,250.84009,86.08981,-34.185497,272.0523,106.42031,45.600315,268.2267,105.761116,5.577971,245.17807,144.8422,190.34848,225.76361,135.50789,-152.47313,251.6091,214.48918,254.32495,236.76611,192.42662,-253.43077,282.15173,262.71875,198.66406,272.95572,239.56349,-277.32465,295.58932,278.06354,193.13596,277.8898,256.53326,-291.71527,290.37567,280.08392,178.86652,284.039,256.87946,-293.979,283.6105,276.01852,188.36252,277.41785,253.46025,-275.5962,258.20007,305.93317,101.61231,229.7806,311.1922,-101.43791,339.25052,347.20468,153.07622,202.93129,418.28635,-166.51645,326.91437,440.12497,220.05876,76.96922,429.91577,-122.49313,308.13202,460.162,218.19984,51.513786,421.22806,-118.68957,382.2441,476.5194,204.11584,72.107254,475.87238,-161.82872
