image_001.jpg,452.30377,153.67451,32.112843,462.99487,147.45688,37.378334,463.55212,145.61104,37.409653,464.13394,143.86736,37.27525,462.4925,148.74506,13.654343,462.968,147.53789,13.6958275,463.38223,146.36174,13.682918,464.23145,129.03177,63.913948,462.91028,133.10797,-40.50487,444.82324,145.71515,46.34151,444.5489,146.86859,16.072918,417.64603,91.05941,114.01369,425.14813,128.19978,-89.503586,406.4792,147.16089,154.33267,413.3406,198.23119,-95.3494,432.23355,195.08904,129.22957,446.47592,224.06593,-21.73523,443.9063,206.32768,131.65176,459.0458,231.96585,-36.958393,445.40717,206.65056,114.83958,460.67612,224.74104,-33.717182,440.58566,203.69778,121.21384,453.84067,219.90665,-18.41369,270.8212,85.53027,61.43007,269.32974,102.601456,-61.33822,166.6956,105.61011,79.279045,165.0512,120.132195,-22.415367,73.6539,116.045586,118.03598,62.910633,121.73175,12.57695,56.01486,107.618774,120.00295,43.611378,111.62829,12.153803,64.515625,153.99582,88.871185,54.390118,158.58388,-25.871536
image_002.jpg,390.69006,208.25879,-25.93348,404.0359,204.75586,-18.830647,405.16208,203.27808,-18.773659,406.26297,201.96703,-18.9481,403.02228,204.1317,-48.535755,404.10815,201.97275,-48.525543,405.0559,199.79166,-48.499664,412.42773,186.01778,24.842888,410.70398,182.20119,-105.63797,386.80777,197.40416,-5.294414,386.6438,196.87395,-43.379307,379.09705,152.11029,67.98941,385.6661,150.91557,-151.97356,402.6714,207.67969,108.581375,419.3789,234.07097,-219.16869,461.77478,241.58795,43.161507,493.41678,256.95966,-211.76013,480.745,249.3448,33.17831,512.7489,266.21976,-253.16669,483.35953,249.2668,14.849598,518.6107,256.39478,-247.9631,477.67996,245.90932,30.414803,509.9908,252.52698,-212.01248,209.93604,123.83522,56.94378,210.2125,117.40131,-56.591335,98.446434,139.0592,107.36667,147.67137,143.33247,38.77261,2.2062778,152.76636,195.73607,77.5303,162.13026,137.08923,-13.624782,148.34215,203.69012,63.07107,155.70897,144.74353,-18.426668,177.01744,161.32375,73.35491,189.18533,108.9605
image_003.jpg,539.5756,239.48152,23.406021,552.4388,234.62393,29.740337,551.9894,233.4759,29.56654,551.5999,232.45567,29.202408,554.1889,234.46632,-0.54560506,555.54156,232.46434,-0.5461321,556.8188,230.44221,-0.48972026,548.4209,215.56181,77.57476,555.4105,213.27928,-56.409504,527.34955,230.47644,47.3661,530.21313,228.54904,8.27123,469.47162,171.95543,152.9444,498.6149,196.14471,-125.55989,423.24097,224.742,217.95241,440.90454,278.2681,-107.46429,476.0691,244.18312,241.75436,496.76334,269.36258,46.76521,489.64172,252.4122,253.75777,512.74884,275.4297,36.122643,496.64777,252.05806,248.31099,516.37933,259.3266,24.221415,492.62384,247.54137,237.5318,506.5889,255.53893,43.986153,273.84106,157.2221,88.71554,277.85666,170.24057,-88.25284,124.26651,212.92102,82.37508,126.67491,227.19263,-57.285767,-10.669682,223.3465,134.45024,-16.465563,254.5761,-1.2596288,-33.891315,213.21367,139.28535,-41.582977,246.32738,3.575878,-28.663067,271.3188,115.62441,-29.589808,305.2203,-29.169413
image_005.jpg,107.28106,86.72997,-249.9809,112.774605,72.56507,-252.16093,117.41192,70.62466,-252.12894,122.01738,68.67847,-252.1274,101.70268,76.24261,-243.1952,98.08809,77.038635,-243.20367,94.5712,77.93511,-243.28938,133.11414,62.335907,-222.84566,96.09358,75.09696,-187.86119,120.68895,89.348595,-236.24692,107.489426,94.02776,-226.07645,189.8663,66.610954,-183.1678,103.11813,84.05482,-128.49965,258.5252,73.24286,-166.07611,93.87776,99.60947,-22.585169,253.69823,128.15764,-168.96689,89.85815,134.82051,3.10969,257.35895,140.48253,-188.91037,80.60974,142.79446,-3.459612,239.13457,141.44092,-188.73999,84.66439,141.59282,-16.756308,234.6908,136.44804,-169.965,92.31653,137.88022,-2.4576533,236.69978,78.85688,-30.707357,204.72026,88.359314,30.901655,251.50044,90.76174,142.39014,215.55182,88.36883,200.45078,255.73277,77.50338,322.56464,230.00075,77.95468,361.4306,261.55936,70.900276,342.1863,236.037,71.81572,379.65668,240.75491,97.1578,336.51285,221.50572,95.66336,380.3247
image_007.jpg,45.446815,94.67672,-268.08246,40.156532,85.1585,-281.85724,42.13232,82.50822,-281.96402,44.18197,79.87232,-282.18573,34.881294,88.24353,-263.73984,33.1538,87.954094,-263.6083,31.522852,87.7224,-263.68588,52.849625,61.172653,-298.55392,34.76026,69.890335,-219.4223,59.137123,82.80799,-269.97473,54.020176,87.56282,-246.83754,145.20325,30.051636,-269.41107,55.03504,17.916677,-175.2644,254.7741,53.876858,-256.59567,67.46496,17.725523,-46.838394,245.13242,125.54529,-259.3203,49.59622,62.697582,1.6541516,251.07529,141.24434,-294.89725,37.002,66.38333,-2.6072748,229.50305,141.63359,-292.9624,38.721935,76.98931,-22.446568,221.59862,134.5904,-258.9901,46.588844,74.53342,-6.1090026,221.81216,27.041803,-43.280476,182.44623,17.72172,43.68085,239.47174,46.215927,147.48752,199.583,35.311443,237.31612,252.89748,43.525238,353.07733,224.60957,35.76237,440.24664,261.70087,35.62951,373.62708,234.37787,30.74127,460.89233,236.76169,69.15252,372.26248,212.40804,59.344574,469.11884
image_009.jpg,426.12534,218.48671,-241.71864,435.0539,202.35013,-233.609,436.14215,200.33871,-233.65784,437.23303,198.56448,-233.7393,428.98212,203.11304,-258.08994,425.80493,200.90254,-258.05872,422.58466,198.75746,-258.11554,424.6595,178.56952,-168.66998,405.27667,179.34692,-272.30258,411.86243,213.31879,-211.86485,405.7909,212.8807,-241.48427,376.0923,150.54935,-101.727776,309.8618,160.2343,-244.89932,338.26562,158.2732,44.181232,206.8569,163.06454,-201.14299,348.7998,214.61761,104.12833,223.91034,246.98544,-126.09013,364.10117,220.19363,107.774315,228.08926,267.79785,-143.81375,362.50906,228.66783,89.37803,247.0196,262.31586,-140.0329,351.22742,226.96806,98.30828,246.67635,254.79666,-124.44469,218.89862,145.19858,57.258804,183.70503,147.1384,-57.065235,137.30989,150.70056,186.83519,96.26529,153.1742,99.870705,77.297005,142.51729,358.42584,33.44391,146.77252,255.27095,63.34159,128.2386,378.09875,20.51088,136.01451,271.44946,70.50748,186.31133,400.1736,27.779007,188.44458,268.53598
image_010.jpg,174.56976,168.11064,-42.281315,163.84032,162.14897,-63.130737,163.23251,160.04265,-63.156063,162.61967,157.84131,-63.174557,164.48677,163.40082,-41.274414,164.26732,162.76225,-41.218166,164.1198,162.15619,-41.215168,163.29703,143.0528,-110.53096,164.22064,148.67215,-7.2904043,181.86775,158.77963,-54.5124,182.6331,161.34079,-24.600504,209.62767,123.17165,-143.0775,210.50098,125.23901,49.743874,276.34595,147.31985,-180.99745,264.55826,140.30771,135.0941,247.93434,199.69838,-177.2143,237.84329,181.50113,209.1934,239.54265,215.30664,-188.12741,227.187,187.7022,219.78586,227.1433,210.77843,-179.36263,220.96667,194.82072,205.24353,231.8287,205.12848,-172.22018,226.8683,191.4528,202.55533,373.9162,158.62321,-64.25759,369.59668,158.87225,64.40352,490.10068,179.08447,-4.805865,472.38394,170.14162,123.58349,594.8534,164.67404,65.299484,563.8106,166.0524,209.25032,613.3214,151.496,71.162575,581.8446,156.15018,216.14787,613.74963,196.8614,32.655033,580.3283,200.06274,188.69203
image_011.jpg,242.68332,458.98996,-958.4993,263.4364,416.17084,-955.05695,280.9433,413.96545,-955.1802,298.47974,411.5576,-955.28125,215.28535,418.10318,-953.06024,197.5465,416.96255,-952.9975,179.88947,416.0607,-952.96985,326.17178,405.1747,-793.75854,161.55502,415.55457,-801.14996,277.61493,484.9911,-889.49023,219.73982,486.66486,-891.42896,431.14166,486.8816,-637.18884,124.64418,487.78415,-588.19293,578.1604,629.4844,-523.7245,108.04863,554.5101,-321.12463,611.11066,821.9428,-560.9648,72.37138,569.8804,-265.65408,647.90125,864.7176,-638.8829,47.976612,560.6952,-309.28485,606.631,875.6841,-648.0703,50.411533,559.2804,-339.6871,580.13904,856.5569,-575.7645,69.19942,559.8526,-286.02133,422.2228,613.5636,-24.386337,289.779,637.28125,25.405212,487.63318,600.378,378.5827,267.727,691.7947,504.848,484.53952,571.3754,834.95013,219.35313,711.5457,1010.7458,472.73184,562.8411,885.8426,219.16995,706.4188,1069.2125,508.0105,603.40936,826.12286,199.70929,754.82916,1004.5783
image_012.jpg,426.71356,567.651,-987.44727,425.199,546.1325,-1011.3855,432.1959,540.56335,-1010.9427,439.16235,535.022,-1010.9905,407.40985,553.54095,-974.48114,401.7032,553.98193,-974.14215,396.29865,554.7661,-974.30066,460.4696,504.50018,-948.61597,402.71207,529.584,-786.6859,459.98798,552.16864,-946.16205,441.8222,562.5499,-897.8101,650.4605,446.3909,-813.506,417.388,441.9392,-495.02652,843.9778,414.3869,-721.6114,408.8956,393.18457,-49.61996,791.1447,550.7744,-670.3405,395.55157,482.6278,152.40327,787.54944,574.7542,-751.45654,382.36743,495.49826,156.91344,746.92615,579.42206,-744.3842,390.4326,502.1552,114.67209,734.3817,571.64185,-668.9465,402.4678,502.74258,142.61382,835.87866,410.0165,-157.88954,737.6625,402.64948,158.2672,958.33093,430.02347,446.52875,872.78534,429.7037,746.8978,1041.0029,414.56976,1144.6556,958.874,416.91232,1409.8818,1057.9116,387.5335,1221.8146,982.0342,392.93024,1480.905,1061.9377,498.2785,1237.0714,984.22754,507.38846,1494.1143
image_013.jpg,367.4912,318.79102,-555.04156,366.65274,274.70074,-561.84235,377.09262,266.95847,-562.165,387.48126,259.07413,-562.615,344.6327,287.20282,-520.2176,337.61548,291.04193,-520.1002,330.7299,295.3045,-520.27747,425.9811,238.69356,-520.9229,349.94836,281.9223,-345.4364,413.93396,318.02484,-537.2152,383.9965,340.77173,-486.01508,664.4683,264.51727,-510.1009,467.72928,354.36307,-190.30856,954.99927,297.52786,-509.35806,609.0197,425.69647,174.64688,966.81085,496.14948,-407.90482,541.72626,527.1099,302.30093,985.5636,540.8244,-434.23624,516.8091,544.1646,289.3715,926.6499,539.4947,-445.2543,492.5021,551.51056,240.80554,912.54,515.86084,-405.84195,513.9865,537.0794,281.6431,971.94824,431.6923,-119.860146,881.2857,473.19467,120.18901,1119.9019,478.0155,304.4395,1042.4868,507.9114,519.6895,1223.2715,484.7373,717.03955,1164.8553,481.6305,844.8604,1254.0201,467.46436,756.51855,1195.9548,465.25058,880.6318,1228.7374,572.3822,693.5996,1177.7869,559.2827,840.71497
image_015.jpg,253.06964,135.06407,-649.03204,262.57275,121.84129,-653.15186,267.5434,121.40156,-653.1363,272.56213,120.87932,-653.08466,246.58412,120.09917,-650.89856,241.51044,118.32708,-650.7665,236.42203,116.706314,-650.70105,282.24884,109.851616,-560.88275,227.48288,104.36973,-550.8576,260.17078,138.04308,-605.2398,245.25833,135.62427,-602.0214,316.22214,112.17957,-435.5934,193.82373,107.59444,-412.44098,386.9734,136.98167,-387.34726,118.983505,128.84082,-359.41602,404.38477,209.83708,-390.84448,105.293335,210.15251,-400.69275,417.17493,219.15619,-404.84854,90.9146,220.7954,-424.49857,406.61517,218.90977,-422.65445,107.34149,224.55858,-438.2999,397.7219,217.93082,-395.87054,117.16817,222.77528,-407.55743,283.47986,177.93613,-13.223819,231.64163,176.7371,13.440697,276.98785,192.7793,313.4613,240.6775,189.79666,344.49783,272.41083,187.68002,671.4618,247.49307,185.53328,701.6379,270.78146,181.49992,707.09686,251.04086,180.14404,738.1269,269.5557,204.70552,639.14923,248.6852,199.49301,671.8593
image_016.jpg,236.81728,147.84633,-431.9196,242.25375,141.17659,-443.97577,245.74611,140.36293,-443.87033,249.20248,139.42615,-443.97202,234.13434,141.8731,-436.07373,231.5897,141.66937,-436.06857,229.13626,141.64035,-436.09775,258.2781,131.9209,-410.66122,230.66574,135.92436,-374.64688,245.74625,147.38885,-411.6072,237.39609,149.21033,-400.54803,307.44836,121.451035,-329.9694,224.05933,123.16975,-283.74554,359.42526,145.58362,-318.92712,209.11136,139.42096,-160.71411,354.94852,198.48395,-351.77536,200.21661,190.17894,-142.1097,358.15652,208.83344,-390.1199,188.43694,197.34964,-148.93996,346.1491,208.1015,-387.93076,196.23596,198.92839,-162.62167,343.08194,205.14034,-354.83533,205.37973,197.3924,-145.59096,334.5245,131.50946,-40.221546,300.37195,136.09276,40.264317,369.96594,130.01398,190.5315,333.0633,134.1644,257.98898,385.27374,120.596756,427.294,356.6466,120.89481,491.69196,388.55405,113.21585,452.41397,361.58926,116.37915,519.1417,388.1524,139.26312,446.62744,362.9994,135.44011,521.59283
image_017.jpg,49.367733,196.76546,-243.50342,38.356396,180.28923,-270.36224,40.417187,176.44266,-270.43448,42.50033,172.56934,-270.54053,35.38604,183.30916,-242.0646,35.015278,182.91443,-242.04128,34.753487,182.67557,-242.16829,63.737167,149.6629,-319.8949,51.492573,160.89105,-186.78,76.182335,184.75124,-254.30835,72.871414,192.06401,-215.36479,203.10248,155.00618,-316.1183,145.48917,119.39668,-121.18486,306.8309,273.10703,-283.627,224.6663,179.62119,38.050644,226.52895,371.14957,-261.291,176.20982,248.29367,78.28222,208.93329,396.57245,-302.84348,156.26923,249.63062,65.30968,179.40628,380.3225,-297.5287,145.29533,258.59604,38.518925,184.81721,368.6606,-260.55197,159.01622,256.2674,66.58751,421.44833,182.32716,-71.26951,393.9739,166.80284,71.69332,535.10144,189.85669,142.71005,516.0254,189.61354,250.03725,616.48303,174.00356,408.33163,601.9847,174.23166,483.21448,639.8553,161.50371,435.4791,623.5413,161.35796,510.20612,616.13324,207.21501,434.99893,607.6707,214.12497,505.92273
image_020.jpg,45.446815,94.67672,-268.08246,40.156532,85.1585,-281.85724,42.13232,82.50822,-281.96402,44.18197,79.87232,-282.18573,34.881294,88.24353,-263.73984,33.1538,87.954094,-263.6083,31.522852,87.7224,-263.68588,52.849625,61.172653,-298.55392,34.76026,69.890335,-219.4223,59.137123,82.80799,-269.97473,54.020176,87.56282,-246.83754,145.20325,30.051636,-269.41107,55.03504,17.916677,-175.2644,254.7741,53.876858,-256.59567,67.46496,17.725523,-46.838394,245.13242,125.54529,-259.3203,49.59622,62.697582,1.6541516,251.07529,141.24434,-294.89725,37.002,66.38333,-2.6072748,229.50305,141.63359,-292.9624,38.721935,76.98931,-22.446568,221.59862,134.5904,-258.9901,46.588844,74.53342,-6.1090026,221.81216,27.041803,-43.280476,182.44623,17.72172,43.68085,239.47174,46.215927,147.48752,199.583,35.311443,237.31612,252.89748,43.525238,353.07733,224.60957,35.76237,440.24664,261.70087,35.62951,373.62708,234.37787,30.74127,460.89233,236.76169,69.15252,372.26248,212.40804,59.344574,469.11884
image_021.jpg,454.7327,249.5319,1.860792,464.17416,247.65208,6.201063,465.33014,246.20045,6.2237554,466.51892,244.814,6.1170464,462.5802,248.67824,-16.569254,462.94464,247.6526,-16.567019,463.29083,246.6226,-16.605774,470.5677,232.08047,33.84719,466.20065,234.93874,-65.7245,451.5845,240.4687,16.188295,450.6008,241.54723,-12.485001,444.22592,184.17505,79.76828,437.24332,218.31792,-106.58454,398.23688,198.7169,148.63731,381.2687,249.57556,-121.4654,409.17264,237.4309,190.67465,406.46725,287.01147,-100.59952,416.86783,246.70808,201.31523,415.14917,298.61017,-117.948296,419.2991,251.31668,187.64001,422.39777,292.013,-115.37142,415.6297,248.87202,185.21217,417.9289,286.6669,-98.35567,312.31705,183.21616,62.669582,304.4687,201.86536,-62.612907,211.50026,184.47147,82.77679,202.37465,196.83636,-29.15431,125.35693,170.3314,135.68573,107.28293,175.80922,0.26627627,112.96979,159.66869,140.25462,91.55499,162.63486,1.7195628,109.32381,197.10637,117.726204,94.01112,205.92072,-27.79202
image_022.jpg,131.25899,83.31707,-238.83049,132.65459,73.73811,-238.2116,135.57259,73.12698,-238.25444,138.49333,72.465485,-238.27315,123.227104,74.47952,-239.63187,119.50894,74.233444,-239.61331,115.81199,74.064316,-239.54019,139.63815,67.82959,-198.43704,107.87497,71.32167,-210.51416,135.74838,85.97934,-221.58374,125.120026,86.84063,-225.13869,167.64278,75.36143,-162.75142,86.621185,81.80683,-163.9069,208.47455,101.53402,-164.69154,57.798553,107.14548,-159.8129,215.80559,146.48445,-188.1796,57.3285,151.76567,-170.02419,222.94093,152.98177,-206.07552,46.055088,158.4416,-178.4092,211.92337,157.20473,-205.90862,54.78906,162.22205,-186.65562,207.04575,155.24193,-190.43375,62.89986,161.06923,-174.95955,171.57784,113.38461,-2.9948745,136.13266,120.40654,3.0891185,208.13913,130.33937,69.24967,146.28453,148.21191,89.88363,198.19852,112.857834,199.61552,147.94153,132.59918,208.50342,193.76231,107.8681,214.71124,149.18375,126.17635,222.10187,200.13731,119.93554,226.9979,147.25928,141.12048,235.0464
image_025.jpg,147.22957,92.90255,-160.1657,150.15933,82.80609,-160.3065,153.69902,81.03934,-160.30997,157.21268,79.26326,-160.3581,140.90259,86.39393,-157.88507,137.62726,87.22004,-157.88919,134.36266,88.09468,-157.8761,164.99785,74.44521,-134.95525,134.28917,87.01859,-127.09394,158.32124,94.25863,-149.12251,147.2931,98.72756,-146.96254,199.54498,87.144966,-98.71046,145.54439,87.03567,-97.41386,245.3813,92.26621,-77.7303,165.52185,72.73308,-31.233969,257.45816,114.31785,-70.139786,172.62535,72.902275,-19.983204,264.56464,116.56317,-78.247055,170.55191,72.71879,-24.829224,257.18018,118.73908,-79.63662,171.00975,74.012634,-29.100803,252.94325,117.71364,-71.73054,173.75343,74.19379,-21.924139,226.35704,100.04226,-9.329721,207.57938,102.8732,9.496183,245.50122,89.877754,72.60955,230.49602,97.559715,90.520134,255.42368,79.11549,155.97514,242.54112,87.39893,174.62578,256.53043,77.73422,165.36218,244.53699,84.6921,185.22874,260.7251,84.05104,156.8207,244.48492,92.95042,181.20433
image_027.jpg,393.5518,96.54257,83.96368,387.63962,83.7775,67.22113,383.87833,82.69792,67.19259,380.1999,81.69346,66.89039,394.3791,85.243675,45.247005,395.23834,84.806656,45.16538,396.00574,84.47537,45.229088,362.9658,81.16138,19.612679,384.08725,84.254166,-81.78726,380.55692,104.27463,75.10094,387.98105,105.10333,46.108597,295.39868,129.7208,64.75322,382.06738,132.43268,-124.917534,330.63718,157.071,239.74748,459.63434,175.54698,-69.387665,394.18765,128.9476,382.2311,473.72125,123.1087,77.18368,411.16028,113.90362,405.2239,484.8513,107.32933,62.931274,414.02448,116.25563,389.3283,473.44653,102.015045,60.532898,409.71075,124.544716,376.75836,466.68216,110.445816,79.3995,288.4502,311.23477,48.016106,334.56104,314.56183,-47.93855,319.14053,369.5465,278.2701,352.13766,401.35675,129.86197,349.69254,447.99896,448.91385,352.4091,513.16986,261.747,353.71613,468.78705,468.03647,348.04202,539.3412,273.63806,362.86664,431.7723,482.48264,373.37552,507.4751,274.91095
image_028.jpg,356.13672,506.6789,13.93207,353.80408,518.7454,-11.029723,352.3736,519.42786,-10.972103,350.81573,520.0996,-11.048232,353.3564,519.14777,16.72165,351.54437,520.07806,16.681305,349.6704,520.83966,16.647736,336.4698,522.81683,-75.79142,335.7121,524.074,51.097744,347.37042,500.72726,-4.51447,346.782,501.1562,32.48907,315.49597,490.28488,-132.69083,293.8523,484.43344,133.12984,387.8134,503.34125,-203.5074,357.30045,487.93002,183.75172,438.46582,542.4891,-200.01648,409.0222,509.57565,101.25487,448.67618,565.18646,-232.5366,416.2375,528.7432,99.7598,441.43762,567.9186,-211.75725,416.88498,529.86017,73.216225,437.09912,558.7756,-193.41595,415.25464,522.63617,86.51047,290.53467,330.64893,-85.762085,282.05106,331.61685,85.69263,348.7886,213.81293,-70.74172,340.3491,225.80847,107.98245,377.34128,90.049095,-48.321056,367.16748,113.71628,166.9208,371.9707,65.420235,-50.832317,360.82578,92.73523,169.44029,426.32303,86.949646,-125.38223,412.6866,100.64164,122.80135
image_030.jpg,61.388096,90.188484,-107.154015,62.239346,85.340256,-112.14902,63.222134,84.47272,-112.13755,64.16143,83.58296,-112.16856,61.300903,86.76773,-100.63367,61.412266,87.39458,-100.58537,61.577488,88.04724,-100.64853,71.11113,81.719734,-115.851456,67.497375,87.97934,-63.233196,67.57651,91.1656,-107.16605,66.0991,93.94421,-91.964066,104.51662,88.56294,-120.95083,90.0066,93.88843,-11.57732,145.73927,83.635574,-122.96473,108.663826,95.61415,80.3083,139.40558,118.09648,-111.204124,94.852,115.63408,149.16173,138.96503,126.35041,-122.01693,90.781715,119.38589,160.80504,130.55093,126.49222,-115.9453,88.118004,121.01249,148.27411,130.68202,122.950096,-107.824715,90.86564,119.68713,145.30891,163.09833,107.669716,-41.127163,153.1165,109.41368,41.13562,209.11784,119.68198,21.113483,190.44339,119.86183,117.45513,249.25876,117.56985,79.38647,224.40016,118.34716,189.56049,256.18628,111.15793,85.79161,230.54738,113.25719,196.70178,257.2095,137.04759,71.91976,233.31876,136.37979,192.00554
image_031.jpg,342.1295,101.780426,19.24091,349.53156,101.35371,18.17222,349.65482,100.52702,18.171383,349.79483,99.74303,18.051355,349.86227,101.88286,3.9620526,350.4388,101.120804,3.9469543,351.00125,100.3534,3.934732,349.2194,92.25005,29.3146,350.9794,93.48699,-32.4617,336.52423,96.68859,27.019194,337.6647,96.66085,9.27891,320.26212,56.548603,61.811016,323.35944,85.24204,-68.54507,277.72443,50.64915,117.15005,282.87164,100.28768,-125.50696,280.6661,81.60658,157.58205,309.31415,123.338135,-177.90018,285.29065,86.26864,169.01726,319.44934,127.31056,-195.15858,288.01782,91.09779,157.8151,324.12216,124.680695,-187.64864,285.8716,89.719154,153.63046,318.96194,122.93362,-175.41751,210.33556,65.506775,47.149094,207.513,81.61209,-46.996765,135.30342,76.73848,63.91297,126.88407,89.11336,-17.847292,68.4461,74.735245,99.445595,54.93704,80.36486,2.8124108,57.8752,67.12808,102.98539,42.61491,71.869156,3.123984,56.33657,103.184494,84.46201,44.68575,107.26679,-24.113417
image_032.jpg,360.8012,116.83271,15.017435,359.77728,104.65858,11.508855,357.76987,103.36959,11.573588,355.78128,102.12241,11.4592285,362.6953,107.19074,-11.769148,362.4274,107.12806,-11.694815,362.13962,107.13629,-11.6753235,341.74963,100.88368,16.905006,351.73587,107.12674,-89.10223,350.0905,124.545334,25.239342,352.8558,126.239456,-5.4631815,261.67322,138.82568,61.68732,341.89764,160.83061,-128.3253,256.15482,214.00218,165.57414,379.03836,241.7385,-61.519363,318.93762,210.39743,279.318,417.96237,213.93095,25.01376,332.8375,200.00595,299.37445,433.44247,203.82101,9.258904,342.65787,198.76808,287.85248,426.15912,192.98808,7.664981,339.8287,203.04532,275.7822,417.44308,198.42484,26.50815,232.68568,325.22623,68.67425,277.8635,344.3975,-68.42529,219.29677,425.15033,205.66664,267.1205,454.52994,90.34302,189.5044,518.6371,342.66248,240.31761,552.665,220.74869,173.9336,536.3517,358.47003,224.10703,570.96295,235.12924,222.54906,530.92444,373.54688,277.36673,564.63385,242.22711
image_033.jpg,392.4614,134.35974,-39.739796,404.4682,133.59906,-32.852165,404.65894,134.94226,-32.90663,404.9144,136.38045,-33.11431,405.16815,127.41002,-52.219494,406.02707,123.391884,-52.33811,406.84528,119.33838,-52.477695,403.3865,123.67317,27.121046,405.91153,102.03613,-57.578785,381.85608,128.9485,-13.0365925,383.3582,120.901665,-37.942745,348.1248,103.17263,90.67401,357.2843,80.36059,-104.11199,266.17282,110.86072,108.52131,299.3491,141.2825,-191.211,237.98434,120.0666,89.55066,338.74765,212.39803,-234.34233,232.51572,121.85592,99.85658,345.973,230.7475,-250.82494,238.20822,127.50296,86.272964,355.10257,225.4942,-231.32579,239.81674,124.39202,83.23303,350.65005,220.24506,-224.19846,193.34457,148.1552,52.294113,185.71104,133.29404,-52.284187,93.80013,170.06615,85.62353,60.558247,206.70302,-82.81728,69.59904,105.546005,125.895546,72.3542,115.47967,-5.845078,71.10316,94.31949,130.96693,84.37652,98.95169,4.197021,41.860756,96.56728,138.40984,37.799377,99.26296,30.308004
image_034.jpg,220.35042,91.63524,-174.94742,226.78452,83.28588,-169.79924,227.64363,83.19103,-169.77425,228.55412,83.23605,-169.84966,222.84758,80.5936,-182.64323,220.9705,78.156624,-182.70532,219.0558,75.76949,-182.67398,222.33635,72.13336,-127.841324,210.10017,62.629963,-183.14299,212.99269,89.9715,-155.81029,209.0167,86.15397,-171.66718,206.02478,62.62262,-80.357124,148.19531,52.48357,-165.57555,216.50865,85.0747,-18.192205,86.23436,79.74049,-163.66345,225.14644,120.8426,-24.487526,91.57091,136.51663,-148.24768,234.86606,127.65568,-32.3791,90.61848,152.77293,-162.81071,230.86507,132.92674,-45.809574,104.949814,149.17717,-164.16583,221.89845,129.89441,-30.93931,105.58467,143.27162,-149.10828,108.92068,78.06782,32.786793,83.56327,71.05052,-32.7095,68.5412,86.2029,135.94234,48.43912,82.805466,81.854355,36.465355,86.500305,234.09274,19.54749,85.248055,180.06154,29.993176,80.558876,244.27054,13.684291,78.554,188.93315,32.36195,111.201546,232.98152,15.473795,113.822556,171.29677
image_035.jpg,531.7713,137.33694,-59.745365,540.33954,127.871765,-53.41448,540.0639,126.55542,-53.379642,539.861,125.36679,-53.440243,539.82245,127.809975,-76.30317,539.51575,125.69627,-76.313644,539.1196,123.585365,-76.26802,530.68225,110.33803,-4.42421,528.8352,108.88342,-102.688675,516.9179,132.80714,-37.670418,516.7398,131.3171,-66.16543,453.18713,88.43851,69.34408,463.45648,113.83233,-149.19226,451.2479,162.7852,95.17475,454.21603,208.8292,-135.7958,503.21387,178.34792,84.993935,517.40546,210.11115,-59.706295,521.79767,183.157,81.05763,538.1257,216.58493,-87.027596,521.55554,179.67572,79.4202,536.96826,201.39265,-99.63762,513.3076,178.18185,80.03376,525.4184,196.87068,-65.481575,277.5671,113.179214,67.09737,274.88705,126.63512,-66.997086,160.68542,135.02855,94.20902,147.26907,144.33177,-18.316795,54.589813,137.59875,145.30052,30.672188,141.37311,22.472197,35.67387,127.73939,150.57918,8.388494,131.61397,24.245865,36.86346,173.75867,133.81126,20.313194,178.20538,-11.702402
image_036.jpg,85.60049,26.714243,-129.46321,86.30502,21.550585,-122.440445,87.53615,21.816801,-122.440674,88.819885,22.042803,-122.44874,82.05887,20.581186,-130.26074,79.9631,20.01962,-130.24341,77.89921,19.506702,-130.25632,85.55249,22.93734,-75.0773,70.52703,19.640589,-109.221306,84.75031,31.304823,-110.47454,78.896225,29.923824,-120.320465,87.764725,39.780018,-51.449917,44.48511,42.200787,-103.45274,108.71366,60.488647,-64.20411,46.0666,80.13517,-109.03622,131.85722,77.281784,-115.44233,61.599083,116.3958,-131.9956,140.63733,83.38792,-124.43272,61.017746,128.74252,-149.04005,137.90079,83.52306,-139.08873,70.24082,126.77202,-157.80623,133.07487,83.164085,-122.40845,71.41223,122.75693,-135.78864,72.49545,94.66593,14.115377,49.55456,101.75311,-14.009595,99.24704,86.772736,-95.2054,56.596203,129.60216,-84.91132,77.275856,128.71565,-51.54596,60.925014,130.9631,62.16603,70.270325,134.4087,-46.944096,59.278774,129.1113,78.08387,83.13026,145.28127,-69.473785,69.53027,141.71683,77.5315
image_037.jpg,126.13449,175.78897,-52.720448,115.203865,170.58453,-71.196465,114.43542,169.00276,-71.19271,113.678185,167.3555,-71.21109,116.21757,171.21979,-52.276512,116.17718,170.3738,-52.283062,116.23012,169.52216,-52.24896,114.66685,154.62447,-100.54632,116.86214,156.7207,-14.510765,133.57088,167.7683,-59.21714,134.5954,168.7703,-34.2577,162.83952,143.69832,-122.56232,166.33577,124.122505,48.092506,199.92169,173.51915,-199.95056,202.94055,133.05186,128.71094,166.98097,208.35373,-208.62659,187.36926,164.49664,184.74983,152.68741,218.8668,-223.33325,177.02957,170.00818,194.88965,148.6635,213.76239,-217.29265,174.74843,174.01045,188.45476,155.85071,209.33028,-206.30867,180.03323,171.96371,182.06372,325.8661,122.298874,-55.808517,315.5176,117.74938,55.84345,432.0654,146.501,-55.257153,385.2908,153.3825,113.859116,540.8367,148.07852,-64.64695,474.35718,148.0537,157.62575,560.9725,137.64369,-68.82088,491.95844,137.04526,158.81422,550.86304,188.57596,-108.64175,484.4729,183.95163,154.5306
image_039.jpg,441.35745,166.66609,-49.17753,450.3452,159.93413,-42.69059,450.42966,159.35052,-42.65557,450.54184,158.84691,-42.709652,449.18668,159.35199,-63.53305,448.4862,157.69133,-63.44618,447.73663,156.05768,-63.5004,441.8942,148.52722,-5.3284607,437.9564,144.96068,-92.46145,429.1029,163.9751,-31.059761,427.8288,160.8228,-56.141426,379.36096,115.06477,46.047306,379.59338,148.55103,-130.61386,312.48743,109.10121,106.18265,298.92206,137.6229,-100.75005,333.5136,158.06721,143.83073,325.38696,195.3048,-49.13779,342.88593,166.3344,150.64679,332.62228,212.01149,-64.84081,349.81192,178.5044,133.07625,342.56464,210.53581,-61.758343,345.12756,176.05043,135.53386,337.81693,202.79536,-46.744995,222.83571,125.01483,58.093307,218.24011,147.84085,-57.680378,113.02082,123.88948,107.2499,100.18473,143.77084,16.402843,15.606873,109.84232,181.05774,-3.1289325,123.73787,73.06659,0.13043228,98.75903,188.99321,-20.80309,111.06064,78.8896,-3.0013497,139.2707,187.4805,-19.73362,151.08644,54.377663
image_040.jpg,179.61801,59.5058,-200.13385,183.07611,47.24313,-196.7416,185.48216,46.991592,-196.79771,188.01479,46.782856,-196.86671,174.53099,45.954414,-205.43575,170.4782,44.561737,-205.46924,166.44252,43.238712,-205.39699,182.58063,42.2933,-153.19652,153.10847,37.473167,-190.36787,178.1007,64.02439,-180.25226,167.08304,61.51465,-190.64966,177.74908,63.447063,-113.175545,101.74938,51.821163,-160.5101,184.8472,94.029045,-42.32033,45.743645,89.39424,-174.88486,197.56242,134.38925,-24.66702,50.518406,146.40025,-171.91934,204.57289,143.03014,-21.991447,47.158794,162.97939,-180.93999,202.362,144.71664,-35.002125,60.383606,160.39201,-179.04266,195.63005,142.28134,-28.725775,64.424286,154.60516,-170.71373,97.51123,124.23563,18.905785,66.60327,115.30951,-18.706554,74.584656,130.84328,131.3415,42.624794,118.98054,84.79301,57.286266,121.55512,248.14459,31.440401,115.52625,199.56505,51.090576,115.794975,259.27225,28.623203,112.52849,210.0796,61.84094,133.89948,244.45872,31.096378,125.40782,190.14737
image_041.jpg,136.65742,67.4336,-248.53354,141.78337,57.475304,-248.87231,144.6921,57.13062,-248.93024,147.6669,56.77105,-248.92561,132.71823,56.467747,-249.90334,129.51108,55.510094,-249.8886,126.307396,54.59735,-249.90387,150.9292,51.336254,-204.97157,120.49205,47.92656,-209.91843,140.22624,69.66212,-227.83385,130.31216,68.42954,-229.00404,171.59235,65.50121,-162.7984,90.203835,57.35526,-158.41951,201.04382,108.73546,-159.22217,51.094936,93.18779,-144.60506,179.85727,149.55667,-177.23372,64.34173,142.14981,-145.98161,178.63446,159.35071,-191.22847,64.33661,154.45654,-156.71785,168.64099,154.48897,-193.22935,74.75231,152.2982,-155.37012,166.83495,151.6888,-177.28168,77.39456,148.34216,-144.74187,133.98041,121.06051,-1.170316,97.229675,116.86563,1.262391,124.93618,129.17078,140.5352,90.09735,128.26707,138.55719,112.29757,127.141716,281.67673,87.66753,126.161705,286.2279,110.21125,124.37832,295.93555,88.3073,123.96538,300.5642,107.48244,138.83595,271.84488,83.498474,137.35912,272.3274
image_044.jpg,231.15576,119.77199,-21.782839,234.8221,115.9026,-17.37312,234.91956,115.34268,-17.354189,235.02043,114.828384,-17.384907,234.34216,115.950745,-30.897446,234.22797,115.16708,-30.925537,234.09259,114.38737,-30.97346,232.50432,108.88651,5.667998,230.85756,108.588036,-52.501724,226.59145,117.857834,-11.767137,226.15091,117.2541,-28.526588,205.09291,102.35116,41.840816,209.90683,101.97896,-77.57539,184.34337,106.348015,95.837715,187.85767,113.47365,-145.25554,196.4137,123.08726,136.35799,202.6609,132.03636,-207.70909,201.15968,126.751045,144.65195,206.88853,134.45253,-222.2895,202.95886,128.88791,138.15399,208.88342,133.84897,-219.61609,201.60114,128.07704,133.7563,206.96342,133.0055,-207.75945,143.383,92.65088,36.938957,143.95085,91.77185,-36.889038,99.41805,97.45689,48.62829,99.53547,101.67612,-16.129978,59.125755,99.171524,83.34589,52.976387,104.40087,13.281678,51.826073,95.216705,85.08627,44.870342,99.51975,15.390452,50.70594,114.35964,67.5615,42.701694,121.80721,-4.2111015
image_045.jpg,93.2316,132.95937,-122.673805,83.56016,131.3832,-153.85048,83.19827,130.61429,-153.77338,82.833046,129.76727,-153.74687,83.66608,129.14091,-128.26337,83.53937,127.35467,-128.23204,83.5037,125.58511,-128.48805,85.4819,116.42659,-224.38802,85.32716,110.92123,-108.70781,101.81092,124.605576,-139.76656,102.75968,123.080246,-105.58887,146.33571,100.30893,-232.87637,117.69222,63.040485,-21.181618,218.62073,142.1406,-226.69695,161.7142,82.34523,138.11731,181.2182,182.70982,-189.2082,137.02312,129.69,260.7453,171.65459,194.39677,-214.39642,125.61381,136.66824,272.7126,161.01233,187.74405,-205.86942,123.16394,143.48903,255.81976,164.47589,181.58182,-185.28482,130.85759,141.1325,255.37062,281.10883,95.56801,-73.848854,264.96698,76.18151,73.98947,370.809,94.57825,76.217354,355.64682,84.89716,206.61597,461.65054,78.76096,245.4818,435.30936,76.69881,371.1646,478.5842,66.74338,260.89505,451.76578,66.09731,388.55975,470.281,115.33812,229.62488,442.04953,114.26074,373.9659
image_046.jpg,66.67974,79.250305,-248.24072,70.88558,70.70334,-251.37947,74.18971,70.06354,-251.38005,77.46137,69.39066,-251.3791,62.426178,71.366455,-247.46051,59.47227,71.20136,-247.42091,56.554356,71.114136,-247.46785,84.81861,65.36121,-224.14653,56.471924,68.41982,-211.16548,74.89793,81.737595,-234.89868,64.829445,82.9373,-231.20317,121.365166,74.00899,-185.77336,48.83283,76.38731,-166.80482,159.6684,98.33368,-184.2472,25.397419,100.246376,-152.88504,162.0037,133.4605,-196.29243,22.78861,134.10529,-170.29843,166.76395,140.76375,-216.13243,15.771217,140.96423,-180.6319,157.65405,141.86598,-215.17563,22.576538,142.55772,-190.75769,152.99835,139.0158,-197.4111,28.048983,140.43532,-174.98126,134.17224,97.72649,-12.378959,103.318985,100.05067,12.676771,139.87679,110.19386,42.25455,91.37334,111.40592,95.38736,130.08235,123.04464,153.31415,97.79437,122.079216,198.09778,129.22829,123.59698,164.49753,101.30964,122.99596,207.50479,119.65385,134.00256,150.20421,89.59182,131.0773,204.19954
image_047.jpg,242.02997,109.036514,-75.837845,246.6843,103.780815,-74.45042,246.75172,103.29853,-74.40197,246.83083,102.89899,-74.417984,245.49463,103.49443,-85.099266,244.77979,102.48129,-85.1231,244.03732,101.49042,-85.17305,242.13927,96.05651,-52.057514,238.53645,94.47263,-98.40734,235.2666,107.40958,-64.48431,234.17834,106.61405,-77.78244,216.51938,85.65851,-12.366111,200.41417,93.67456,-96.49191,199.15657,90.94296,51.117355,161.26099,104.42487,-89.139336,212.92307,115.41191,101.98225,176.47084,145.835,-88.514244,220.01674,117.767235,105.742424,181.6018,155.69217,-103.06378,222.17628,120.437195,96.54702,189.32567,152.94801,-99.78256,217.44969,120.4808,99.00287,187.05846,149.25931,-87.224884,139.56853,90.528534,29.92631,130.815,93.54847,-29.894083,89.03998,92.70948,62.95206,75.09037,90.307236,6.533817,41.558693,86.49695,110.804405,23.157333,77.42368,40.03407,33.317722,80.41597,115.1836,14.00755,70.00376,42.693146,32.05271,102.16623,111.354355,13.998279,96.27019,27.905321
image_048.jpg,41.26564,84.931465,-121.60835,35.453236,78.419205,-134.97008,36.32766,76.63012,-135.03204,37.213722,74.82795,-135.16028,33.186527,79.720024,-120.13563,32.430782,79.49801,-120.08779,31.717876,79.33707,-120.14762,42.659077,62.588165,-164.86798,34.700096,67.707535,-96.92359,50.78401,77.674736,-129.59065,48.43552,80.68019,-109.86358,105.409676,42.577362,-152.36581,56.448658,50.902653,-69.79913,164.75858,58.177013,-143.68964,78.49193,71.95551,18.59085,139.85408,108.744446,-122.52569,66.75151,106.836395,41.982857,135.40959,122.35521,-136.49599,58.904064,112.49077,36.09721,121.73798,118.38153,-132.75531,58.016556,113.50507,22.94903,121.24402,112.41664,-120.95759,63.6212,109.36069,36.082466,174.35567,59.410336,-34.873173,147.59381,64.15272,34.962402,216.29459,84.02503,46.203606,177.07588,87.93703,133.2929,237.3015,57.442696,154.7879,208.99138,77.820946,241.1679,240.81425,47.682007,166.69489,215.5753,71.326836,252.64188,243.11375,72.23001,163.28902,216.51643,96.27081,254.41168
image_049.jpg,89.555954,232.59975,-147.17746,73.9676,224.16414,-173.20369,73.73219,221.16048,-173.2829,73.51602,218.13802,-173.3951,74.54982,225.98192,-147.17986,74.751564,225.4049,-147.03607,75.021164,224.88681,-147.09923,82.20497,196.58215,-227.22372,82.69792,205.08936,-105.83424,105.63694,218.5208,-159.7196,106.79569,223.47745,-124.11214,188.33533,169.9473,-233.65742,145.07295,155.82768,-46.34674,301.57294,208.66713,-189.7999,234.58989,175.87772,90.08546,248.19225,277.20346,-92.93103,194.61597,232.02875,136.1847,239.95552,297.20813,-108.80186,181.39221,238.72548,131.17317,219.2141,290.526,-106.05599,170.83969,247.29811,114.18261,220.58762,280.91473,-90.18228,179.82019,242.03899,128.21478,366.54163,186.26654,-69.72951,337.76273,178.84753,70.118164,478.1251,188.02585,62.235096,439.30222,188.64285,189.60632,567.5669,176.71413,237.55136,518.702,176.08894,341.17502,585.72406,165.28163,254.6943,537.47675,164.64096,358.76797,575.78217,214.70705,242.43385,524.6356,214.51509,358.39493
image_050.jpg,442.13123,123.68204,262.18774,437.7407,113.28015,255.61087,434.39835,112.88896,255.64116,431.15585,112.44998,255.50249,444.7179,112.7689,227.51607,446.06152,111.76341,227.70175,447.30246,110.819534,227.68631,417.77893,111.004585,219.5397,439.75986,108.5251,89.517494,432.03064,129.32559,254.1228,438.8898,127.91664,216.96112,359.77432,150.28058,226.28668,436.53726,135.19276,-18.475788,349.58368,228.82318,253.60782,473.97757,170.78891,11.791339,368.29684,292.21252,210.513,496.3088,152.83403,169.85428,370.56952,303.799,228.58255,505.05817,146.29669,169.9639,378.23233,307.488,209.84987,497.95096,142.97678,182.55313,379.3904,303.19385,203.61098,492.4537,146.68451,180.01965,353.2066,304.59366,110.13297,395.95447,306.08182,-109.7898,361.39465,438.31467,138.27303,400.71124,438.47815,-112.31309,353.16412,558.80115,222.94438,379.61148,569.9413,-129.93896,342.68686,574.289,229.25456,362.5572,588.81134,-134.71469,386.58585,586.9652,215.99431,422.0665,598.9609,-184.76237
image_052.jpg,112.66014,120.768936,6.487495,100.42816,117.06834,-16.329477,99.41481,115.33419,-16.343386,98.42014,113.502464,-16.361782,101.61702,117.1335,5.765945,101.48481,115.73849,5.7944098,101.47902,114.34699,5.8353696,97.785225,98.13925,-74.46285,101.0282,99.87193,29.57748,118.90307,111.176674,-9.689229,120.441315,111.87025,20.602573,137.66217,81.20771,-106.34339,150.21478,66.23905,81.472305,144.4661,136.93034,-160.16212,177.94177,103.1429,151.1901,115.86173,192.17526,-135.57365,161.02103,146.27753,155.3774,99.50911,203.0847,-144.60855,147.5224,149.15051,160.08916,97.55878,196.9564,-130.38264,143.18584,153.72623,144.71039,104.390755,192.98656,-129.19014,149.2437,153.25963,147.59778,307.28427,98.85081,-53.81327,305.85556,93.9896,53.96995,409.2993,146.05562,-17.189428,401.60452,136.50987,81.089386,517.34894,139.92525,41.285397,502.9702,147.49203,123.440254,536.3013,129.4397,46.023308,521.08704,139.58273,125.38954,530.5103,164.7458,21.681171,521.38336,177.14282,100.86298
image_053.jpg,160.81984,103.37375,-177.07745,165.94514,96.77859,-173.70238,167.37726,96.17149,-173.76398,168.81691,95.72408,-173.83925,160.87163,95.75953,-181.81673,158.72485,94.31365,-181.82564,156.5745,92.89289,-181.85126,165.11946,86.920876,-147.25763,149.137,82.82307,-182.3261,156.24562,101.44,-164.41016,151.30763,99.8013,-174.44196,162.78932,70.42668,-115.64992,104.42638,69.33819,-165.97908,153.18698,72.21249,-43.38417,45.478977,85.69636,-175.74077,153.35106,89.46133,-11.421268,30.409147,134.2129,-177.26859,162.27032,92.86363,-13.800521,24.136847,144.57211,-198.58768,157.35057,95.72533,-20.304726,35.995968,146.18172,-199.60388,150.67433,94.389786,-12.885781,39.445328,142.65118,-179.39575,101.32615,69.92867,24.604822,73.91529,68.46466,-24.55632,94.3511,81.24187,134.93549,63.85961,74.22948,120.96197,84.18637,79.09597,251.02597,61.906746,72.8206,236.8457,82.70459,74.61072,264.53403,61.768024,69.15631,249.36308,83.7103,96.1173,276.32062,62.45691,90.663536,257.33633
image_054.jpg,287.63776,163.80286,-328.50922,302.17136,153.21254,-324.9819,306.11646,153.56502,-325.08817,310.08533,154.17531,-325.23624,290.11432,146.42326,-339.25058,285.57306,141.8399,-339.30286,281.01624,137.28818,-339.32187,308.62317,137.29521,-272.1495,271.17105,114.437935,-336.0281,282.31857,161.61388,-301.53284,270.15637,153.57567,-319.056,322.952,107.06949,-208.49638,183.29779,80.08416,-278.4373,349.8906,142.29749,-73.79459,76.255226,115.326965,-280.06174,357.53662,192.77289,-75.9803,111.82344,224.16533,-285.66406,376.1686,206.25175,-94.417404,114.99522,258.22568,-320.53406,362.52994,210.16919,-112.40921,146.77325,247.32668,-323.0564,347.0486,203.73787,-83.186584,148.45595,236.76767,-290.52057,176.8247,104.52972,41.284405,118.08518,93.61169,-41.392193,149.77484,99.946884,251.40057,102.22026,99.00565,204.62364,126.76147,74.0205,469.10138,85.422615,88.479675,422.32022,120.81825,62.185184,493.44943,80.73004,78.25428,446.49142,130.57744,102.74144,507.14233,88.47939,120.462326,454.56998
image_055.jpg,83.81515,103.742874,-74.716965,85.10478,97.68007,-82.504585,86.30502,97.01419,-82.509384,87.46916,96.319786,-82.49827,83.40176,98.23106,-71.16744,83.229996,98.156555,-71.146194,83.08697,98.13464,-71.21841,94.11633,92.37356,-94.70656,87.807014,95.22097,-44.352325,89.80113,104.19526,-77.32247,87.476135,105.47426,-62.718845,126.12196,96.21141,-97.62794,100.78806,105.66328,-13.946123,155.801,108.79804,-103.20652,107.07936,121.38605,34.126797,143.83405,135.43973,-102.13788,101.69625,135.58197,48.566345,141.71843,142.72,-113.710205,98.93626,138.96251,47.040016,135.27759,140.19458,-111.04582,99.06927,136.92711,35.78772,135.97807,137.61873,-101.26431,101.97096,135.59158,43.76193,169.53267,117.6782,-30.643085,157.83258,121.23132,30.715086,204.45505,129.14784,16.676514,189.12296,127.618286,80.34057,236.70847,126.690544,60.320103,220.24686,126.71236,134.80023,243.04308,122.160576,63.805016,227.05644,123.35756,140.2559,239.80414,142.68053,42.25082,221.84624,142.50157,131.20824
image_057.jpg,115.54381,147.85915,-10.316202,105.947464,141.08173,-23.251314,105.322296,138.42433,-23.227825,104.66795,135.6947,-23.268694,107.43347,144.95337,-2.0167007,107.75163,145.45753,-2.0147984,108.14223,145.95642,-1.9746286,107.80594,123.23254,-43.907387,111.55091,136.12373,54.424034,123.51747,139.26917,-13.983723,124.989,144.90694,14.223331,143.32816,122.12129,-93.38365,165.30887,108.09823,112.769936,156.35379,152.21188,-207.06387,214.8747,130.4581,182.15765,114.29753,176.3457,-242.48802,192.24693,163.58046,235.85716,99.0605,180.15637,-259.89105,184.16435,168.52756,249.65683,96.62359,177.53632,-246.948,179.96652,173.1415,234.28586,105.833275,176.32527,-238.59239,184.71967,170.49675,229.99843,314.87274,141.95459,-73.65587,315.51877,129.92302,73.65527,438.62048,171.12598,-72.71319,435.46243,139.84575,55.436024,564.95197,132.1451,-64.63561,548.77277,122.87299,78.74492,583.59796,111.690735,-64.23615,568.9545,107.19749,78.88361,595.14075,166.5063,-98.11013,571.0736,167.13493,54.331337
image_058.jpg,198.6581,86.738365,-186.28906,203.81676,79.619934,-182.315,205.12192,80.06651,-182.32784,206.48062,80.62905,-182.38565,198.91414,76.658165,-189.3341,196.68364,74.68153,-189.38245,194.43526,72.73068,-189.33752,202.12645,76.24726,-141.41309,186.05634,65.604225,-170.80446,194.6112,89.83297,-167.93713,189.04282,85.564606,-176.00046,193.44202,80.50268,-93.044136,139.01529,61.77661,-148.41815,203.11003,99.61305,-22.762018,78.89694,77.684105,-150.04663,202.79956,128.79846,-13.188127,79.110504,128.50769,-155.75134,209.19104,134.74026,-19.718605,77.108635,143.60545,-173.2343,204.7673,138.06444,-30.135687,89.85764,139.81563,-174.19397,198.05226,135.307,-18.173567,91.27643,135.10669,-157.52336,100.595055,91.91571,24.17525,78.239426,82.81736,-24.109875,75.43414,105.027405,120.97167,52.008526,93.028435,94.40179,51.256054,105.09037,224.72964,31.936703,98.87697,202.29698,48.271435,99.39245,235.77203,28.952719,94.80035,213.81537,41.46915,121.8759,222.19025,25.461077,117.40418,197.00394
image_060.jpg,59.3802,105.6279,-158.9611,55.798508,101.89785,-171.55376,56.806026,100.70401,-171.55879,57.81792,99.47577,-171.68378,52.270123,103.065056,-161.13837,50.754368,102.712746,-161.07068,49.303364,102.39957,-161.13832,58.19913,89.24171,-188.01642,46.337605,92.94597,-142.34097,64.48815,99.33729,-160.40164,60.981903,100.85493,-146.95316,101.70718,61.634792,-163.0239,47.098274,68.97483,-106.03713,162.52081,68.27228,-154.93625,44.99856,78.56727,-34.68155,167.44534,115.677216,-149.39601,26.003744,109.6952,-5.3786473,170.36996,125.40533,-168.15468,14.69965,113.90243,-14.080611,159.34119,127.2098,-164.9898,16.17679,117.217896,-24.494276,155.75368,123.13866,-149.59914,22.885551,114.694145,-10.369945,160.32268,61.92154,-29.69779,136.36652,65.44133,29.742483,208.54951,77.074326,68.21385,181.1083,76.85169,112.79803,245.27768,72.03,172.45184,220.0349,76.61365,218.619,251.89276,64.321976,181.88579,228.59283,71.09096,228.92787,250.03203,95.5544,155.51543,223.86784,99.70683,208.678
image_062.jpg,242.28589,108.870865,-200.6799,245.94388,99.65854,-199.96959,246.60988,98.80557,-199.97563,247.28883,98.13119,-199.98827,241.8585,99.67729,-212.5467,239.7826,98.53369,-212.56154,237.66248,97.41426,-212.59901,239.97137,89.90115,-157.59027,227.90681,89.602715,-211.4851,236.42569,109.05631,-179.5952,232.25552,108.530975,-195.0886,228.1061,83.784935,-83.03719,178.0282,91.408035,-186.47853,243.10196,98.33011,15.020944,124.3315,97.8592,-182.5188,254.31375,136.84283,59.09588,131.41571,148.1158,-187.1361,262.18283,143.2885,56.038483,131.98836,161.7394,-210.32767,257.02417,147.17091,41.074436,142.5021,158.46324,-210.93958,250.31657,145.0353,53.28245,142.66165,154.02525,-187.63902,122.65375,89.466545,43.265957,101.62744,92.358246,-43.19765,86.39075,111.12129,173.23021,62.66053,107.94141,84.155815,49.232925,120.919304,318.228,21.094292,112.585304,208.68805,41.06698,116.703964,332.91718,12.032188,106.60892,220.94533,45.712154,143.98978,321.34915,16.367538,140.84758,201.332
image_063.jpg,118.975746,86.35038,-370.2985,123.49813,75.189835,-368.53305,126.47519,74.71715,-368.56332,129.48042,74.19552,-368.56885,113.940125,74.9111,-367.3865,110.70555,74.26829,-367.29202,107.51058,73.70695,-367.23215,133.40385,69.716965,-304.72073,102.06329,68.695,-301.24945,123.58123,89.46063,-342.0383,113.398796,88.99053,-341.0416,157.91933,84.3598,-237.11223,76.75243,85.54962,-223.16885,195.69888,113.39733,-213.59883,32.806435,106.83219,-206.86552,199.83896,159.24573,-243.00066,37.254597,153.60025,-218.50229,206.20047,167.99313,-262.9091,34.754944,162.98723,-237.78596,198.5577,167.70096,-273.31757,44.918343,163.87082,-242.36948,193.34657,165.50887,-247.6933,48.38824,160.92389,-222.07759,133.80606,136.04268,-3.6276808,98.3151,138.29485,3.7775805,142.5175,131.77713,193.66426,105.8504,134.88464,196.01173,139.50082,117.6862,401.89337,112.01809,118.39697,401.23386,138.03154,110.503235,423.58215,113.212685,112.26222,421.74377,140.82314,128.68793,386.3099,111.77465,124.278465,378.8587
image_064.jpg,134.39305,75.29776,-297.32626,141.15305,69.04754,-303.3498,143.90247,69.583176,-303.39117,146.69127,70.064285,-303.1426,133.16951,66.198395,-305.3811,130.3204,64.78583,-305.41165,127.43999,63.42669,-305.5274,149.50818,69.738594,-270.4597,121.962845,59.181034,-277.89822,136.0963,80.3028,-277.90363,127.271835,76.99211,-279.93216,152.56642,77.171265,-204.4346,103.572,69.86668,-213.11086,153.07256,100.05994,-130.88203,78.93655,89.28486,-194.42859,144.04082,105.01128,-103.76724,81.35018,120.09226,-213.9179,140.1767,103.80073,-108.175964,79.75039,129.34224,-223.7949,144.13472,102.541046,-116.9943,86.77789,125.03929,-235.74217,143.62862,101.97159,-105.935135,89.97023,120.55527,-218.80777,123.14425,101.932915,6.48067,100.69627,96.571175,-6.0155935,114.14709,102.21204,128.38004,95.70519,88.943665,86.76911,96.34836,99.3456,291.3583,84.91062,100.97004,251.46146,94.81099,95.20592,311.31543,85.25012,99.3684,269.59265,86.26502,103.53546,316.9686,81.84641,112.431076,272.26093
image_065.jpg,88.68708,87.079445,-234.50572,90.36446,74.40931,-235.39267,94.12225,72.65069,-235.45103,97.92143,70.8758,-235.50858,80.24538,77.535706,-231.77875,76.59943,77.9327,-231.76552,73.02075,78.39003,-231.84688,106.07176,63.809746,-198.27542,72.40399,74.014984,-187.2245,99.543015,87.05798,-218.44424,86.97765,91.549545,-215.37936,154.5333,70.270775,-154.70842,74.4469,84.763664,-134.70187,212.1781,92.55068,-125.956894,29.129246,89.54415,-102.43603,192.3473,140.88516,-134.2979,50.300243,83.353615,-69.18811,190.62189,153.87642,-153.36018,48.57396,79.92744,-72.58415,177.38402,151.09586,-147.11641,57.937645,81.01686,-65.284775,175.2914,145.69078,-132.89577,61.033638,81.96514,-68.31417,179.9458,108.26554,-12.949122,148.74702,118.74626,13.061475,186.98662,125.02997,126.6788,156.35873,124.383766,157.45673,188.91878,121.006615,263.07062,163.13863,125.845024,298.84686,188.77643,117.00855,277.43076,164.77524,122.55091,313.32416,186.76445,134.21663,255.76154,159.6538,139.51013,296.20886
image_067.jpg,111.76058,55.154106,-216.41518,112.07608,40.19327,-213.82536,116.82393,37.779858,-213.82256,121.529625,35.32892,-213.82573,98.42624,45.49814,-215.91614,92.859344,47.194405,-215.96048,87.33859,48.949257,-216.04172,126.6846,32.100864,-169.91896,80.368126,51.58381,-185.58057,123.515495,59.810448,-197.30464,106.64079,66.59418,-201.87494,160.90266,42.913826,-140.81613,74.41939,84.7265,-128.53748,231.37944,50.87683,-132.86414,78.51893,118.64522,-68.880104,219.59268,115.96939,-133.7902,67.7678,149.19127,-82.38137,222.68498,133.30371,-148.54056,57.585857,157.1,-98.622894,202.33485,131.75082,-142.76439,57.95089,156.85945,-110.35663,198.74663,125.112885,-131.77432,65.415436,152.01576,-90.1238,192.69443,87.10023,-9.673776,159.91708,111.720604,10.042127,207.84627,90.66444,99.68364,167.10017,124.49332,134.9419,197.45479,90.48784,224.07915,176.9131,110.29289,262.75742,195.07724,88.56013,238.5777,176.46078,104.88537,276.32443,198.46764,102.729454,239.40819,186.64873,116.6453,278.66223
image_068.jpg,128.39938,57.48891,-309.669,123.98521,45.921783,-311.22125,126.2613,43.17432,-311.27164,128.52394,40.44393,-311.4093,117.05833,52.253414,-303.54776,114.33283,54.101357,-303.5183,111.619415,56.046024,-303.47745,131.15248,33.95758,-271.52155,108.12168,55.416637,-238.80295,136.86462,56.058727,-291.3315,128.45161,63.605103,-281.8035,173.56923,32.351162,-233.90048,113.93298,73.880226,-173.69438,239.29527,39.55033,-251.76384,146.6938,88.165924,-56.05588,271.512,86.19163,-258.41107,174.21675,103.547325,-5.8659244,283.2095,94.60408,-278.86282,175.99475,106.943245,-7.7336283,273.202,98.833435,-280.29404,176.69214,107.6828,-17.903666,267.60226,95.787735,-260.08313,179.28322,104.2533,-9.442084,219.84705,79.94745,-19.910229,193.59056,98.79493,20.186958,233.82878,87.86418,165.25427,210.14053,110.11712,200.68683,234.56422,88.461494,346.7018,215.03009,108.02974,370.40887,233.35806,85.94293,365.23523,215.91986,105.00981,388.7627,241.40172,101.52426,333.09097,219.27733,125.25664,363.9284
image_069.jpg,375.0412,214.82999,20.438875,387.8218,213.56192,29.13259,388.65634,212.37048,29.127388,389.49054,211.33078,28.934774,388.07843,211.8769,0.52032053,389.69092,209.45352,0.51134783,391.18616,207.0425,0.5538382,397.06586,195.69292,74.53488,399.21167,188.53972,-51.681473,371.68103,202.88463,41.62209,372.94028,201.81882,4.616604,368.52765,162.34886,109.086334,378.46936,149.16064,-100.1461,373.52148,224.1146,140.0791,400.55344,233.99376,-176.09929,414.09302,262.70508,70.94366,465.7345,268.49582,-164.9872,429.60355,273.24915,65.62381,483.65628,278.33664,-200.78902,432.74496,272.3294,48.618717,489.76987,269.45648,-189.27567,428.41644,267.89584,58.36606,482.02988,265.2803,-161.4034,205.94873,134.39717,52.7932,208.32962,118.6258,-52.532227,89.508415,153.72714,56.921577,147.48341,152.99811,-10.58797,-15.553951,167.78802,111.42659,67.68156,183.59654,50.692654,-31.133116,161.63513,114.57753,52.578064,177.45348,54.552753,-38.822044,190.19812,61.07793,61.60638,212.46031,15.050673
image_070.jpg,476.47342,166.46393,-0.3729364,487.5455,159.55806,5.9523783,487.75067,158.15791,6.0427465,487.98148,156.8631,5.9143214,486.56772,159.44608,-18.946323,486.4365,157.42657,-18.97938,486.2419,155.43706,-18.987263,483.6772,141.83736,46.38367,481.27896,141.17476,-59.56702,465.88373,160.10648,19.618053,465.17923,159.42625,-11.182448,426.4787,104.625626,111.03441,432.12708,136.49127,-106.15318,413.80005,140.76788,184.29889,411.6518,195.30397,-177.45605,431.0484,191.98283,225.32027,446.01358,235.72765,-213.28812,441.94684,201.4489,238.93588,460.8276,244.8603,-243.10953,442.90207,202.28236,219.53772,464.29526,236.89917,-235.39836,437.5143,199.97005,217.24478,456.53912,232.70282,-211.79933,278.7755,97.61389,62.421318,277.5919,114.8123,-62.317173,175.625,117.08947,85.5271,169.05687,132.79799,-26.541265,87.38708,128.73827,135.63014,73.608055,128.95776,19.664156,69.32258,121.689285,139.69148,54.944466,119.99481,20.001867,81.677124,168.99876,104.64906,69.041176,169.74799,-22.460726
image_073.jpg,64.086105,128.24051,-86.648415,55.6481,119.73423,-104.0515,55.833416,117.85186,-104.10365,56.00411,115.83985,-104.211815,55.458054,120.544075,-80.46121,55.43489,119.81919,-80.38205,55.51144,119.09015,-80.306786,63.9062,103.07921,-132.12872,62.39826,106.746796,-25.375746,76.93331,121.9588,-93.43532,76.21674,124.316124,-62.85207,127.04092,89.667786,-176.9142,127.70215,92.085945,50.830185,188.34285,126.37002,-248.08693,177.13432,111.26374,119.47207,161.07721,178.67226,-255.2114,168.21568,139.99309,133.54971,150.61285,192.93013,-273.44934,163.22128,142.86584,140.92232,142.31735,187.7133,-259.8969,158.30527,143.23398,125.87319,147.49504,182.21571,-248.83849,161.38441,141.4563,127.23443,287.5756,83.11571,-71.358955,277.0886,88.45035,71.643936,402.01913,107.264,-49.65951,334.70483,127.46899,122.42065,505.0104,99.93737,3.1150486,399.21298,107.63071,190.96875,519.4659,86.8214,8.326056,407.59174,95.13808,196.76022,532.64935,133.93018,-27.340252,422.02615,129.2758,189.15546
image_075.jpg,155.45853,154.96017,-294.8773,162.35747,134.08406,-300.9268,171.00476,131.19907,-300.86575,179.69353,128.28291,-300.72464,141.11102,141.00829,-294.42978,132.53114,143.19934,-294.52493,124.09556,145.49895,-294.73898,194.24626,134.36812,-252.8918,118.37125,156.86133,-214.02338,175.28418,172.47491,-266.84824,149.38196,180.5492,-255.65916,190.896,189.25845,-142.46877,151.50827,227.21898,-187.24072,200.71692,211.84709,-6.7117243,193.537,301.25674,-102.73607,225.7605,175.91904,15.515347,263.6484,291.09854,-105.46301,232.59167,164.66373,-5.2300115,287.27835,296.40628,-134.22298,238.9978,158.08992,-15.925863,279.66174,280.6319,-146.71944,234.50443,165.22978,6.4198294,273.38458,277.01657,-114.992714,191.44235,384.09833,10.3178835,170.02922,395.09152,-9.276893,192.7818,415.96152,150.16974,150.13455,443.68912,138.88585,169.83434,461.1403,319.2737,148.9139,486.54865,301.997,160.31653,469.34213,337.766,150.36667,492.318,321.25455,169.42877,487.58728,336.22324,162.29556,514.95496,327.7943
image_080.jpg,443.90796,92.49243,-34.53466,451.39258,83.78436,-31.102194,451.76547,83.289505,-31.048681,452.1748,82.87683,-31.05975,449.0723,83.16445,-49.677517,447.6467,81.53295,-49.67984,446.21997,79.93931,-49.710144,443.38364,76.85678,1.143892,435.54022,73.105576,-76.40268,433.10184,94.545166,-18.509216,430.114,92.19665,-40.910385,381.03506,68.4279,55.004723,382.89716,96.578445,-110.221695,311.0041,83.39357,110.19009,308.68277,116.23992,-116.07335,310.78345,131.37045,139.07005,326.6302,181.57399,-108.49893,314.96622,138.49588,141.15523,333.5111,198.64508,-126.685036,323.17816,145.52591,126.88328,342.97156,194.79573,-117.8028,319.89374,143.78687,132.45325,338.26038,187.35352,-104.47829,238.5256,108.40228,53.066956,240.29185,125.85095,-52.738194,134.78369,110.52536,85.52171,127.3463,133.5642,-14.205866,36.726944,92.748825,127.700905,19.930145,101.54048,22.85891,21.578465,80.79177,131.953,3.76307,87.21151,26.481997,17.66933,115.51719,121.44757,-2.2586632,129.44643,4.180384
image_081.jpg,68.47837,131.2037,-82.51169,59.804096,122.93003,-95.58848,59.72762,120.61819,-95.592545,59.632248,118.23502,-95.62853,60.17296,125.4413,-76.84299,60.31793,125.28787,-76.805595,60.57719,125.14007,-76.79956,65.1307,105.74856,-104.946655,65.21882,114.06999,-19.353996,78.691956,124.238785,-81.93892,78.83093,127.71751,-57.79388,116.38886,97.56054,-120.87803,120.674995,91.56279,43.658386,152.89996,109.180595,-193.10422,162.08818,95.27134,117.426094,132.53737,158.8548,-236.6709,153.23021,125.974335,180.8526,120.12469,169.96918,-249.71762,143.91518,129.36626,189.89442,114.904465,167.46895,-239.29167,142.49313,131.04555,181.07248,121.6288,163.96803,-232.74577,147.24799,129.65822,178.27222,280.8633,80.277824,-57.174328,268.57654,81.78384,57.255306,391.82352,94.35591,-71.81122,310.81528,108.73372,154.0738,498.26096,89.850204,-99.62475,375.94287,111.001076,236.12778,516.1105,79.45322,-103.960175,389.74313,102.4648,241.29765,514.8733,121.89862,-145.34496,385.30692,141.63812,243.44911
image_082.jpg,227.38087,251.6354,-182.17511,216.09749,245.28496,-220.30373,217.47049,243.05225,-220.29802,218.98366,240.7155,-220.62326,210.76282,243.63205,-192.771,208.5469,240.87305,-192.6915,206.47351,238.14091,-192.89105,226.80069,212.28119,-314.49118,208.08012,206.93748,-193.96104,244.66565,233.05305,-207.68114,239.98355,232.72084,-172.65878,347.16827,148.07793,-281.02936,229.6593,113.14617,-175.0942,501.3709,172.41664,-249.04012,202.88448,134.1552,-65.4159,478.42786,287.31778,-226.32054,140.44974,206.97234,-60.221764,489.9193,321.06015,-265.51074,116.6758,215.38411,-89.7064,452.32132,316.65277,-267.75488,115.5273,225.44876,-102.4729,442.4958,302.36102,-229.30878,129.73523,220.95207,-69.88451,490.42905,115.69766,-45.37574,439.92535,95.281296,46.260437,522.96985,166.07947,213.80415,477.28238,111.40358,277.96936,557.46204,161.14017,517.2078,529.08496,130.8465,543.6587,570.43774,150.03201,544.3261,542.51013,129.30171,571.28876,535.09924,203.68588,520.4354,516.32043,159.0216,547.19183
image_083.jpg,555.2439,139.90411,-50.03957,565.0659,131.11688,-42.74187,564.85077,130.22548,-42.69189,564.692,129.45753,-42.77564,564.9064,129.91711,-67.02846,564.7791,127.405136,-67.06817,564.58215,124.902855,-67.080956,556.03394,113.59945,9.152841,554.8743,108.78879,-93.88835,540.46985,134.81326,-27.114124,540.5857,131.7402,-56.89558,480.716,91.809265,70.43102,489.22925,103.72769,-141.05537,462.3659,132.5971,98.9087,465.55728,174.63002,-172.85603,499.4932,175.79855,71.35338,516.2988,206.01157,-162.99832,514.95526,184.27313,67.80006,533.52606,215.52614,-191.20381,517.81036,188.98108,51.486164,536.01465,204.10081,-192.16676,511.00043,185.93134,61.047478,527.8353,199.372,-165.16794,301.55356,118.18764,67.507324,297.52988,125.02663,-67.35063,177.93195,129.18295,88.69571,165.96611,141.32727,-24.063221,69.10953,127.3582,142.65495,47.514313,135.80875,17.081741,52.231926,116.84439,148.04718,27.891613,123.11302,18.26717,45.471756,161.90154,119.70621,28.564436,179.49187,-30.645462
