1.jpg,292.79333,99.532326,-64.89545,298.0506,88.53756,-74.81029,300.47723,88.15403,-74.67556,303.008,87.74083,-74.741394,295.27652,88.09807,-53.761906,295.0838,87.44492,-53.802933,295.01718,86.94967,-53.7247,316.13126,90.75573,-84.400116,306.55978,88.600525,10.100425,302.69095,108.92344,-66.63483,297.42462,108.539024,-39.18239,326.11533,132.94385,-130.87321,339.986,128.01392,105.73148,243.448,128.04785,-203.11786,286.88412,123.11308,170.94157,181.91982,97.717674,-178.21756,239.06657,102.994576,108.785255,165.28378,88.89906,-200.33337,229.51706,93.5024,114.10105,167.96774,83.04056,-191.03741,226.06688,92.519585,96.44045,176.05833,88.18336,-174.66483,229.04782,98.38749,100.00427,407.45438,254.22656,-77.83239,407.3771,242.46005,77.91733,310.53506,270.8841,-85.190765,322.0613,240.57779,142.5269,353.22842,351.83505,17.25401,359.18347,318.37732,232.96646,373.06754,360.241,28.31284,377.788,327.63715,240.2468,326.33862,382.23657,25.585331,328.3656,356.4638,251.95972
11.JPG,220.17877,113.604004,-166.09123,226.34183,107.06613,-149.52744,229.54396,107.22086,-149.47398,232.75975,107.295204,-149.32722,216.7595,107.3746,-148.65942,213.81651,107.41789,-148.69135,210.90807,107.54357,-148.79128,238.97116,112.2094,-61.501465,208.70563,112.19984,-55.661106,226.54855,122.61087,-134.96849,215.6512,122.48847,-133.48343,259.48248,149.26802,19.114513,189.13782,149.49234,10.361396,299.1178,177.36987,99.268524,150.69188,178.30025,93.389336,278.02966,210.67696,163.31326,180.77667,213.58328,171.66597,274.35107,218.15495,167.42552,185.10754,222.75853,176.50455,264.971,218.58261,163.74997,194.9788,221.95421,179.55447,266.211,217.17314,163.25996,193.95195,219.9319,175.32697,246.52908,236.44374,0.47681284,203.56781,238.70749,-0.349298,304.87607,233.21452,-170.34508,143.05972,239.40811,-175.31895,289.7272,312.85254,-40.249172,157.32132,306.85214,-13.646209,278.83307,328.9359,-28.981281,169.36078,321.85233,-0.93464994,316.61572,331.23853,-86.18329,123.684265,329.22766,-63.89656
11111.JPG,170.32803,78.29962,-219.74281,174.31197,72.26196,-203.8386,177.30391,72.43623,-203.85434,180.30417,72.54935,-203.84795,165.70277,72.138535,-204.44296,162.54256,72.09236,-204.38167,159.36583,72.11864,-204.39296,183.81915,77.2794,-119.6041,154.43442,76.65651,-124.49363,175.3791,86.92786,-189.6935,164.1567,86.58264,-190.84962,200.49986,114.735054,-82.55534,133.37622,115.5934,-90.29269,210.408,167.73763,-197.10786,125.54239,173.16536,-200.70195,185.38002,138.49236,-344.514,158.28792,144.87312,-332.04575,178.02016,131.50713,-375.85852,168.92036,138.85123,-356.57278,179.75417,121.482285,-357.47217,165.36421,128.03632,-343.9356,178.3073,124.605865,-340.5924,165.36256,131.00484,-327.57977,184.60854,189.29272,2.3568041,145.59789,189.40514,-2.0771754,220.0482,185.87973,-253.85007,119.60271,183.15852,-262.2307,202.33708,258.87546,-102.39038,124.93004,257.6492,-126.111,192.2217,270.63977,-92.35623,131.20369,269.41376,-116.50309,222.43076,284.19672,-179.00456,111.448586,283.5267,-205.73708
112121.JPG,203.24501,96.882355,-158.85736,203.81662,86.64099,-136.5756,206.93686,87.15018,-136.66928,210.16994,87.600365,-136.86151,193.34535,85.263306,-153.31993,188.16808,84.582985,-153.3926,183.01118,84.00838,-153.51015,202.06267,94.10846,-41.59767,165.783,89.5035,-111.64027,202.47412,111.05458,-124.698006,188.09128,109.29896,-144.23361,208.90968,156.73372,-3.7419682,113.36828,154.0836,-107.291084,242.36505,245.2479,-111.78488,152.51042,263.57108,-184.12675,241.11783,191.28192,-277.29694,184.7769,175.4797,-243.3527,244.80986,178.05226,-299.31128,198.33565,155.02962,-245.64754,240.68138,164.83989,-282.07874,181.77867,141.91266,-245.65625,233.91641,171.79605,-276.3351,179.55139,149.96982,-241.6593,160.2516,291.30212,38.153248,101.554146,294.84772,-37.74017,244.82793,266.15985,-141.08292,91.03124,270.18527,-331.73593,197.288,380.2691,-51.984165,87.62671,382.85675,-198.28275,175.6505,393.89008,-44.108627,85.472336,394.01083,-185.23207,231.1828,434.91663,-108.53448,98.4189,434.76675,-271.53888
123.JPG,361.78293,221.32317,-325.58865,366.73837,213.36453,-315.1693,369.8033,213.33873,-315.1859,372.8971,213.26077,-315.1402,357.94073,213.1043,-313.83942,354.95447,212.80492,-313.76263,351.93506,212.54831,-313.73093,377.7954,214.68822,-231.63403,348.3419,213.25899,-223.26952,366.57483,228.23653,-293.29532,356.92682,228.11357,-290.74432,397.12198,245.93875,-162.0358,331.5235,240.41212,-162.26921,401.15375,301.0135,-284.62012,319.90887,294.00513,-280.9876,367.24008,272.3389,-440.62524,352.49423,274.01395,-424.22757,360.26996,263.9689,-477.19553,360.13586,267.2376,-452.63837,360.2148,254.48434,-450.04498,361.19992,259.22656,-436.4546,360.06235,258.76813,-432.84787,362.113,262.97772,-419.85876,377.7337,304.18106,-2.937554,339.58893,299.9661,3.0790014,431.90106,303.8767,-240.58983,304.72235,282.8301,-246.71146,419.98306,362.3819,-90.5328,306.47974,346.19055,-75.19589,410.16095,376.59183,-80.83859,313.25842,361.73413,-63.58619,442.21567,380.3872,-168.62881,280.41678,361.73178,-147.68848
12312.JPG,253.52634,215.20203,-350.53418,257.86917,206.19344,-341.76172,260.95053,206.15276,-341.80615,264.0373,206.0586,-341.7991,249.15717,205.7026,-340.91733,246.0507,205.21356,-340.82507,242.91406,204.78813,-340.77155,267.93317,205.74661,-253.1838,238.38026,204.07475,-251.74504,258.3938,221.12848,-315.17303,247.96779,220.37242,-314.36237,288.50635,234.98816,-178.10515,213.35834,233.2079,-179.94234,301.11636,295.4192,-294.19064,205.76129,292.28485,-291.14682,272.40253,272.537,-462.30304,234.43404,268.18048,-448.46094,263.1758,265.4706,-499.96875,244.54727,261.94458,-481.94904,264.73157,254.73834,-480.45496,241.35623,251.01678,-469.07645,264.03598,257.55087,-457.3763,241.8324,253.97118,-445.06256,268.8128,306.4561,2.4169693,225.82167,307.29422,-2.180487,306.77866,328.24335,-263.88766,198.68498,332.85504,-278.51318,294.8999,384.42688,-58.297302,205.6354,386.19077,-61.27088,286.83054,392.86948,-43.07819,211.1285,394.30432,-45.580185,309.24936,410.70514,-138.54837,195.69548,411.76086,-148.9211
123121.JPG,222.97778,89.35867,-193.15858,224.5221,80.86035,-172.71638,227.6377,81.05161,-172.6987,230.86192,81.20304,-172.7489,214.07382,80.54671,-184.81483,209.56113,80.300385,-184.7236,205.02174,80.187996,-184.74939,227.86955,87.47634,-63.39295,192.19728,86.27687,-115.10626,225.03418,101.95044,-152.41995,211.27922,101.382,-166.83856,239.85329,143.57864,-5.5154114,155.15714,127.905334,-139.43475,275.64307,168.42746,-86.21327,160.2472,149.34041,-306.549,268.415,173.09692,-244.1107,238.07991,136.54669,-400.10587,270.61624,181.06664,-278.32626,255.55841,141.32457,-431.97754,259.59586,174.99371,-284.36987,261.32175,134.13464,-426.42334,256.79675,174.42772,-251.99419,254.01328,137.64467,-397.57828,196.0126,278.9206,33.835835,138.68726,274.109,-33.74137,265.70947,292.59256,-190.3077,138.93227,285.27094,-333.9556,240.2683,408.93796,-59.994022,109.48945,413.91983,-234.92003,219.5542,428.2597,-52.872066,104.926506,431.50687,-230.00876,285.84253,451.2459,-151.19228,112.28822,461.78528,-344.3028
123123444.JPG,258.35297,86.65838,-386.94296,253.299,73.238434,-347.00696,256.49725,73.418045,-347.13272,259.9123,73.48892,-347.12143,239.26826,74.03975,-378.7887,232.09653,74.38658,-378.60477,224.92429,74.88524,-378.67535,245.61917,84.31409,-163.36174,197.13559,86.07639,-301.14633,257.26157,107.24019,-318.73236,238.30167,107.7001,-357.79773,260.23444,174.44176,18.90197,126.8519,190.2873,-296.54684,277.20508,275.19,225.44775,94.18598,323.75287,-298.58963,303.88788,318.08127,95.99605,205.25632,360.15952,-242.10994,311.43414,331.09125,68.303894,231.28896,384.5065,-263.37805,312.89682,316.86032,20.829124,247.5845,357.19543,-275.59644,304.0924,313.57068,71.89502,237.82875,349.84644,-238.66966,210.3365,369.28827,77.32366,118.36399,383.64395,-76.91132,329.13382,380.0198,-178.54468,112.282104,403.78574,-656.5738,305.44727,527.295,126.64675,63.379173,590.5028,-418.45816,278.32306,554.5802,150.9717,52.039173,613.23846,-398.1878,376.38565,580.87585,60.120197,77.25608,662.0608,-556.01605
12312444.JPG,139.12625,57.031628,-292.4795,143.4781,51.74081,-279.455,146.31436,51.804012,-279.4442,149.14067,51.807816,-279.4382,135.39917,52.37087,-276.8836,132.69841,52.665413,-276.78436,129.96927,53.039898,-276.84344,153.99564,56.666557,-206.23508,127.72872,58.100918,-194.87283,145.02092,65.51571,-266.10477,135.20584,65.92811,-262.58835,174.9758,96.8831,-156.04625,110.25357,94.91701,-151.39282,182.7171,153.96121,-258.78973,104.450424,147.92511,-252.51157,148.9859,126.6731,-392.7997,131.44824,130.53049,-408.7026,137.88785,119.746155,-422.4452,138.21211,127.36879,-436.30975,142.44365,107.805534,-405.38535,137.75642,117.061455,-424.91873,143.40457,110.65536,-388.2992,138.43085,118.66487,-406.34253,160.88045,152.70312,-3.0224783,124.42816,152.20819,3.102567,204.85509,134.76411,-218.84906,86.03974,132.33064,-228.51782,193.91286,192.58809,-61.690178,95.40289,190.3565,-63.929783,185.04665,204.71687,-51.18905,104.15484,203.40523,-53.390137,219.67499,211.50558,-128.85939,72.83825,211.30003,-128.13966
123432.JPG,159.72627,96.77027,-349.3864,165.66306,89.75612,-333.97745,169.37344,89.89196,-334.02283,173.07852,89.96086,-334.05878,155.12997,90.34858,-332.1229,151.57115,90.68397,-332.0253,147.97763,91.11363,-332.09213,179.64032,96.26574,-248.63968,145.09435,97.60129,-240.28828,167.41084,107.778786,-318.46268,154.49033,108.13183,-315.80762,207.15475,147.68433,-191.94753,124.84735,144.00198,-193.49162,219.52153,217.87682,-302.3102,117.338974,212.55115,-300.4638,173.52197,184.3867,-439.51877,151.82744,188.71123,-466.52173,159.28229,176.6956,-474.62744,160.60674,184.01122,-497.54514,163.69685,161.65436,-452.95563,159.85852,170.77544,-484.485,165.60583,164.76576,-434.31744,160.61478,173.17122,-463.56683,189.90796,219.33775,-2.5065517,144.2103,218.6422,2.5160127,241.85994,199.88805,-255.24417,96.15726,199.62608,-258.71115,229.1224,267.71106,-69.706566,106.14584,265.60263,-69.71729,218.88773,282.06757,-56.90349,117.140236,281.27118,-56.73491,256.1819,291.1942,-142.11168,74.96362,288.76642,-139.56316
12345555.JPG,236.34703,92.438484,143.45485,233.46986,83.09813,112.13092,230.10172,82.83717,112.226166,226.82614,82.67739,112.07032,242.84505,84.23659,110.9952,246.07774,84.33833,111.03655,249.20586,84.58595,110.94103,224.08226,91.01146,1.5074997,254.9583,92.109146,-4.08311,233.47234,102.347565,108.42886,241.7677,102.643555,108.01851,189.52786,149.73778,-38.483433,290.31055,151.07857,-37.838623,124.36283,197.08772,84.9823,350.38354,185.71445,54.441444,99.18175,155.49936,253.48859,384.27005,146.56886,163.41446,83.614395,144.36076,267.2048,401.7479,138.43752,172.20338,94.111465,136.01244,267.57877,391.79208,128.23355,185.50862,102.87473,141.2221,258.5334,383.41418,131.32874,171.59451,208.5538,304.9495,0.52241427,272.65735,305.61163,-0.20789376,152.3338,269.36444,276.19516,338.9354,279.187,240.12134,162.04523,375.68033,426.4547,322.81943,378.01428,400.7317,171.26134,393.81384,448.86972,315.44382,390.6707,425.23254,134.8973,383.63504,517.32184,335.49957,396.75,529.75665
1323124.JPG,150.99832,64.67817,-227.42746,164.0451,51.6699,-220.88383,170.01286,51.57741,-220.82973,176.0253,51.40565,-220.65695,151.31628,52.22064,-195.3272,147.61192,52.29774,-195.26408,143.8132,52.522644,-195.27087,194.51247,59.797325,-155.64998,152.9193,60.199104,-43.017513,166.60217,80.660034,-203.89551,149.66151,80.533646,-170.9381,238.43991,129.37222,-165.05054,138.97693,127.8535,42.210926,205.16391,222.908,-289.99207,83.48313,230.83495,-160.94806,151.25401,151.00894,-367.40063,123.19569,161.54074,-427.2339,135.52054,138.4067,-393.6396,133.41148,145.74078,-457.18875,147.43501,125.78336,-375.4936,141.18452,128.78143,-413.51697,153.6577,132.08942,-355.91602,144.09018,137.42291,-412.80627,249.26994,265.54572,-57.087704,184.59454,263.1809,57.206024,234.50879,290.37976,-499.06235,90.5231,275.96902,-245.3622,268.77222,415.27512,-326.3253,126.4115,399.4277,-127.84082,276.96533,437.6757,-316.5762,144.77222,419.05362,-120.86825,258.67822,451.91116,-481.31937,93.18935,438.81766,-241.91512
2 (1).jpg,297.78845,140.33282,-33.523277,300.9342,133.82915,-48.487793,301.9571,133.67549,-48.37295,303.0517,133.50467,-48.452133,301.29257,133.59366,-25.778517,302.17825,133.3773,-25.75423,303.19455,133.24818,-25.722351,311.97302,134.7157,-85.02644,311.896,134.73393,18.683817,302.8658,145.7558,-45.497425,302.6586,145.60432,-15.3153305,327.85355,156.18861,-120.3645,326.3661,159.39462,67.32896,302.9692,115.7036,-196.94325,307.48312,111.498116,101.10021,281.2656,65.34736,-204.3381,290.74008,65.93561,29.100378,275.7049,49.744057,-229.68748,289.93646,53.930344,22.98362,278.01956,48.959435,-220.72572,287.9566,50.789654,7.945328,279.52554,55.61688,-202.34843,288.24567,55.075657,19.254154,381.1323,245.22679,-70.50618,376.64334,242.63441,70.724884,310.46802,296.8935,-85.02572,325.56302,285.69232,99.58731,344.34238,352.07983,-37.667595,346.91602,348.54437,142.52252,356.9932,357.90662,-34.14223,359.36194,355.85083,145.03351,326.26505,370.9629,-45.68078,320.67798,374.87378,141.67708
2 (10).jpg,226.01328,81.91967,70.80264,228.93799,71.941666,47.054104,228.62791,71.51977,46.997128,228.45015,71.04675,46.891712,232.69406,72.708565,63.61368,234.88548,72.70196,63.711292,237.1837,72.8595,63.66246,234.55978,76.696045,-18.85155,247.94325,78.19294,57.12158,227.8568,91.7395,52.29101,230.97363,92.29866,74.41974,209.80995,128.87068,-55.42129,292.67752,124.98599,113.38884,156.56815,133.10634,-24.61079,266.20334,127.89575,235.6146,128.85794,128.87529,74.02808,225.05614,118.3981,343.18942,119.55972,121.64606,71.09518,222.44785,110.89372,361.69217,129.60753,118.427925,80.80833,217.51654,109.93053,352.7504,136.49655,121.4613,78.97815,215.20903,114.84303,341.87064,260.0632,285.89902,-58.814884,314.02844,281.02643,58.869812,168.15173,333.39374,-9.206963,292.70093,294.40875,222.93068,212.74745,436.09924,-58.868515,304.25754,377.00415,259.85535,231.52922,450.64352,-58.783108,312.60184,391.037,267.35812,190.00053,463.39023,-13.578395,294.16977,398.5337,314.68393
2 (11).jpg,217.61732,44.24366,-131.3746,226.7239,36.441437,-137.25111,229.3463,36.913494,-137.16652,232.018,37.310184,-137.14507,223.19084,36.080574,-111.376114,222.65074,36.439465,-111.34395,222.31564,36.957775,-111.367325,242.84193,44.40024,-137.7756,230.2407,44.361973,-23.63877,223.10329,56.443306,-131.725,217.80853,56.09039,-98.4973,253.34619,89.302925,-190.7605,230.79366,91.34209,45.35451,176.94923,99.48997,-262.30243,162.02681,103.09262,39.26789,96.46806,103.802,-230.09914,102.44388,103.286995,-9.969616,76.50948,101.26756,-256.60617,87.37533,95.73654,-7.4946547,77.32388,96.58133,-231.97807,86.111885,96.86877,-30.556732,86.09568,99.344536,-221.33185,92.11486,102.84477,-21.804882,338.217,196.68071,-74.65202,317.15878,193.10892,75.15025,260.62756,213.5303,-293.88968,243.88615,211.90149,-14.919016,280.52853,285.86932,-118.54406,271.6182,276.81842,66.92636,291.3168,293.75027,-99.11106,285.7514,283.53223,73.80397,258.2449,310.1257,-136.81416,254.99275,305.77023,44.685444
2 (12).jpg,156.75975,140.35405,-29.248087,167.79593,128.57034,-71.23386,170.57837,128.9303,-71.17174,173.39685,129.30219,-71.21293,168.12624,129.18045,-29.607767,170.00192,129.32295,-29.517765,172.09924,129.59772,-29.47643,195.91658,137.26173,-144.00931,193.60023,136.8329,45.812283,168.0767,156.5419,-57.795506,166.97414,156.36006,-2.1384356,206.81937,225.17517,-220.54248,215.52023,212.84395,145.39117,103.84761,307.39908,-118.24362,128.55992,280.03784,109.595116,146.44281,229.42598,192.38005,138.26302,230.30458,18.06769,153.37486,208.83789,204.72816,136.10765,215.404,39.299934,181.18466,216.97371,167.10481,163.0872,215.31255,82.5991,182.9489,225.57948,191.44548,166.99593,223.65382,31.74137,337.67862,373.64606,-128.06052,325.90503,349.26608,128.87793,180.31215,423.5765,-198.07231,192.86354,373.06348,318.67407,247.54095,555.2331,-240.4116,253.6006,485.18045,382.0933,277.93213,576.7799,-242.78122,280.50296,507.51764,391.55713,173.90002,581.83234,-238.86757,186.11154,514.8345,437.64496
2 (13).jpg,301.26538,48.58878,-37.17065,308.2712,43.33699,-47.14034,309.6261,43.932907,-47.08125,311.04047,44.47556,-47.124966,307.94797,41.993546,-28.556787,308.67938,41.644955,-28.581333,309.49677,41.432964,-28.554756,321.49332,50.544018,-69.27163,319.54257,46.184246,12.644796,306.2414,58.728775,-44.416035,304.94724,57.095787,-20.748165,332.99402,89.79204,-111.194786,331.02692,91.26915,74.718925,271.8999,106.54465,-138.20573,274.01086,111.39231,93.574905,208.36868,106.90548,-109.104225,219.58292,112.25562,56.75629,193.34167,106.42645,-132.41397,208.20323,106.46464,58.8729,193.29665,101.869606,-123.67039,205.087,106.251526,38.62343,200.04211,103.775475,-106.65283,209.05348,111.138306,46.160217,398.2646,196.40886,-62.025623,391.18414,188.56035,62.369816,295.1188,215.10799,-68.22064,300.76297,198.88116,89.62407,339.12927,291.61807,17.576977,322.06702,283.96466,147.21944,357.35223,300.45224,25.703053,336.3746,295.01047,151.80275,309.20288,312.25192,25.60712,290.39908,310.1652,156.21518
2 (14).jpg,191.05132,59.000515,-34.389904,194.6853,50.219975,-47.041157,196.4967,49.892273,-46.97672,198.37166,49.517254,-47.011528,193.04768,49.925888,-27.56532,193.15427,49.559208,-27.576813,193.4641,49.289124,-27.645561,209.84464,50.627117,-74.24962,202.38547,50.64658,14.155815,198.91388,66.05403,-43.266285,195.92628,65.96412,-17.39124,227.53085,81.719406,-120.882454,224.08739,80.16506,66.21203,140.63156,91.16514,-179.9094,148.06924,94.30834,80.63866,66.58194,81.25977,-171.7384,84.26118,88.97762,39.519497,45.87464,78.33383,-199.91248,68.74795,78.400444,43.975464,47.414825,69.83712,-182.72076,67.67938,78.14319,16.470749,55.587864,72.77249,-167.49059,73.942276,83.54413,25.786854,320.7312,187.09412,-66.99937,313.17166,177.48099,67.22715,219.46556,201.2658,-74.43471,216.48431,186.33922,95.963684,250.72446,290.13617,-6.7931423,245.15428,267.38522,149.14713,268.2907,299.28934,0.32665312,263.37488,274.82965,153.3888,220.56572,316.2612,15.191185,213.8309,304.96185,176.18854
2 (15).jpg,311.19263,72.34813,-61.631565,310.91208,61.93365,-56.234585,310.09485,62.27979,-56.121277,309.32428,62.641113,-56.225407,310.41367,59.90961,-78.29054,308.80164,58.25697,-78.203636,307.19577,56.757942,-78.11052,293.5813,62.363358,-1.3588511,290.906,54.99348,-100.35683,299.3539,81.63191,-37.80413,297.87723,78.46976,-65.80482,246.4838,106.70169,67.893845,261.3188,100.64857,-132.07407,310.79718,160.09506,103.03925,342.9606,151.75648,-136.46832,335.01715,166.34364,94.706375,367.21594,143.54756,13.416566,339.81424,168.89862,86.62557,375.40952,140.53374,18.593422,331.21658,162.97343,91.38157,368.94238,139.58131,10.799581,327.67078,165.04433,96.3206,362.01697,143.66684,14.440999,167.30774,262.78973,73.14316,169.74562,268.03473,-72.731834,247.4737,263.4049,158.81688,272.684,285.10678,-116.42532,179.94878,338.1854,227.42653,214.4112,405.40625,-90.1579,153.90047,345.58746,235.67194,186.55598,418.39694,-86.223915,206.71251,371.68652,255.31096,257.8997,452.06702,-91.57215
2 (16).jpg,247.62044,83.1869,-45.997437,252.68573,76.33502,-57.436462,254.21721,76.237885,-57.366184,255.79536,76.08889,-57.35582,251.6552,76.16847,-38.070995,252.09346,76.082375,-38.0962,252.62302,76.11532,-38.065174,266.07208,78.42898,-78.91044,261.53467,78.42257,7.1085553,253.54851,90.40783,-52.87762,251.88399,90.25381,-27.726395,280.64587,110.03737,-117.09345,274.35693,111.928215,66.74305,218.78659,122.678734,-162.02446,218.48445,122.75144,87.65967,161.84332,121.89473,-144.79753,165.02048,121.83903,54.24247,146.97568,119.27202,-171.63867,152.70161,114.56629,54.95264,148.39229,113.9285,-161.355,151.00798,114.4756,33.986607,153.88283,115.95426,-142.95503,155.92336,118.51502,42.977604,351.88437,200.62468,-63.544945,341.13843,194.49495,63.79463,264.19046,239.99663,-86.50749,265.0873,222.3808,68.77901,295.72485,308.50235,-16.790508,287.61667,293.70856,121.707535,310.20602,316.74734,-11.802644,301.06302,302.00833,126.09264,265.74832,331.7946,-32.87581,258.17142,324.5285,118.28061
2 (17).jpg,199.77199,111.09638,-45.887325,204.33246,104.1193,-54.194202,205.96225,104.07176,-54.12684,207.59833,103.96602,-54.098618,203.04013,103.56498,-34.85337,203.3553,103.34061,-34.867977,203.87254,103.14752,-34.91121,217.42558,105.84611,-68.74534,212.56879,104.79312,17.419529,205.90666,118.070206,-51.53027,203.6246,117.53751,-26.424852,234.12839,131.86186,-108.262085,229.08434,135.0361,63.142994,170.79643,151.70918,-160.2313,169.56607,156.56274,58.288177,106.442276,152.6649,-155.88779,112.54692,162.02048,10.278802,88.69539,150.65833,-179.638,97.42191,154.44798,16.225855,89.283615,144.52696,-162.49274,95.84624,156.33775,-3.3022287,96.49502,146.95988,-150.55751,101.433426,159.95271,0.49048662,327.7656,191.97772,-62.114,317.4048,190.80006,62.41115,254.41273,210.83226,-159.76332,241.10638,214.05592,71.170525,267.67087,291.4169,-138.55229,258.11206,277.1426,110.68143,280.73517,302.4794,-138.56068,271.58142,283.04477,113.01925,230.59576,311.02557,-176.41368,228.89616,306.97845,106.32754
2 (18).jpg,216.14821,41.06648,-46.96914,215.43347,34.298054,-42.074505,215.37772,34.049698,-42.053978,215.40039,33.852722,-42.087162,213.53883,34.694073,-55.916058,212.01414,34.438297,-55.893635,210.50244,34.267345,-55.886684,209.71666,34.821156,-4.410184,203.12033,35.466736,-66.72951,213.56525,46.72662,-32.06071,210.89148,46.78105,-49.871437,197.7646,64.14068,54.92684,192.10513,60.93688,-103.75198,241.35194,75.33481,83.6011,240.86765,73.60257,-142.17249,282.56982,75.83215,51.121185,284.48328,71.9426,-123.81615,291.56808,72.80856,49.774925,295.62198,69.789566,-143.10675,291.42618,69.659836,36.868275,293.98767,64.92442,-134.20871,288.63052,72.02253,43.390186,289.81296,66.53574,-120.63493,152.43497,139.36192,52.28595,145.45767,140.81152,-52.13747,212.7532,143.64345,73.44926,215.13634,150.49335,-79.311844,179.18802,192.17242,122.65084,176.49799,193.28564,21.45582,168.36311,197.68027,126.91703,165.62488,195.51788,33.85319,189.93578,211.4487,147.14317,179.9691,209.18365,68.06243
2 (19).jpg,282.0536,97.31768,-38.34227,279.83087,91.57353,-30.640371,279.19626,91.46215,-30.6323,278.62823,91.38491,-30.619347,279.13647,91.68834,-49.88132,277.89868,91.381325,-49.855988,276.63705,91.130066,-49.874187,270.19446,92.70156,11.450439,267.47467,92.15422,-76.255646,276.68118,102.9338,-22.147612,275.77783,102.89081,-46.854046,249.36052,118.74769,65.13042,248.33685,116.14984,-120.57127,273.45047,141.76715,78.34609,274.29266,150.47171,-145.0156,304.04813,137.03453,11.0192795,309.95764,143.01952,-88.53082,311.40802,132.92606,8.346623,319.6264,139.22528,-103.98679,310.65173,128.52461,-6.1154776,318.20392,132.97423,-94.45459,308.25644,131.76822,3.1453674,313.42892,135.4857,-83.301346,199.08815,174.71059,59.45227,192.7169,176.50449,-59.319016,252.15114,173.11053,122.53529,246.48096,186.83896,-145.16766,232.89975,229.52144,177.17026,218.11732,245.89444,-131.45119,221.48447,239.39038,182.59438,205.13927,254.84055,-132.11755,256.1123,243.37248,178.13937,242.87387,263.1787,-165.07785
2 (2).jpg,161.2356,113.52648,-151.15836,166.37007,108.35321,-148.45204,168.6033,108.38462,-148.42705,170.81367,108.40699,-148.39572,161.44595,108.26987,-138.74898,159.97086,108.14684,-138.6632,158.4905,108.087326,-138.62811,177.68213,111.37452,-122.66518,162.01741,110.353325,-78.83814,166.97246,119.01565,-141.71611,160.22644,118.701195,-128.78314,193.20142,134.83992,-128.60126,159.29402,135.59612,-37.1043,180.1433,169.22728,-169.54353,140.82426,174.6455,-113.63809,154.92213,142.09727,-202.95114,141.85503,147.58624,-215.94646,147.67003,137.83122,-215.0057,141.13315,140.1882,-228.67282,152.41109,132.34538,-215.31708,144.10316,134.83719,-215.82231,156.04196,134.0456,-201.37616,146.91203,137.76964,-212.97403,213.16782,186.4716,-30.255157,191.80951,185.37582,30.283651,187.23643,224.5342,-175.67804,155.3689,214.76167,-79.355675,218.40196,258.16736,-70.90727,175.63614,245.72472,25.320642,226.8364,261.93787,-64.247536,182.57538,249.28503,33.475536,210.60143,276.56964,-125.51948,160.22113,264.05008,-0.24395344
2 (20).jpg,212.55553,54.791603,127.80021,213.71672,44.752964,105.49007,212.26361,44.13538,105.39146,210.8974,43.47474,105.23369,219.90948,46.345085,115.19741,222.53534,46.612392,115.33469,225.21895,47.0545,115.337425,214.7314,48.44161,24.811052,233.85562,53.060158,72.537766,212.22874,63.48041,102.401276,217.42302,64.89445,116.53779,191.29305,102.497574,-43.136406,276.29166,103.99701,114.12127,143.40422,137.45583,25.510336,264.6484,138.66122,240.55547,113.036514,121.029655,190.42738,225.96106,121.19319,382.91974,100.73984,112.0067,198.75378,219.30602,114.410866,416.46252,107.97216,107.2139,210.27498,213.22989,112.06991,411.13226,115.81563,109.98091,197.32178,212.98587,114.924484,382.98746,242.45494,246.38766,-50.53476,295.1289,245.13695,50.7166,142.462,254.94693,52.14476,273.57678,231.70128,211.5951,182.68541,364.1554,34.132206,288.74414,327.2888,208.50786,200.65286,382.96695,36.056732,295.13568,343.58313,212.03622,155.25139,378.582,107.541466,281.2977,343.20404,286.3307
2 (21).jpg,281.10272,105.40901,-74.73771,284.96213,100.980804,-86.82516,285.6852,101.31329,-86.91295,286.45923,101.62133,-86.918365,285.30435,99.83165,-66.62201,286.21448,99.25356,-66.55276,287.16306,98.74422,-66.591095,294.29846,104.21702,-108.36275,295.85437,100.038704,-17.271679,285.3473,112.231094,-83.10584,285.24915,110.63301,-56.74804,316.46307,135.40582,-127.38239,302.1574,134.93591,45.01562,311.84344,175.40918,-69.83998,299.83075,173.84428,-31.100658,291.06424,151.03242,34.513584,282.87097,152.5569,-179.94577,283.97733,144.76678,38.39173,274.81662,147.69377,-193.29799,288.87134,139.83209,31.344183,277.88327,142.35481,-180.69176,293.18277,142.27551,37.42596,282.30142,144.13652,-179.63509,345.55078,199.60338,-62.481464,329.42572,193.98643,62.591335,310.09238,212.59415,-255.64644,279.5137,201.50542,117.21876,333.27902,272.00656,-219.6753,296.2493,248.21123,206.99187,342.96988,283.20966,-217.10716,304.14365,256.6479,215.42966,305.79846,285.22534,-272.06778,273.2241,261.32672,198.073
2 (22).jpg,222.44684,70.07418,-34.35251,228.94937,66.89961,-52.08708,229.78215,67.516624,-52.05891,230.63138,68.12082,-52.096382,230.50711,66.61071,-29.13306,232.07617,66.87928,-29.05817,233.74841,67.25273,-28.971842,239.85393,74.77807,-88.9581,243.72282,73.6993,17.144901,224.50397,79.18545,-48.776295,225.96428,78.47845,-17.79418,240.74158,115.52979,-131.04501,247.02144,115.042915,81.38816,192.97977,139.7037,-108.15473,199.87738,133.7538,78.14471,195.77802,108.279724,-3.1019738,198.08913,107.56762,29.89446,195.41833,98.11181,-10.271635,198.24883,97.44699,36.0989,206.42436,101.370316,-21.73987,206.52597,97.295944,46.697464,208.40094,106.54176,-3.6808143,207.2413,102.46656,31.449865,299.68332,189.09218,-73.818634,299.03833,182.24422,74.080025,220.50056,201.85295,-122.21026,242.59387,191.73717,193.52338,262.91342,274.00488,-122.29783,265.62024,251.21736,241.77779,277.1818,287.13333,-124.370186,276.9475,263.99802,248.22911,228.24496,285.2292,-138.61346,230.70692,261.2551,253.75182
2 (23).jpg,277.50412,150.1493,-37.673927,285.40723,140.02255,-55.370274,287.74387,140.09088,-55.292587,290.19595,140.05974,-55.36892,283.99796,139.26718,-27.967674,284.50995,138.9689,-27.999027,285.19748,138.85367,-28.03836,305.7506,145.12291,-94.7391,298.5705,143.15201,29.500908,286.339,162.08289,-50.627068,283.2824,161.30475,-14.334393,324.64175,196.58377,-149.82599,318.05777,197.68646,97.11798,218.87599,214.18335,-198.91216,225.40898,216.31538,122.34366,117.43486,198.21965,-164.7261,138.42133,204.79053,73.35448,90.26524,191.4276,-193.77863,119.45024,189.32419,77.938156,92.40324,181.02997,-173.73323,115.96909,188.71983,45.198174,102.7008,185.63234,-159.26797,123.7154,197.36516,56.39136,422.61917,359.13235,-83.781624,413.44617,350.37088,84.20595,286.16882,371.33795,-91.281166,299.53717,362.88412,115.96952,350.4086,484.394,2.601754,345.7524,466.85352,194.5287,375.53058,495.22797,14.571383,368.04965,478.1225,201.70023,326.02606,521.2423,49.480457,317.72864,510.8055,228.81754
2 (24).jpg,246.36597,73.635086,-176.35156,247.57666,67.18704,-156.03983,249.36401,67.334694,-156.14748,251.22896,67.514046,-156.06969,240.41843,66.37597,-169.85326,237.55176,65.91103,-169.94426,234.71642,65.44431,-169.9549,247.26514,70.53048,-54.11406,224.9853,67.13321,-119.11949,246.56082,81.98698,-142.17079,238.50156,80.848724,-159.82254,256.12875,110.64961,-8.26898,194.06952,107.75014,-114.82666,280.0471,158.07268,-149.29243,197.01547,162.68248,-186.95622,260.83673,125.36664,-356.29324,230.94647,127.91792,-258.5084,257.3332,116.34324,-388.50134,242.79932,120.43939,-282.92987,252.69789,112.0128,-362.40677,236.23431,110.2244,-279.25043,250.03448,115.309456,-351.25735,233.67198,114.93833,-253.5738,218.6063,180.92348,44.97305,179.68864,180.74144,-44.781586,265.13577,185.218,-143.31277,203.11504,182.94016,-328.75073,243.1097,247.75642,-13.139596,184.09918,256.11578,-183.31099,232.42155,259.206,-2.7969525,176.64214,267.02942,-175.6248,269.11166,270.22742,-77.9187,201.86826,282.9267,-285.40778
2 (25).jpg,234.24466,141.90332,-230.44177,236.96367,136.71306,-217.89279,239.17162,136.59341,-217.83733,241.42296,136.42522,-217.79333,230.2298,137.19604,-218.7752,227.8904,137.36557,-218.67828,225.51811,137.58818,-218.64034,244.59465,139.24968,-139.38779,221.95897,140.57724,-142.06482,238.31638,147.91644,-200.57755,230.26682,148.58504,-201.23643,256.8371,167.3709,-113.89615,210.14874,162.9828,-119.99041,262.40158,190.35121,-284.7354,195.459,174.57541,-291.8677,248.39262,189.83104,-439.71365,223.31148,182.126,-439.89844,247.12129,189.96242,-472.76462,228.09555,184.4277,-471.3583,243.10649,186.02916,-458.14624,234.05144,185.09315,-455.94717,242.28563,187.73952,-437.83087,232.8999,186.62332,-436.9353,243.12697,222.315,2.7908325,212.52013,219.89496,-2.5983238,271.24594,237.72264,-199.95422,193.30223,230.81714,-227.94206,265.35016,284.33575,-93.32248,190.52487,280.6557,-98.65419,260.02374,293.76868,-88.653404,193.06828,289.8804,-91.815605,276.06854,298.36996,-168.65923,183.67632,297.62054,-178.338
2 (26).jpg,209.31602,170.9601,-41.87947,210.0115,164.22375,-54.96966,211.36388,164.02087,-54.960133,212.79433,163.77635,-55.011078,208.91322,162.81416,-35.140343,209.17133,161.82716,-35.14705,209.63055,160.8742,-35.142384,222.35535,162.735,-88.42486,217.592,159.22696,1.1972656,216.91768,175.74577,-53.584328,214.99596,174.72931,-27.348783,246.06543,185.46133,-128.85027,241.71347,176.51364,58.142464,194.08061,206.97426,-185.42677,190.0606,199.7269,68.558586,135.28323,200.70862,-171.13062,137.39355,199.0965,1.477278,119.613304,197.44655,-200.16632,124.026924,191.16367,5.7717977,119.450836,190.76605,-183.64366,122.75809,191.62068,-21.66676,125.12739,193.06534,-166.98613,127.94781,195.70523,-12.469801,326.0076,257.2717,-67.09539,319.66174,248.02605,67.39113,248.66566,250.4761,-102.29779,243.71701,231.38179,140.63344,262.3149,326.17603,-47.35844,273.29828,289.59528,235.83359,272.6152,337.8394,-43.20983,285.79315,297.6658,243.8896,229.74236,341.1203,-52.973206,246.79616,309.2372,264.73227
2 (27).jpg,284.1003,136.53401,-97.50861,280.86838,126.42881,-84.34858,281.65048,125.91348,-84.34061,282.55106,125.409004,-84.36265,276.39972,127.548904,-106.16979,273.53687,127.56268,-106.1598,270.71576,127.7204,-106.186,274.6367,128.98747,-10.206519,257.40338,132.57532,-112.98154,281.4823,146.24174,-70.3118,274.87817,147.4642,-99.488976,280.26294,183.78677,45.182026,225.65424,166.56975,-163.84283,353.10995,184.82748,37.811337,259.7132,192.15234,-273.15833,420.56488,160.73897,-32.584408,297.52844,188.39491,-328.25183,442.30057,156.23647,-50.81072,305.59558,189.21959,-352.08203,436.80304,148.60788,-62.963493,307.26865,184.94246,-354.46683,428.29922,152.45085,-45.11005,303.46005,187.46075,-329.45944,221.80595,292.60248,67.59383,179.89749,289.03357,-67.40418,301.60208,276.45453,36.545147,209.3764,299.10495,-313.44254,278.15805,360.22867,85.05179,191.49951,405.90842,-267.91733,256.99652,377.12463,87.485214,178.55127,421.84348,-266.68106,328.95316,389.4821,60.332504,226.04417,439.3686,-358.86154
2 (28).jpg,308.20206,104.87912,-105.44208,315.17874,99.96547,-101.67919,317.78592,99.96107,-101.5939,320.40216,99.90356,-101.57268,309.60953,100.322624,-87.19803,308.35278,100.260994,-87.13335,307.07822,100.33532,-87.18335,330.93576,101.99196,-77.88006,312.7436,101.9116,-13.644305,316.44952,111.34617,-98.216095,309.70584,111.15292,-79.78994,354.25812,121.60312,-101.10666,307.9648,132.11357,3.8963015,344.50305,135.13626,-187.91779,267.03864,142.17847,-50.446266,299.74683,135.01706,-234.00931,231.17955,138.3345,-120.690025,290.50073,137.42363,-251.65099,217.18033,135.56244,-126.92245,287.95947,133.27693,-245.09921,218.77104,132.75487,-129.51907,291.56058,135.47615,-232.25002,224.45901,136.2775,-125.49478,372.94534,200.03185,-25.293823,340.93124,203.5896,25.328276,382.72342,209.90192,-187.61562,288.80893,212.74724,-67.21509,381.38635,288.66476,-138.3905,300.1514,281.3559,-32.721752,379.14563,301.75204,-137.67848,311.84625,292.88837,-32.741596,373.65137,306.5578,-208.8471,268.12158,303.6909,-72.83194
2 (29).jpg,427.2001,228.8091,-118.9801,432.4387,220.75746,-138.53227,434.02133,220.97243,-138.40198,435.67456,221.17627,-138.48119,432.52594,220.05652,-107.85946,433.6816,220.04279,-107.84364,434.99405,220.15857,-107.80325,447.1107,225.11316,-180.284,446.3527,223.74219,-39.362507,432.74237,238.104,-131.73712,432.40195,237.69354,-90.31453,460.50778,267.37848,-234.26451,460.39883,255.35162,50.739037,387.22607,267.76587,-323.0542,396.4681,250.054,81.516655,320.276,253.53587,-332.7386,340.7017,233.98946,-3.0638947,302.6383,245.42883,-379.44986,329.0688,221.30867,-0.18145996,305.54803,239.25156,-357.24963,326.8948,222.92139,-32.48675,311.56824,243.82877,-328.16507,330.38474,229.43703,-19.57524,539.4206,365.99005,-96.15772,530.7236,354.72604,96.45659,478.36172,401.59616,-145.06483,469.07645,391.2614,166.16245,492.43274,484.48007,-40.752216,493.79013,464.7432,286.60153,502.46365,501.59225,-35.49142,506.39215,477.56357,296.80832,452.91623,494.58,-87.428734,458.2928,485.48346,287.6569
2 (3).jpg,253.24799,46.86854,-45.160862,261.41602,38.811115,-50.883682,264.1881,39.15838,-50.865417,267.07007,39.433834,-50.93628,257.19614,37.734425,-34.781254,256.26907,37.188892,-34.813667,255.37965,36.821793,-34.90852,280.0852,45.85723,-51.197437,264.3473,41.979015,19.320744,262.7156,59.604042,-44.455517,255.58984,58.269398,-24.364843,299.3163,98.193886,-97.087395,268.06638,101.4268,69.33903,209.23828,122.0431,-97.790825,190.3067,126.50706,74.73071,116.5519,114.64945,-63.85384,109.32607,124.98059,18.735447,94.85759,118.24025,-90.194954,89.8986,122.83082,15.422412,90.48886,106.17691,-78.75417,87.87149,117.956764,-8.008796,98.18195,106.762314,-61.059597,95.91283,121.83305,6.8835783,346.74136,250.66232,-47.863102,320.29935,247.63321,48.20018,271.37396,260.5433,-116.188034,214.81862,272.48834,24.585484,266.73666,357.48712,-22.190414,324.63318,340.91583,46.291786,276.6755,362.8551,-8.368783,343.88025,337.0311,50.65618,227.88367,392.60696,-12.274754,346.74268,377.32907,29.550688
2 (30).jpg,487.67694,251.67657,-64.99665,493.57642,242.1446,-45.134434,497.00723,242.32344,-44.953667,500.4364,242.52675,-44.72003,482.18652,241.7371,-48.72106,478.77396,241.2568,-48.700424,475.34808,240.84613,-48.93937,505.2416,243.99603,64.30318,469.79968,241.179,56.544796,493.39392,260.2905,-23.151941,480.96613,259.1778,-25.209578,519.9367,275.15717,51.629864,444.2656,273.91028,40.454773,532.2651,277.396,-154.91283,428.95245,279.8914,-201.39717,540.3021,269.75793,-389.27,444.992,268.11722,-414.25565,545.5165,263.11282,-460.03372,446.44672,260.5118,-477.77753,534.5746,258.83017,-463.62033,459.31323,257.46973,-479.9973,533.225,263.35663,-404.46866,459.55573,262.82986,-425.72775,511.0626,365.65756,2.894661,456.41342,369.4459,-2.7446418,569.9364,376.67413,-259.13998,393.79184,381.45325,-243.26947,548.9991,460.69537,-117.79446,423.04977,458.6012,-97.02877,539.5837,473.77142,-108.523834,431.70148,468.39847,-88.26358,568.1259,491.75348,-222.89354,412.18765,491.2331,-213.48955
2 (4).jpg,494.20776,120.54177,-72.09282,503.63248,110.6228,-47.375145,504.6858,111.49401,-47.211445,505.9251,112.59818,-47.344315,497.57764,105.90053,-72.63179,494.47498,102.904755,-72.5326,491.22205,100.20781,-72.82995,494.41788,116.47385,72.91242,475.31482,100.558334,-44.347813,481.5216,136.85188,-27.760864,473.6875,129.75526,-60.71056,409.65558,172.4649,227.8262,419.70862,148.33372,-159.4899,494.30063,214.07146,307.35428,559.3382,196.83882,-303.7617,605.45917,215.86557,179.79492,698.3905,190.79419,-296.07126,629.3067,204.816,175.3439,734.523,183.98232,-351.02783,637.6498,198.68414,133.3691,733.78064,168.73653,-326.72412,631.65735,207.07497,157.4841,720.2074,173.74951,-289.91876,186.82083,299.69748,147.45317,179.09465,292.2407,-147.1631,382.9608,319.0946,247.2906,401.47577,330.36987,-255.08186,278.93994,437.8528,445.08972,303.0244,485.9252,-64.55817,239.07552,452.08505,464.70056,262.36404,498.89093,-44.944595,323.5658,493.15967,482.01544,356.09293,551.77264,-52.70673
2 (5).jpg,174.12897,102.04636,-127.36564,176.99387,97.946594,-128.13913,178.3737,97.80966,-128.13126,179.7667,97.678154,-128.1503,174.39694,98.204765,-114.90299,173.85434,98.18166,-114.83346,173.34659,98.22974,-114.796005,185.08058,98.59512,-123.37847,176.9144,99.2689,-63.387707,178.4879,105.3673,-125.93396,174.98221,105.60479,-108.48032,194.47734,116.46119,-148.18568,180.18042,112.961296,-14.49056,166.4748,124.32603,-176.352,156.1997,115.92731,-2.4791532,138.43039,116.109566,-167.11333,135.25934,113.8136,-42.999073,130.40218,113.59776,-187.05879,130.26149,112.15798,-45.62049,132.70067,109.991356,-181.14653,129.8638,110.95771,-59.728653,135.71912,111.318665,-165.91963,131.55676,112.29636,-50.428745,213.94891,158.41505,-41.47845,203.0328,153.65785,41.642357,182.15219,163.08273,-143.50652,170.85153,155.62961,9.59502,188.90836,192.76291,-46.635395,188.40753,186.07344,70.26845,193.43681,198.21638,-38.520035,194.74173,190.73378,74.54578,174.64711,198.40591,-68.27992,176.21689,195.83038,53.8197
2 (6).jpg,289.359,72.8029,-60.413937,285.3119,62.01262,-49.9919,284.303,61.648254,-49.959114,283.44983,61.34607,-50.017765,284.20123,63.07201,-78.30383,282.06763,62.838917,-78.349365,279.93256,62.741695,-78.49379,270.94693,64.377304,12.587815,265.8705,66.34133,-115.05988,283.1916,82.782364,-36.671852,281.02325,83.15511,-73.35933,257.09467,119.90262,104.19662,244.33408,110.03573,-196.43553,345.9716,125.369576,137.3349,347.31653,121.62253,-275.4917,418.94073,113.19711,74.45128,431.82962,114.912186,-251.00795,433.73495,103.45603,73.612175,451.42947,109.43449,-286.90158,432.58597,98.230804,47.851295,448.50702,100.88854,-265.36877,427.9728,102.614395,59.637077,441.40704,104.44853,-243.11073,193.38358,255.74297,96.0262,177.15187,256.50778,-95.79861,284.5311,266.5872,110.08977,284.7901,281.90738,-140.73352,234.95108,356.43365,175.27925,226.64961,352.2546,12.650612,217.97398,366.45935,182.65775,208.18214,354.42166,31.423105,251.36453,397.22455,198.60956,231.33,389.94815,68.96693
2 (7).jpg,331.37363,171.52487,-505.5852,348.49536,152.01906,-508.349,356.0478,151.77066,-508.04105,363.69913,151.46048,-508.15356,334.78223,152.05992,-452.6546,331.75748,151.76541,-452.38864,328.7662,151.89915,-452.29907,390.99634,159.12299,-449.81396,346.92172,157.81609,-207.65308,353.37384,190.86115,-483.50525,334.23712,191.15274,-413.28638,419.79108,249.6371,-591.1404,360.2285,238.80487,29.642159,290.67685,275.5995,-858.0698,229.50954,265.6009,115.69445,133.57799,259.7542,-924.9502,121.35108,263.80527,-22.647932,101.98678,249.62817,-1020.6491,90.26213,254.81648,-20.860174,99.0401,241.98772,-987.7503,89.56437,247.5951,-69.81442,114.48675,248.81624,-918.3486,100.28406,257.10977,-49.377422,526.28265,481.1876,-165.22688,471.11444,474.11087,165.74483,404.93802,519.55115,-630.1548,302.28348,534.1808,-31.02993,462.63376,678.1974,-293.42847,381.96002,680.74615,268.73914,485.90277,707.90753,-271.48343,412.4217,704.9423,290.2013,390.08356,719.03235,-444.39575,305.07715,725.4547,197.86247
2 (8).jpg,330.803,109.92111,-198.85126,330.72324,104.37133,-172.77583,333.318,104.5922,-172.73619,336.01627,104.78154,-172.75847,321.30966,104.24065,-187.64586,317.39563,104.278854,-187.56802,313.45685,104.43358,-187.50464,333.50357,111.8626,-59.663048,302.3175,111.642654,-125.78155,333.43454,121.79477,-159.31927,321.61728,121.83617,-177.71576,347.11572,159.97215,-13.853054,272.72647,153.55618,-182.84854,389.5764,166.70332,-145.159,297.9776,185.08815,-359.47977,426.55902,153.68114,-324.99133,348.02628,152.52837,-462.57516,444.73062,151.57695,-349.47974,357.78534,146.42259,-498.13748,437.34482,150.11656,-350.70807,360.0411,140.15652,-487.62015,428.89853,152.81068,-332.36584,357.4158,145.71222,-458.5055,311.09717,269.80002,45.040882,259.55695,269.58112,-45.03805,384.5522,302.46835,-155.03488,250.01332,307.23145,-354.2845,365.43933,389.12924,-4.0153213,240.91098,394.56226,-182.47807,348.0328,404.84744,5.684213,238.94987,407.72446,-172.43753,407.34195,425.41165,-79.03241,246.0238,429.3817,-294.39584
2 (9).jpg,549.97095,238.36157,-232.57549,546.1141,225.70726,-215.7747,545.17444,225.2991,-215.81052,544.3996,224.98982,-215.78201,544.2891,227.34515,-256.05585,541.5141,227.5327,-255.97437,538.80316,227.9485,-255.86858,533.22345,229.80095,-104.346924,525.717,233.17218,-292.07913,545.77264,250.45238,-189.7334,543.0543,251.85071,-242.946,527.7035,289.94727,69.263245,503.22995,287.11353,-388.88165,600.8019,304.0287,181.45279,593.36005,296.80502,-524.2041,669.5717,288.6993,85.91801,677.2783,285.32233,-540.46985,685.2731,279.35828,90.4748,696.4314,280.7933,-610.7243,683.67596,274.36465,47.2701,695.2523,272.78458,-585.8946,678.7266,279.81198,62.097958,688.61053,275.14502,-533.9842,466.10052,426.4403,140.94815,445.35986,429.7512,-140.6723,559.87354,435.67218,323.5967,557.7479,446.77576,-260.9146,516.6662,525.1088,519.7378,496.63318,532.23975,-50.12612,501.7105,541.39935,534.60876,479.7529,540.7706,-29.279716,548.5585,537.4858,553.4642,517.41925,548.51196,-23.95386
23456.JPG,268.5306,124.64953,-192.8777,279.66214,116.02704,-185.72668,284.49487,116.45165,-185.69434,289.3306,116.823524,-185.56567,268.88937,115.73701,-166.79015,265.7336,115.66936,-166.67595,262.53314,115.72098,-166.6994,302.9208,125.6204,-136.3108,268.03268,123.72771,-50.512775,279.69592,138.72575,-176.50255,265.6895,137.54933,-151.28894,332.44244,185.67207,-144.52005,251.9889,177.29341,0.79496956,308.934,268.9621,-235.3471,210.65881,257.27267,-154.95305,279.158,202.5763,-300.41858,233.80858,202.21664,-338.6008,267.25763,188.61293,-318.98218,238.42758,187.12544,-359.06528,280.62054,179.1263,-308.08243,243.15181,176.45898,-320.05215,284.24805,185.67833,-292.7417,247.40372,183.71742,-326.1408,331.8529,287.8672,-44.39861,282.10767,281.17087,44.612694,344.98413,278.9109,-386.4309,202.7903,265.3171,-135.28586,349.49786,373.4587,-197.70372,242.70667,342.7937,27.111662,349.0674,391.58203,-184.50218,258.966,356.12433,40.18802,345.83746,399.9637,-299.03592,211.16403,373.71503,-24.34685
2455.JPG,194.69449,132.48767,-312.89023,192.3321,121.48915,-289.83597,195.41727,121.43425,-289.87634,198.61249,121.31741,-289.88416,180.85962,121.80698,-312.03705,175.34732,121.78824,-311.90356,169.8641,121.86537,-311.88913,191.08905,126.362625,-160.0648,151.95065,127.19946,-258.97406,196.05795,144.84825,-263.59775,181.23605,145.18327,-291.2184,207.38416,181.21367,-72.3511,112.50691,183.28877,-257.6518,261.29413,250.63509,-186.94252,145.52919,272.74417,-347.51053,266.64978,214.40292,-426.89178,221.52872,216.60559,-385.20505,272.55487,205.08958,-475.2786,243.93472,206.88654,-412.6204,264.24112,194.05986,-462.0507,237.09839,188.27701,-405.728,256.49817,199.73958,-430.00226,231.52434,194.25946,-379.96057,158.76732,306.11868,55.984997,99.31089,310.5587,-55.911404,247.99228,319.05255,-49.130516,117.30521,305.69592,-386.0967,227.51868,405.11053,174.15288,100.592674,435.6933,-186.10507,206.4343,423.57965,191.54863,92.48613,454.86218,-172.38097,284.70074,445.6566,125.74703,120.072044,485.6977,-301.6719
3 (1).jpg,222.47728,103.8687,-67.80653,228.19986,98.96159,-72.38262,229.82263,99.54454,-72.33766,231.48248,100.07823,-72.31606,226.2946,96.774734,-53.16473,226.5405,95.67728,-53.10731,226.77763,94.71937,-53.103893,241.53508,102.41457,-82.498505,234.92546,95.37341,-0.1898284,228.83794,111.756645,-71.92301,226.15556,108.99079,-48.28354,259.87073,131.10785,-137.6054,232.68636,130.52585,31.389067,208.81958,149.61757,-211.1502,193.81294,148.92125,3.555355,160.32419,150.49275,-211.46295,158.27774,149.40889,-68.67174,150.02893,150.21704,-231.7623,147.165,146.59236,-76.51566,151.80643,148.40617,-222.85657,147.9641,144.06247,-86.74633,156.30664,150.07863,-208.79988,152.16432,146.78807,-76.1149,286.71674,209.8516,-39.395084,262.07858,207.87408,39.61364,244.64369,226.06165,-198.33083,209.43512,219.9021,-48.6033,269.8065,282.65866,-140.3133,235.00682,268.50635,24.089714,277.8461,292.55124,-137.9172,245.67783,276.43134,31.044504,248.04019,295.99213,-196.58292,208.1545,283.84354,0.84400487
3 (2).jpg,284.74475,108.12205,-223.19353,281.37735,94.29201,-203.55191,281.9676,94.18727,-203.60733,282.73685,94.19734,-203.68347,276.20322,94.91416,-239.30743,272.5889,94.59625,-239.19452,269.00287,94.52273,-239.32953,272.22397,99.7791,-85.26156,254.24173,100.04333,-247.7664,281.6313,122.45596,-179.555,274.9476,122.951515,-224.96336,251.76625,167.84926,75.95082,233.5129,151.39934,-339.71054,321.98444,184.48679,133.58134,349.36383,174.15845,-466.79083,404.13342,170.17441,23.449842,450.3238,158.32722,-486.17105,427.21875,164.19475,28.064083,471.04422,158.97194,-540.4655,423.56787,160.22055,-6.3842316,470.02664,148.61473,-517.1466,414.7908,163.98526,3.7526016,460.96576,150.14587,-478.48938,145.69415,314.88437,134.53445,119.80498,316.7004,-134.21347,250.08644,316.17474,270.46265,254.46979,354.892,-334.59576,207.95491,431.66565,406.0083,201.66302,479.51468,-300.65976,186.84259,452.3862,421.00482,176.56169,496.53122,-298.02527,251.35649,461.12793,430.0242,252.91928,516.7947,-344.75394
3.JPG,344.6951,177.91336,-291.94766,349.186,154.98589,-257.6223,357.13177,153.97008,-257.45032,365.15042,152.79543,-257.30432,325.18942,157.81644,-272.4008,315.34805,158.41225,-272.37863,305.4878,159.2668,-272.47726,366.1211,157.89621,-53.880486,284.83444,167.35387,-102.732475,356.15097,196.60382,-212.72185,326.3269,199.9394,-226.23744,403.3412,231.55997,20.234083,243.88005,250.23639,-70.285645,400.55502,318.38245,-293.49826,309.6946,343.2357,-442.11456,395.44492,245.43794,-609.29346,353.37585,213.8568,-595.1379,407.85657,222.83875,-673.14575,359.13525,179.01982,-622.5407,406.06952,215.39194,-642.0059,345.68146,172.16313,-574.9429,394.2797,223.3713,-607.9719,349.09412,184.43921,-578.1157,395.77875,462.4743,9.818098,280.26474,474.34555,-9.215976,527.1285,478.11148,-655.4635,185.20824,487.10992,-652.2457,483.81885,678.1398,-385.85526,207.5309,689.35144,-409.07156,459.915,709.23926,-373.06238,224.82439,718.5429,-398.77914,523.7892,740.41754,-608.9429,191.39806,757.3174,-635.9703
4.JPG,177.49104,131.23888,-21.024876,182.38635,121.161125,0.8790292,186.56288,120.76908,0.97153753,190.72728,120.459076,0.8550006,170.34822,122.816986,-0.96524733,166.00098,123.06202,-0.7749577,161.64977,123.48435,-0.74652874,196.94138,124.52302,106.57968,155.76137,128.15674,106.503876,185.9189,141.39586,18.500519,170.96257,142.63893,18.175325,219.42953,169.44608,85.56501,134.99834,167.32953,90.317986,206.0899,203.0261,-143.48032,132.74472,183.16508,-150.6091,199.88954,150.32722,-316.26044,135.99557,130.37859,-317.69434,202.33832,133.52486,-352.74707,129.93152,115.73951,-356.04922,204.10901,131.47855,-336.91742,137.04666,112.089035,-331.5069,199.0977,137.88449,-315.432,143.0252,120.15258,-313.22073,209.88916,285.79852,-3.2138584,148.7882,290.091,3.5021574,275.92886,294.20416,-361.6345,93.383514,300.1306,-353.32132,256.25476,402.64493,-284.37894,110.94583,408.5215,-286.07687,246.30968,420.46573,-283.57196,120.70618,424.49426,-287.2897,274.20898,436.0939,-408.74442,102.59719,443.27298,-415.67932
4321.JPG,136.1093,119.1705,-202.84726,141.39342,112.68975,-179.95876,144.35008,112.856186,-179.80289,147.32217,112.95487,-179.67282,131.97263,112.516335,-181.02922,128.99084,112.34811,-181.02312,126.01291,112.22097,-180.99164,150.85449,117.903244,-74.805046,122.16107,116.63826,-76.551384,140.97469,128.25703,-166.42085,130.42535,127.77488,-166.62805,170.2595,165.4967,-37.521126,96.665405,163.26357,-54.895172,175.68715,220.80812,-175.69885,90.82845,221.66649,-218.38918,158.86519,180.78609,-347.55817,113.38935,178.56337,-392.07147,156.4767,167.94873,-384.82666,116.935776,162.82549,-426.8167,157.36166,162.42189,-367.55673,115.400536,160.0043,-406.54205,155.44185,167.41373,-344.3541,117.54252,166.18231,-387.18213,160.02158,258.64914,3.3166797,110.23057,257.68137,-3.0921235,227.08919,280.62433,-222.15266,40.988014,283.29483,-223.8492,230.20859,344.45816,12.767598,40.716923,345.04727,11.225629,223.99881,356.08987,33.05943,46.92496,356.3774,32.265774,252.52359,362.37015,-54.236588,16.075191,363.45627,-49.682384
455.JPG,152.20491,37.58365,-179.52936,158.44286,29.908741,-168.005,162.02802,29.869919,-167.96974,165.65158,29.768742,-168.07025,148.92857,30.657448,-162.71988,145.67819,30.875704,-162.59258,142.4062,31.195126,-162.63002,173.39114,35.74071,-91.80014,140.9947,37.345108,-70.70188,160.29529,47.327717,-152.29034,147.69063,47.88368,-146.3002,198.07314,77.94208,-82.79919,124.410095,76.20603,-37.552647,211.59401,131.76656,-229.1903,85.841515,87.39737,-195.47545,190.20126,99.29672,-388.5375,65.459145,79.90805,-416.8134,183.94403,91.404594,-420.40225,53.99369,81.40085,-453.98767,186.65945,81.39842,-409.5291,62.706627,76.627594,-449.82736,185.48494,86.128845,-387.53174,69.49066,78.70776,-421.82764,198.47266,174.44232,-14.297452,153.8607,176.61903,14.532141,239.06236,196.06137,-240.0104,100.190155,196.44897,-185.74869,230.47336,279.33923,-106.29628,109.355644,281.30127,-55.830822,223.6735,290.6477,-97.161224,121.196945,295.3275,-46.690254,239.16147,312.7396,-184.32733,79.47461,313.78436,-120.71939
4567.JPG,221.8436,144.8369,-195.00801,227.50009,138.03769,-179.35432,231.13223,138.421,-179.32594,234.76581,138.73816,-179.34044,217.8651,137.66766,-178.0756,214.29935,137.50386,-178.00768,210.72173,137.42079,-178.0322,239.4163,144.8442,-98.66373,207.22256,142.96819,-91.58142,228.02339,155.13737,-166.8927,215.27086,154.2748,-164.4669,259.02426,187.38367,-83.45532,183.4763,188.79851,-64.86446,245.7737,252.14334,-222.46812,186.73373,257.7182,-213.06784,237.63301,198.1469,-341.88806,203.50024,199.2848,-354.8497,237.51578,182.64369,-363.29004,206.04239,182.94322,-374.37427,243.51448,178.67738,-343.8976,202.01103,175.45497,-351.9288,239.79889,183.88278,-335.012,206.38348,181.34787,-347.20483,244.92433,276.8736,-1.14024,198.17883,278.90256,1.4550036,286.4695,266.7596,-289.7146,163.60953,266.14597,-274.09616,264.5016,347.61035,-161.83084,176.1155,351.89844,-183.81914,255.80222,358.51276,-153.62979,183.93367,363.5006,-178.74852,270.04993,376.9244,-259.37408,166.00446,381.38016,-276.55853
6123.JPG,273.96497,67.49499,-299.08676,280.32904,55.809963,-277.64526,285.4573,55.43937,-277.65424,290.60547,54.98574,-277.69943,265.47375,57.16614,-279.02063,260.1513,57.563023,-278.76602,254.82278,58.113125,-278.79282,297.71475,59.97286,-143.57317,246.91716,64.21019,-150.1681,283.64154,79.71986,-248.02661,264.77084,80.9899,-249.69386,329.0232,111.3154,-93.00275,216.50967,109.91646,-110.48206,370.57312,167.65018,-325.1968,184.72928,147.49588,-350.16306,348.0426,157.61038,-611.7569,205.22336,150.56804,-622.9636,343.43945,159.53374,-664.906,208.71158,159.06808,-667.3457,334.92093,147.6277,-648.6903,219.01787,150.23682,-661.5379,333.16534,151.38724,-610.70276,221.24261,151.94952,-622.8515,306.92972,231.3651,4.9844904,241.6653,234.6041,-4.4585915,340.13544,210.928,-428.23938,214.99234,211.57661,-436.14142,299.02234,319.1357,-281.1621,244.14677,327.99844,-349.39273,286.13748,335.0425,-274.90576,253.40561,344.12497,-346.30054,308.76724,351.52728,-427.69894,250.37456,364.9844,-487.8956
