1.png,303.2708,56.908737,-117.23138,303.8312,50.525257,-107.87574,305.27057,50.284363,-107.88277,306.7555,50.02492,-107.90033,298.79218,50.537365,-115.86594,296.62442,50.263004,-115.88239,294.46173,50.03686,-115.977005,305.0007,49.481434,-40.503914,288.84283,49.5768,-80.76386,304.71783,61.05964,-91.965805,298.32028,61.07257,-103.29031,314.42117,79.794205,14.911145,274.30893,79.15786,-73.306915,327.15445,117.35383,-51.578316,284.99442,125.18265,-66.390144,315.83777,90.34726,-170.78598,303.25314,90.885635,-26.5981,314.29462,82.4638,-193.05049,312.6978,83.63892,-29.621664,312.3693,78.54846,-178.72104,304.416,75.610916,-31.209654,310.56912,81.26289,-169.53288,302.3833,78.22194,-23.742596,306.2291,155.2985,32.05283,278.4567,154.10834,-32.13345,327.4067,197.02734,96.00541,262.16788,208.87921,-20.09069,335.8251,237.12885,223.90967,245.95372,261.74234,53.325474,333.46826,246.77911,234.40816,245.20766,272.1733,57.559322,354.42725,246.08473,200.73943,240.21962,278.44113,-0.049678862
10.png,275.89978,166.50262,-377.7778,281.84647,156.86317,-361.3536,285.48416,157.09708,-361.34106,289.17484,157.26617,-361.3674,271.0427,155.99213,-364.95273,267.18356,155.46967,-364.93207,263.29745,155.00912,-364.89252,291.9254,161.30779,-237.18483,256.664,158.04799,-252.52972,280.53256,176.69456,-329.81693,267.6064,175.39357,-334.07385,311.9594,210.99557,-128.71205,225.14825,210.71935,-174.84665,329.7913,282.92435,-255.84163,215.21666,287.374,-322.19794,299.5538,241.6601,-509.66885,257.40747,242.18298,-533.2877,290.35318,231.81882,-562.0711,270.878,229.81616,-578.30975,289.50497,218.8093,-547.7549,266.95844,219.32722,-563.76044,289.28754,223.37337,-508.98907,266.96432,225.2149,-529.44824,294.6298,335.58707,16.634405,241.07118,336.81354,-16.573105,328.8366,421.47156,-126.913635,213.64775,426.353,-163.95334,319.31277,495.04108,103.574615,213.11156,503.48166,77.34666,308.34305,506.71167,120.67413,216.89194,515.30194,94.768654,342.39362,527.91583,6.9638104,203.14963,536.9762,-30.127834
11.png,242.6171,103.24029,-79.960434,250.51936,97.00044,-57.213036,254.68092,97.65187,-57.124424,258.95837,98.22106,-57.122513,238.26027,96.23936,-56.03195,234.26823,96.147644,-55.99615,230.23483,96.1193,-56.005714,266.125,108.65321,51.56688,226.37997,105.24249,61.05062,250.89185,117.99606,-42.35259,235.27005,116.79018,-39.98823,291.8113,177.71428,74.8867,195.3611,169.80823,110.83962,301.58002,242.17279,-88.76558,155.76535,234.24721,-32.9916,275.77277,169.61508,-286.01047,187.26529,176.89851,-220.58879,269.345,154.29955,-324.0944,194.67596,162.52174,-255.19133,272.21762,143.81387,-307.38348,196.97122,155.28362,-239.69151,271.1082,150.04613,-281.49298,198.42064,162.0668,-216.9864,266.01553,325.058,-8.457138,205.16171,319.73746,8.44128,281.4042,455.38342,-43.52428,187.137,444.14795,-7.8285065,291.1882,564.9197,119.18669,174.10942,551.52637,152.68509,289.1178,573.48285,129.24443,179.03188,563.50226,161.98572,288.2607,614.0546,-1.0978884,153.46205,596.50195,34.924454
11111.JPG,219.63725,38.036327,-118.11882,226.75435,30.363708,-108.6587,230.52112,30.429283,-108.65002,234.39381,30.420341,-108.717545,216.68242,30.610514,-102.212845,213.4302,30.668465,-102.218254,210.178,30.775352,-102.22811,243.0213,37.01347,-36.34349,210.07227,36.9629,-4.414068,228.83348,48.5078,-91.8278,215.40814,48.581387,-82.66259,272.735,91.89818,11.354073,190.9356,91.09742,56.367012,324.214,142.39644,-84.37472,162.20245,140.10349,-1.5336983,347.99918,94.97682,-238.23073,119.24788,101.78939,-180.59354,359.36862,81.22657,-267.3154,101.58819,91.850296,-210.49065,353.92618,74.573265,-268.31177,106.7142,82.006004,-219.35788,347.10327,80.96888,-242.7072,114.611435,87.17029,-190.42741,250.4731,227.50642,-6.0830693,200.13423,225.66705,6.275709,268.3436,334.1182,-21.833555,185.74373,331.7596,-16.226519,293.04785,431.91107,54.291393,171.86888,429.31888,45.65499,292.6435,444.30627,56.071983,175.51244,442.6217,45.348385,301.25635,462.6831,-52.734234,155.8406,458.14038,-58.511837
12.png,246.59586,168.09572,-71.67343,253.31187,162.03484,-71.69826,255.72029,162.08098,-71.72152,258.2388,162.04115,-71.67701,248.60051,162.32574,-51.018814,247.5046,162.40532,-51.02202,246.37831,162.55748,-50.976627,267.26886,167.2768,-44.31486,252.51749,167.24559,53.400078,253.12134,176.92891,-62.28895,246.86603,176.97305,-34.079384,283.8331,212.60341,-52.738407,241.00563,208.91595,105.49168,264.64224,251.04881,-128.71092,200.78897,252.21451,-28.577333,248.30414,208.8336,-170.98544,219.20578,212.81364,-225.50484,244.10553,196.32022,-197.9332,219.00888,199.52338,-253.02557,251.98169,193.96968,-189.14684,231.24187,198.14653,-224.3568,252.97523,199.42326,-165.44644,235.54149,204.90862,-217.48515,271.1388,305.59595,-49.17833,241.52263,304.3368,49.374844,283.75858,384.3447,-73.056114,229.95082,382.44882,153.1623,296.6793,457.0508,-9.697225,220.0021,438.9899,346.1805,301.85175,468.6557,-4.809159,223.8403,450.68478,362.54645,282.55444,483.00745,-103.86447,193.31277,456.25,288.42004
12312.JPG,210.43481,57.413597,-103.00511,208.7308,50.732567,-92.29009,209.80113,50.48432,-92.25332,210.94322,50.204453,-92.2857,204.50699,51.496437,-107.29888,202.09404,51.71654,-107.27361,199.6861,52.03083,-107.343025,207.2871,54.15353,-27.113405,192.57187,56.426437,-93.649956,211.5762,64.15489,-78.90161,205.3084,65.13627,-97.76087,210.05536,89.74303,42.09301,185.8214,96.65274,-126.50402,225.79413,127.481384,-12.588881,206.70859,142.94308,-107.57909,224.10945,104.83672,-144.81055,213.36917,101.32492,-12.247152,224.37292,99.481224,-166.68204,216.74998,91.08374,-16.305414,221.87527,93.00339,-166.38405,209.1254,84.56418,-18.685898,219.88913,95.16767,-150.55745,208.5194,88.26236,-10.162588,211.2699,178.09781,59.387844,196.06392,183.15059,-59.358723,214.72005,230.2261,162.3716,194.49634,249.54308,-11.719871,210.69246,277.8703,293.14682,183.73718,307.75378,40.214336,203.93637,289.55618,304.78705,176.22668,320.1806,43.166363,239.44621,290.37543,285.09647,202.09369,325.62576,-7.865276
1231233.JPG,139.2274,50.97522,-204.96233,144.19472,46.286236,-186.72025,146.93654,46.813572,-186.65762,149.72858,47.266182,-186.64177,135.64905,45.436024,-188.04544,132.75786,45.197292,-188.03203,129.83394,45.02149,-188.17601,152.91881,53.578457,-90.562675,125.30769,50.308655,-97.673485,143.30247,62.25189,-170.60725,133.09845,60.94469,-172.67403,173.86737,107.327705,-59.200024,95.31297,100.84791,-43.46343,190.5759,164.63353,-155.99051,75.27844,152.73384,-128.97975,157.53963,143.54315,-320.90677,82.36444,162.06015,-319.49396,147.07138,141.24861,-362.51566,81.3992,167.72261,-365.5154,146.4108,131.31558,-359.5366,88.417915,160.16035,-370.11252,148.06221,133.14818,-324.01776,90.822075,158.79506,-325.84778,153.79659,220.28401,1.0686171,102.47423,218.85187,-1.0207082,192.65439,285.7854,-127.31811,58.283695,286.18393,-124.75695,205.9888,364.70486,37.988773,42.279846,361.65878,43.072613,202.18898,378.52435,47.72223,48.464527,375.5561,52.475857,222.87273,386.48752,-58.09617,16.355164,382.5965,-55.022293
1234123.JPG,70.916565,45.03259,-68.46691,73.716415,40.203773,-54.409428,75.87613,40.36385,-54.382824,78.08874,40.489952,-54.377926,66.9821,40.012276,-59.603943,64.455025,39.891315,-59.60186,61.91483,39.845123,-59.687817,79.268524,44.70662,20.123953,56.38584,43.94954,-3.8528266,73.68337,52.59097,-40.74345,65.36093,52.216644,-47.611732,94.11221,76.27264,14.315321,36.00646,75.535385,-25.062141,96.272026,74.14682,-108.63695,47.38216,81.49573,-133.7809,60.407196,73.21606,-219.95284,90.55942,73.36521,-190.35529,52.63425,76.17524,-248.1862,102.25832,75.85896,-214.47763,49.601147,74.76123,-246.1798,102.141624,71.680756,-213.3951,52.357197,74.9618,-224.01012,97.6079,72.49376,-190.44405,90.489494,173.13556,5.5406213,51.96285,173.83102,-5.598377,97.75903,248.51733,2.0761795,41.939243,247.12996,-7.9874187,99.46525,313.44846,77.80887,41.78868,313.6491,80.157974,93.945435,324.1399,80.32408,48.157673,324.1934,83.534325,113.827835,332.73,1.8447477,20.553726,337.01175,4.2641587
13.png,250.18826,137.34999,-89.52722,246.1528,127.94057,-83.70239,245.19014,127.049995,-83.6899,244.33084,126.14174,-83.76519,246.21382,129.36507,-108.02095,244.7716,129.23305,-108.041016,243.3765,129.1386,-108.07377,233.74927,125.80503,-43.906124,233.12462,129.82263,-152.69139,244.47403,142.79765,-71.57806,243.48428,144.04529,-103.1946,218.6289,166.84683,32.112083,212.71638,170.21846,-193.97816,221.67447,230.6095,67.89534,213.84778,234.8262,-201.38345,233.57198,283.07376,41.809853,225.58395,290.76602,-186.06326,236.79662,295.07462,42.20196,224.69821,304.50015,-207.39009,241.56902,297.3852,21.624556,232.40877,304.4825,-206.95045,239.01668,294.1395,31.44579,232.39336,300.32626,-185.12572,216.68513,277.81314,73.59768,211.21402,283.12903,-73.24701,212.92729,355.7314,159.6395,215.4714,358.07642,5.71235,207.50706,424.4772,251.58527,213.31642,431.72278,103.12262,198.91101,436.8347,257.46848,203.61304,444.20062,108.65728,239.5563,442.08868,221.03429,244.30829,450.2365,53.534954
14.png,158.6995,121.26601,-28.674309,162.6298,115.60277,-42.531586,163.3032,115.36469,-42.52073,164.03905,115.115166,-42.504524,163.46161,115.9743,-22.205763,164.5109,115.9586,-22.212849,165.56638,116.03648,-22.289558,172.19377,116.76783,-76.43903,174.22226,117.4802,15.829066,162.32455,126.54634,-38.47554,163.01048,126.79582,-11.606104,180.08801,144.11607,-113.523476,182.91422,146.23946,79.69034,146.75551,152.58162,-110.38249,154.00815,154.6518,138.21968,134.03186,137.7155,-5.8914437,140.07463,145.63559,129.27893,129.67197,130.9251,-11.612935,137.36955,141.20848,129.35057,133.78778,131.86296,-5.6443357,139.6724,139.6962,117.411865,136.58626,135.3106,-1.9183242,140.83344,141.99403,122.23012,183.67125,226.39615,-60.047733,184.23856,224.92389,59.995617,182.98007,279.48148,-8.482671,182.22643,280.67862,99.57646,188.49376,335.60168,63.014996,184.58434,330.49356,169.43726,195.6586,345.15427,68.17664,190.08327,339.98666,175.57314,165.37242,347.4901,35.321213,161.6098,339.94028,156.65756
15.png,237.23726,106.69781,-308.89175,241.54242,99.650444,-295.3685,244.62994,99.47348,-295.48083,247.78957,99.21363,-295.4838,232.74464,100.49261,-292.0011,229.55121,100.762405,-291.94803,226.33644,101.0812,-291.93857,251.85774,105.026886,-205.83957,222.39551,106.984566,-186.83858,243.26758,115.49693,-275.5174,231.05641,116.31571,-269.62668,274.67606,154.92252,-140.10422,201.71748,156.7903,-106.77791,310.0622,204.76463,-126.09055,162.49194,197.38696,-82.3584,289.6275,244.19025,-211.02638,188.26453,241.08447,-180.63123,285.44913,255.66214,-247.14746,194.76857,252.788,-212.50436,276.96677,251.97215,-260.5312,201.6627,244.51433,-228.02043,276.62085,248.27745,-218.30417,200.12254,240.60571,-189.03883,257.9448,267.51584,-10.409551,214.36703,267.74973,10.450088,278.69797,350.47125,-2.8093984,189.9163,349.8639,42.00127,300.03015,424.41046,137.28958,171.67004,421.57367,187.65506,298.92575,436.30618,145.7421,176.33168,435.11212,196.69057,309.3283,445.87857,33.506157,144.53377,442.46683,92.46421
16.png,275.29135,116.26613,-114.948906,274.3455,108.65407,-96.09587,275.58865,108.26018,-96.0544,276.93713,107.839455,-96.079636,268.54218,109.44592,-112.86502,265.49344,109.47942,-112.78711,262.42966,109.6081,-112.887924,271.49057,110.76105,-6.695793,252.7827,113.26181,-83.05379,275.49774,123.458145,-83.05999,267.79153,124.49942,-104.29662,268.0428,151.78076,74.10769,240.78314,154.64558,-128.37662,279.2671,190.48227,49.175556,273.84042,201.83824,-146.29611,291.27844,168.15286,-66.675026,296.64175,163.74025,-67.33024,295.56848,161.93239,-84.52022,303.5891,155.9164,-76.74341,295.7519,156.31058,-91.319,297.53613,149.83057,-76.449005,291.95938,158.55978,-73.10467,295.57275,152.62941,-64.16271,257.83527,256.0291,64.24831,237.92363,259.10446,-64.278366,259.21353,316.04987,178.8917,236.40701,335.90692,-45.42205,253.98021,372.19418,337.2466,223.66344,402.68344,-4.539293,247.366,383.51367,349.30026,214.79442,413.32712,-5.3660097,278.5732,390.59058,297.3724,247.53773,428.65985,-87.91012
17.png,221.58708,125.00326,-154.09666,225.121,120.18116,-143.55183,227.27612,120.18431,-143.56487,229.48383,120.13963,-143.52617,218.613,120.28962,-143.79285,216.34047,120.29602,-143.77008,214.06094,120.33456,-143.81111,232.37909,123.71661,-74.66846,210.85826,123.69852,-75.28844,225.65472,131.27965,-128.18571,217.20857,131.22046,-128.2651,246.17654,158.35379,-27.48372,194.62485,156.76822,-22.4,268.8602,190.809,-28.126137,171.88463,187.76796,-26.78155,254.2137,211.36055,-116.88247,185.85945,211.433,-107.96933,251.13568,220.00163,-139.72691,189.96455,220.95975,-129.41444,244.65352,216.56825,-149.81284,194.82033,216.43878,-138.5505,244.67912,213.72453,-122.05626,194.21507,213.12624,-112.77016,234.0323,236.92084,-0.8636373,201.77504,236.4901,0.8981721,252.56834,294.4435,7.2747254,180.85683,295.44217,2.2962658,273.6506,348.57013,91.06061,165.00359,351.57242,81.606186,271.43332,358.31836,95.66663,168.69617,361.12555,85.045265,291.38367,361.28882,27.621223,145.30742,367.67682,13.761413
18.png,332.07184,184.99525,-147.4787,338.21252,179.20232,-127.72698,341.31723,179.7256,-127.68037,344.47922,180.19221,-127.713,329.0886,177.98085,-127.088356,326.00604,177.50047,-127.05325,322.90784,177.06778,-127.12891,348.77737,185.83217,-24.224545,319.35727,181.26424,-22.59559,337.1171,195.13818,-110.83708,325.9324,193.497,-110.3199,367.90643,235.85718,4.60492,293.73453,230.5233,30.272263,373.82935,289.86285,-129.64865,293.26968,286.54776,-90.007965,348.61606,240.24783,-266.99487,308.9618,233.40517,-262.2851,343.80905,226.39644,-300.9783,313.0294,217.85555,-301.14438,345.28503,220.79698,-285.1278,309.30942,210.06229,-294.11136,344.12042,224.72519,-263.85645,311.35846,215.5552,-263.55005,349.14114,343.55533,-1.9101691,302.60538,341.44077,2.0077252,362.25497,431.01117,3.356945,286.37042,425.74942,-14.390309,375.06543,512.6359,143.06218,273.5912,508.44537,112.41964,371.10388,524.77686,150.2519,276.60275,520.39844,117.584076,392.1646,534.8391,38.46996,261.9362,532.0985,3.860744
19.png,248.31683,196.93321,-84.64887,251.90945,192.00188,-70.81638,254.12874,192.08406,-70.79839,256.38074,192.12521,-70.82583,245.09947,191.91129,-71.99602,242.7544,191.82372,-71.93514,240.39209,191.78654,-71.965126,259.34402,195.6128,10.926067,236.95694,194.91148,7.0071764,252.28325,203.38252,-54.42254,243.89673,203.19456,-55.663895,274.315,228.68982,45.531063,221.61696,227.7622,52.711422,286.51492,262.99628,-57.258785,214.35442,263.92706,-38.962517,261.5427,235.33806,-179.19095,237.19418,233.03865,-164.4272,256.68668,228.06714,-206.71548,243.20082,225.05688,-191.44255,254.84541,224.34108,-196.26714,242.71625,220.40352,-185.41757,254.72185,227.0087,-177.63553,242.6851,223.98282,-163.62112,263.2771,312.3598,-4.386595,231.04329,311.7147,4.4119773,266.91193,377.83963,-1.4450378,222.24919,378.04587,18.303627,268.90634,437.2086,110.87577,217.59392,437.89243,120.484825,265.23386,447.26266,116.94098,222.39792,448.90863,125.18417,280.54474,452.09222,35.643044,197.462,452.7588,44.8044
2.png,228.178,129.35733,-71.18915,234.68492,119.695145,-102.44946,236.30432,119.40368,-102.02598,238.08,119.00191,-102.04343,235.23335,119.453445,-66.23316,237.46576,118.83893,-66.29598,239.75076,118.33076,-66.33052,253.41469,121.43423,-141.15018,256.29944,119.493454,33.849155,235.16411,139.78209,-83.631035,237.20416,139.16971,-34.460236,283.60086,172.06314,-192.99933,274.924,173.77081,168.04689,297.3446,175.2299,-451.78546,283.9691,186.66432,401.80588,286.59573,150.26562,-603.92346,278.33057,152.45331,569.4515,291.56967,138.96092,-621.1763,281.05145,137.58064,609.47974,292.71472,143.01253,-610.887,277.24588,140.64613,618.55084,291.16745,145.57564,-603.3461,275.56772,147.1,573.0694,290.41394,340.3819,-116.46285,278.12955,336.54227,116.713264,280.11255,472.78085,-126.144806,279.58594,467.7149,91.85922,280.89212,600.1552,-173.13055,299.4013,592.6209,111.78605,294.88275,617.82196,-178.65773,314.073,614.7034,111.309326,230.49794,640.70514,-273.17493,251.28186,627.25714,46.12928
20.png,285.03403,148.24974,-306.35297,288.68146,141.10985,-291.41867,291.45398,140.87245,-291.40482,294.33615,140.57004,-291.34543,279.70428,141.69965,-293.41006,276.63312,141.77673,-293.28787,273.5601,141.90546,-293.26007,297.72794,143.42708,-186.33217,269.00116,144.8975,-192.42456,290.2376,155.69154,-266.16995,279.78125,156.21602,-268.19037,321.9432,189.4678,-90.35822,248.75024,192.47855,-112.0089,334.7953,240.26382,-35.809452,246.01746,248.43976,-76.66749,343.39957,288.25705,-146.09409,240.16994,300.1057,-163.45778,349.50925,302.26773,-173.76466,236.68507,314.30338,-185.13966,346.44168,304.75546,-207.19238,237.59946,316.3243,-222.52945,341.96906,300.10464,-161.62685,242.78369,310.61066,-179.98346,312.05414,284.47668,9.837468,266.343,286.46573,-9.757571,324.55423,368.7549,7.14144,261.4467,369.7914,-17.202642,332.82047,442.16656,148.63632,246.82918,440.87888,125.39225,330.98132,450.19,156.17668,246.31213,448.91785,133.99149,331.55505,473.53784,38.490932,248.25114,472.23996,16.367558
2123.JPG,145.57835,50.186337,-128.1272,152.00545,43.630623,-126.60996,154.81885,43.253963,-126.58161,157.74113,42.826023,-126.61753,146.42438,44.842663,-110.34076,145.16815,45.156464,-110.2811,143.83412,45.56776,-110.30244,168.86949,46.130375,-99.11526,150.57344,48.519035,-18.880205,154.37184,57.267902,-117.92396,146.8511,58.449898,-94.78146,189.3779,82.440636,-136.92697,144.20384,88.40428,55.569935,142.58723,103.86803,-215.87677,105.02309,106.3008,81.982216,84.030716,99.592094,-242.33951,62.725025,106.26314,11.39434,70.21854,102.79109,-263.3316,49.961884,107.16369,9.562856,69.285065,96.89506,-261.83575,52.003075,102.109474,-9.543715,74.47037,97.3148,-241.37459,56.032883,103.62821,0.20179757,174.8407,194.78273,-51.576607,142.41272,196.01364,51.462914,182.8274,274.8282,-50.12777,140.63177,271.18726,88.49954,195.94371,351.58707,22.32826,145.97519,337.90543,195.75043,201.13593,364.50394,23.868565,154.481,351.78485,201.8189,178.63943,372.95953,-60.382645,116.52316,352.61316,137.84772
22.png,244.59044,172.47423,-147.72942,247.47235,166.80641,-130.04839,249.88666,166.74675,-130.04321,252.34778,166.68057,-130.07681,239.94408,167.018,-134.41046,237.24931,167.0377,-134.34749,234.54478,167.12747,-134.4511,254.36005,170.68849,-39.702187,229.64871,171.12201,-59.436905,248.45863,179.6141,-114.90081,239.37883,179.87975,-119.94329,264.7085,202.2016,-55.393787,216.04823,202.02351,-73.84105,274.34067,193.45392,-246.10342,214.95709,203.13443,-258.3165,274.92825,174.57863,-420.49716,219.6846,177.93181,-404.8724,278.96893,168.84024,-464.79257,220.78935,170.91537,-446.26965,274.59286,167.83417,-463.53592,221.04597,168.69356,-446.30795,272.18954,171.18031,-428.12524,221.81885,172.29622,-410.38162,257.02942,292.29535,7.4594154,223.38692,292.16266,-7.6503243,271.1305,355.97806,8.833618,211.8247,357.9042,-10.634663,280.47516,416.42252,102.1958,200.96037,419.51373,80.89891,275.59134,427.23456,105.71533,204.76787,430.39804,83.860085,296.79355,431.39938,21.241724,185.1174,436.3043,-3.881239
2222.JPG,324.44144,79.734436,-89.60462,331.41095,72.275894,-89.41771,334.0715,72.20667,-89.39846,336.83328,72.08682,-89.35759,326.23654,72.615326,-70.77583,324.91348,72.55672,-70.74292,323.5402,72.54555,-70.74768,346.1682,76.22464,-64.35867,329.9213,76.158325,29.133928,331.451,88.28364,-80.78406,324.7593,88.26467,-53.996284,368.1214,125.58726,-60.537415,315.03024,121.11507,84.48856,331.71613,171.31505,-96.98868,274.8117,173.97873,-32.11531,321.37656,124.45529,-106.572586,295.52618,126.85758,-213.1946,316.02777,113.19445,-116.787674,297.33783,110.3308,-242.57948,325.5826,110.71845,-112.97759,303.82785,107.50621,-217.07277,326.69916,114.671616,-100.96629,307.23523,114.572296,-209.04826,352.4559,232.59607,-48.619244,318.02698,230.79276,48.75762,366.43576,317.28116,-70.20386,304.22366,312.0926,127.84735,378.0181,398.85696,-16.096521,294.12292,378.73334,277.62006,383.50266,411.7378,-14.210512,299.12662,391.18628,288.82654,366.78955,427.48688,-103.72431,267.56186,400.9069,219.55638
23.png,228.88339,161.32953,-265.87524,232.05711,155.62032,-255.00627,234.395,155.45125,-255.00055,236.82526,155.21094,-254.95662,224.40662,156.09755,-257.00708,221.78319,156.15793,-256.95474,219.17789,156.2617,-256.90463,239.42296,157.68924,-174.24638,215.00934,158.73419,-176.36441,233.01125,167.4622,-234.86089,224.18657,167.83147,-235.56187,257.2513,194.23402,-116.00437,197.03568,197.66193,-100.58383,266.61835,239.76381,-113.29531,190.83275,246.9178,-72.1432,279.69006,279.94632,-189.78848,180.13396,286.06918,-132.34161,287.54547,290.50662,-206.45183,174.88171,297.09283,-142.21307,284.26047,291.81387,-232.16342,176.49742,298.4023,-174.96378,279.68958,289.36768,-201.15912,182.35501,295.35608,-146.04857,247.22206,278.29395,-2.8047101,208.31964,281.39066,2.689176,267.81033,348.03775,-0.9747688,188.82997,350.59006,16.342981,294.03702,409.39185,91.5983,170.26614,410.94272,107.11488,293.47772,420.5471,95.94172,173.56123,421.6224,111.70714,310.16473,425.69757,6.7826557,152.37003,428.79807,24.057104
24.png,262.63132,159.21622,-113.794586,265.47302,152.74272,-99.61879,267.61578,152.6822,-99.586296,269.8451,152.63124,-99.57446,258.55508,152.78485,-102.12386,256.0798,152.60252,-102.09278,253.59665,152.49565,-102.21559,271.2561,155.56775,-27.791758,248.78467,155.44423,-37.998188,265.65955,165.81236,-87.5103,257.5413,165.73479,-89.994606,285.51096,189.58862,-42.379677,230.27075,187.9297,-48.91232,300.2412,178.9957,-177.37576,215.12625,183.04619,-205.5279,262.2857,179.841,-268.98495,252.15771,174.29286,-297.46835,252.12256,179.62926,-294.94925,260.68683,170.94836,-323.89453,251.91571,179.15305,-287.2768,261.2666,171.2296,-310.10895,255.14317,181.39078,-269.54974,258.89383,173.73569,-295.2321,280.43588,288.55054,0.72805804,245.43509,287.45456,-0.8095553,283.34723,362.76428,2.795253,244.81195,358.03513,9.64203,284.28677,420.75317,104.62663,246.19962,415.80716,108.58873,279.88498,427.86182,109.76286,249.01305,423.13342,113.43764,289.43823,442.20795,26.289818,240.50319,439.28214,32.086132
26.png,245.19795,130.71066,-17.798704,250.47992,125.19923,-17.876846,252.39839,125.10494,-17.89656,254.41153,124.934875,-17.855318,246.73474,125.84226,-0.57374614,245.99446,126.05954,-0.60907847,245.22406,126.33255,-0.62445056,262.64676,129.22346,2.9580646,250.78433,130.46556,85.18746,250.87354,138.74026,-10.6363325,246.3546,139.32834,13.009318,281.2869,172.18256,-10.401412,238.49292,169.54477,127.20698,262.48053,210.86864,-87.375305,200.76396,208.63533,30.170708,245.65611,169.8458,-131.04424,217.05426,170.61885,-119.50878,241.41711,156.87569,-158.6062,218.81175,157.08426,-145.4023,248.43285,153.5794,-148.18417,227.2876,155.80339,-125.71264,248.94617,158.42813,-126.14074,230.69681,161.97487,-114.909386,270.08835,263.2269,-43.081394,239.97023,263.04684,43.288902,280.73468,340.2594,-77.34563,229.11102,339.14163,107.202324,293.33423,413.59805,-33.057888,221.39798,398.15805,260.62848,297.61118,425.46243,-30.392279,224.80965,409.68646,272.42664,282.9209,436.11612,-121.44519,202.20613,414.62558,202.10709
27.JPG,203.87239,65.53488,-323.04355,209.87825,59.81703,-308.79718,213.04053,60.11637,-308.8151,216.29214,60.338966,-308.7987,200.83708,59.545315,-307.59634,197.73848,59.47547,-307.55576,194.62909,59.45482,-307.54865,221.05235,67.415,-213.3969,191.53139,65.62436,-205.55402,209.61208,75.43528,-287.51883,197.76431,74.76383,-285.3168,240.13098,114.48317,-158.7797,172.37961,118.44987,-128.24077,251.0826,165.51778,-148.25455,170.28554,172.29526,-105.93698,251.61136,218.17827,-225.91632,173.5633,224.2486,-182.97845,256.34003,234.70352,-249.46684,172.74796,242.07101,-205.56512,249.2067,236.67226,-273.5475,176.20251,241.9964,-235.10094,246.0276,230.7146,-237.07564,179.11156,235.29204,-197.02895,230.84352,219.693,-3.3180692,187.30962,220.54343,3.3696268,253.30402,305.20575,8.289592,160.6989,299.01154,4.671719,275.9742,384.1585,109.870346,138.51318,377.58658,88.464035,274.70544,397.22577,113.39482,142.23102,391.31427,90.78426,291.56558,407.19687,-1.0063167,115.17106,401.00134,-18.588972
3.png,198.31602,132.08533,-150.54208,205.45213,120.58803,-169.88828,207.83499,119.81074,-169.8869,210.37483,118.95705,-169.8586,203.76173,122.19964,-134.84854,204.03192,122.50231,-134.78223,204.2521,122.912926,-134.81172,225.70226,122.59613,-195.38974,219.617,126.75649,-27.72114,208.14531,142.09784,-158.16228,204.77396,143.73523,-109.46973,263.37448,186.59991,-213.28015,217.84355,188.20752,90.92263,216.64359,261.70978,-176.61646,169.18787,264.0621,-32.35223,184.45981,209.42877,-48.19028,160.34052,208.3353,-302.47354,171.81052,196.5112,-55.654163,153.7489,191.60675,-332.7382,183.48433,191.23198,-58.423416,162.0826,182.16501,-316.4251,188.30504,197.06387,-43.236446,168.29462,189.87852,-305.3462,261.25623,341.67606,-101.35249,228.49646,337.07675,101.41138,268.65808,456.932,-39.625584,209.30093,438.07156,291.85477,294.59802,572.9591,30.428932,197.69522,528.99133,487.6044,310.88397,592.74097,33.24293,208.90762,547.86926,504.15652,260.04254,609.20465,-57.643894,145.52757,557.8363,448.48856
3333.JPG,196.54793,49.02466,-99.07126,201.86281,42.363926,-82.89503,205.28696,42.614365,-82.83178,208.77934,42.808895,-82.878944,191.65837,42.28887,-85.59838,188.02527,42.341114,-85.59836,184.38686,42.434803,-85.70164,212.89217,50.1658,-2.7467682,179.7189,49.27508,-12.287197,202.84344,60.485847,-70.44387,189.98274,60.242977,-73.0804,236.35298,106.704956,10.984227,154.01863,104.58385,16.42618,231.61401,168.74303,-104.449165,158.97882,168.09096,-95.30354,211.05156,105.05634,-229.13692,178.13441,101.81418,-228.4874,204.94662,90.67841,-253.69557,183.39587,84.64223,-250.77919,211.30621,83.2598,-242.09447,178.1811,76.50832,-242.25609,209.88477,87.80057,-226.00253,181.15768,82.369965,-227.39598,214.60655,233.51648,2.5892317,163.90074,233.01637,-2.611737,226.55238,332.69873,-7.8517804,152.49763,329.46887,-18.174845,233.74916,418.35843,86.47807,148.60645,417.36404,85.45828,229.747,429.69202,90.84515,153.67442,429.51987,89.36312,246.78844,448.71674,2.1723573,132.74643,447.40158,-2.2057722
4.png,275.78967,156.61531,-352.23453,279.31577,149.23099,-334.79343,282.03943,149.25769,-334.68774,284.8735,149.3072,-334.69998,270.70508,149.0488,-336.12195,267.66544,148.7757,-336.11896,264.5862,148.67427,-336.28613,287.0849,153.9602,-223.8874,259.51456,152.7939,-229.2559,280.36328,165.56197,-311.82324,269.9875,165.1371,-312.2172,308.32684,198.94176,-223.96954,237.6863,200.52402,-194.13387,355.1524,150.04788,-420.62476,199.12653,146.3968,-349.0666,303.23758,150.26013,-558.90735,245.3085,147.87743,-433.76996,290.65375,149.66136,-603.3677,255.08867,146.09682,-469.6415,285.33975,155.8471,-585.1039,259.3023,153.04243,-451.59012,290.5548,160.39227,-558.71704,255.62317,155.97383,-433.4855,300.03833,335.36713,-3.1582832,253.89644,335.6569,3.0691411,312.24985,432.0265,64.40131,234.45172,428.7387,55.738586,328.11926,518.7905,230.14809,218.98773,520.564,200.28436,323.92,531.71674,239.30652,222.71764,533.44543,205.95999,342.30844,544.07153,116.69507,203.37358,549.18744,78.74522
455.JPG,105.74401,68.393745,-163.04195,106.32106,63.711517,-152.0716,108.131584,63.657677,-152.02863,110.01211,63.556175,-152.02048,100.24994,64.09695,-158.48315,97.67117,64.225426,-158.44783,95.07808,64.416046,-158.4722,108.82281,67.84823,-78.03038,88.87434,68.957886,-110.839294,108.34843,75.298676,-135.22803,100.30948,75.72496,-144.50114,119.348434,105.9375,-4.1361976,71.21343,105.61891,-87.45413,125.73666,148.68484,41.18142,59.491375,148.93463,-78.94169,133.84773,186.33182,-11.381497,59.813896,191.55864,-133.80582,137.05414,197.96324,-18.226,56.155437,203.48851,-150.82585,137.13078,198.53398,-38.715206,63.03159,204.28369,-164.25339,134.12726,194.7358,-20.420471,65.666145,199.63463,-139.1245,116.2123,185.03323,37.598186,88.260796,187.06299,-37.388752,122.040825,245.76709,110.75609,78.56946,246.32834,-146.87268,123.930916,301.68317,219.21304,66.41955,315.46573,-140.58504,117.41812,312.49,225.11354,61.144028,323.30212,-144.01028,151.08087,317.2661,165.17555,79.134605,344.46338,-236.18001
5.png,246.03146,103.65682,-292.21716,250.18887,97.46191,-280.71152,252.88676,97.39071,-280.7154,255.68196,97.24583,-280.66727,241.77225,97.84023,-281.31033,238.9107,97.907555,-281.25995,236.05603,98.027885,-281.22485,259.48285,101.15879,-192.66689,232.36473,101.87155,-190.79329,251.07678,111.364265,-258.4382,241.05856,111.58133,-257.94946,282.02405,145.03165,-119.95419,214.6121,148.54326,-114.51653,291.4879,198.19514,-90.09162,212.72162,203.5266,-85.62906,299.2994,247.785,-148.54713,205.14175,249.88339,-147.72852,305.41052,260.2709,-163.2353,200.2908,263.20926,-161.16693,302.85278,263.3309,-191.64438,202.58934,264.9769,-193.91312,298.35843,259.79633,-160.8193,208.35088,260.62543,-161.65187,275.19168,240.046,-0.9297064,232.58318,242.30898,0.8155702,289.3783,319.60144,6.6708217,216.8459,319.46832,8.689862,303.7723,386.0594,121.559265,201.31396,386.17538,121.64089,302.1087,395.87802,127.54007,204.17169,396.25775,128.15523,311.64203,409.82782,26.125528,186.31387,410.7207,27.21102
6.png,195.48003,105.360214,-216.85178,199.24496,100.374275,-211.39565,201.33609,100.185646,-211.40303,203.48625,99.957245,-211.40674,193.63963,100.9704,-205.83148,191.88101,101.11039,-205.76913,190.10931,101.28857,-205.71268,208.82782,102.455635,-156.67424,190.51465,103.85338,-125.805916,200.92299,110.6042,-195.16316,193.7769,111.12748,-186.37386,230.38594,133.34438,-113.95061,181.2379,136.84619,-46.948677,244.26617,168.2747,-109.712685,180.74446,171.22458,-0.5235751,245.72212,199.81328,-184.21255,182.90076,201.53114,-76.58292,248.82126,210.11154,-208.82663,183.01527,211.87404,-92.451385,243.09592,210.23373,-225.86746,184.56985,211.36755,-115.59297,240.59326,206.43607,-192.27963,186.73047,206.97392,-87.71723,222.26654,202.3993,-25.073557,193.8505,204.54306,25.019745,232.87325,259.72394,-43.642204,192.17421,262.9502,31.294092,247.46663,312.90765,25.68267,193.98267,314.45065,115.76504,250.11098,320.18967,27.666208,200.49875,323.95444,119.92376,243.21962,331.32214,-54.094257,174.47905,330.33218,52.25432
678.JPG,130.88342,64.33796,-286.93784,136.16238,58.31439,-273.16092,138.91837,58.675915,-273.1943,141.71751,58.979908,-273.16116,128.3499,57.674133,-272.3463,125.67235,57.399464,-272.30582,122.95439,57.157597,-272.3657,145.22255,64.54897,-177.22119,119.65034,61.77622,-175.74927,135.72261,73.14496,-250.68617,124.96448,72.036354,-250.0882,163.24199,109.16337,-95.78357,98.07671,110.057526,-104.18425,205.98206,146.45706,-94.27534,55.498394,154.5946,-140.0729,184.18117,174.08646,-219.93427,87.4548,178.73245,-271.69122,177.24667,184.10356,-253.3002,98.305084,187.34627,-306.35507,171.1841,177.57538,-264.81836,103.025085,177.95761,-312.94308,173.1802,174.78833,-227.0036,99.99839,175.19644,-277.25208,154.38649,210.37828,1.61279,115.22485,210.23769,-1.481286,161.00455,297.99075,-2.132768,101.47055,297.68134,-27.14126,175.23285,379.33057,91.778725,95.37552,381.21036,69.271225,174.34492,390.78464,94.34926,98.48303,391.36615,71.923096,179.89334,403.0184,-19.711325,85.89656,410.1369,-37.80248
7.png,229.52191,128.47107,-115.55568,234.864,122.130455,-125.79629,236.9369,122.05117,-125.776276,239.07355,121.93704,-125.75337,231.91718,122.10976,-103.43717,231.26457,121.94514,-103.41181,230.59738,121.834915,-103.50883,247.3595,124.97008,-128.77962,237.60019,124.395035,-26.838139,235.39766,134.69998,-115.05824,230.39125,134.3354,-85.30013,253.6889,159.51416,-158.01437,245.8228,156.45146,64.8096,224.78853,199.30588,-143.81322,226.87462,197.75728,-1.0732579,200.00952,184.26231,-69.9036,203.82756,179.52841,-156.01926,192.95586,180.9733,-79.12593,195.78647,173.04977,-168.73183,195.37105,176.36436,-78.26224,196.40869,167.79362,-171.15341,200.04253,178.86432,-66.84754,199.82228,170.75397,-162.90356,245.05507,252.13914,-72.83628,241.03896,246.88275,72.769066,239.5643,318.3486,-25.282593,239.83763,314.71744,118.78697,245.80571,385.60547,37.023018,245.08392,377.59067,182.65578,254.7612,397.84296,39.444515,253.32054,389.2364,185.53867,216.3257,401.25873,-18.361017,213.8154,392.08896,141.88329
8.png,249.68153,144.59927,-181.68462,256.5586,137.7376,-186.25407,259.23727,137.57095,-186.22581,262.01743,137.33504,-186.29045,252.18002,137.93755,-165.08029,251.40492,137.85945,-165.01004,250.58559,137.84482,-164.93904,272.73248,140.02396,-167.56702,258.63992,140.06104,-67.40386,257.87997,151.6413,-174.16655,251.54214,151.66306,-145.38007,294.8319,184.16406,-176.99164,258.61496,186.17574,30.814953,308.0493,237.49498,-172.15866,271.29004,240.51007,62.393147,307.39008,292.34256,-198.70438,262.536,280.76917,12.789396,313.15234,305.2767,-221.05498,263.10376,291.18512,16.49631,305.01352,308.68808,-233.29297,255.53914,290.71185,-8.269171,302.20926,304.96173,-203.15463,257.48932,287.60342,0.7214812,281.9708,289.1458,-62.39422,257.148,289.44818,62.44094,289.64676,363.58038,-7.8888493,246.95068,360.64413,130.97012,300.9681,431.94925,88.12937,250.36311,427.2686,247.51566,308.54007,442.3744,91.55017,258.47806,440.37012,255.00299,275.26706,455.65018,6.2597885,216.78609,445.33676,203.35017
