10.png,234.64345,127.03055,-144.29427,237.84442,119.72458,-135.94417,240.2119,119.40029,-135.86455,242.67871,119.073586,-135.87302,231.17671,120.50319,-130.54341,228.78786,120.56172,-130.55122,226.42155,120.709946,-130.63557,246.3559,121.167656,-79.039474,224.66292,123.297424,-50.295963,239.7024,132.41415,-123.304535,231.01103,133.20946,-114.864685,263.0313,148.66417,-51.680588,211.55775,149.3865,8.870623,302.3809,120.347786,-92.62388,173.6189,128.64583,20.394768,285.50357,79.90752,-148.41992,183.85796,83.466484,-10.973798,281.8356,69.34092,-178.23776,187.90656,73.11332,-28.701872,277.61597,70.2278,-168.22896,193.03499,70.998146,-28.061108,278.00943,75.73687,-149.22162,193.28758,75.56308,-14.436201,252.75316,245.75256,-20.886908,218.91263,245.16791,21.039448,275.41428,309.4998,-34.801693,196.29799,306.3097,36.24308,299.60974,359.46152,72.9514,175.1766,356.057,148.27408,300.3101,366.22702,79.9371,176.21185,362.6439,155.61995,305.12558,381.89636,-6.1661305,162.6035,380.24973,75.18815
11.png,276.48862,67.31797,-141.2024,278.82706,63.07673,-130.89836,280.60394,62.97626,-130.85597,282.47302,62.84776,-130.82298,273.40927,63.5917,-131.18405,271.46365,63.707275,-131.15692,269.54523,63.89359,-131.18268,284.56955,65.70013,-73.32292,267.1526,67.13824,-71.58637,280.31705,72.11444,-120.86728,273.093,72.61622,-120.14924,298.113,88.54616,-43.14086,254.25641,90.26763,-38.300613,328.6222,73.46303,-57.21392,220.06194,76.77511,-41.291706,357.9472,48.741512,-135.76187,194.31343,50.69406,-94.21906,366.7151,41.872433,-162.28,188.00407,45.51175,-110.395584,365.75916,38.573284,-173.26535,190.50876,40.3227,-125.19363,362.60394,41.141575,-146.18987,193.23143,42.09634,-104.70873,294.48068,162.57707,-3.273828,266.31668,164.09113,3.3336205,309.86478,218.21246,-2.1187124,250.62466,216.94868,6.795677,327.30124,264.3983,73.52281,234.65994,263.71518,82.89756,327.40863,271.70728,77.20111,235.90094,270.31366,86.84319,334.0832,281.07462,-0.408244,228.6566,281.54037,10.988308
12.png,266.9007,140.00125,-230.07663,271.8953,131.69215,-210.47777,275.22305,131.50647,-210.33691,278.67212,131.30365,-210.3465,261.96777,132.38017,-208.1722,258.55597,132.4355,-208.18068,255.16151,132.61894,-208.3482,283.54034,136.29506,-100.6521,251.5872,137.83319,-91.50293,273.72397,148.61992,-190.42526,261.28473,149.20302,-187.34038,308.2511,177.0502,-69.7299,232.42159,179.2162,-43.1252,359.5131,137.65305,-162.88962,179.55939,143.38768,-154.19365,326.44214,83.18699,-261.24005,210.21828,89.20083,-262.9739,319.83377,69.861664,-304.46368,219.272,76.0745,-307.71277,313.2358,71.56026,-292.65125,226.09874,76.59804,-296.2623,314.60907,79.04219,-263.35132,224.44489,83.68535,-265.63425,301.49347,310.45068,-9.61712,250.23456,310.39493,9.764962,321.07028,407.32666,-16.159424,222.24829,400.34253,8.419944,336.46115,485.83652,161.09831,201.33301,481.57275,172.10004,333.74744,496.8443,172.10944,204.24098,492.93744,180.466,343.81192,515.3238,34.979973,187.56311,512.8124,42.059853
13.png,217.42194,85.43293,-94.533455,219.96619,81.16252,-84.554,221.66638,80.98199,-84.48766,223.43471,80.78477,-84.50658,215.00992,81.601585,-84.225334,213.3405,81.609055,-84.20264,211.68538,81.69324,-84.27062,226.28088,82.52232,-27.546288,210.47566,83.677795,-28.473722,221.26814,89.233864,-73.88709,215.11226,89.685005,-73.933914,239.23782,102.36456,3.6527221,201.10626,101.86668,-11.913112,268.23804,82.11242,-8.873453,179.67778,80.12848,-48.458443,251.54109,52.758366,-25.580114,192.98236,50.691895,-70.32196,248.1921,45.55235,-42.928074,196.9292,43.707726,-89.86471,244.32887,46.330044,-35.476196,199.7567,43.957428,-84.62813,244.92743,49.874046,-25.992975,199.26642,47.387268,-71.35199,234.08864,171.38719,8.012199,208.49847,171.77989,-7.9000916,245.35388,219.70721,7.2931232,199.4405,218.86993,-10.067457,253.39859,261.02216,89.84743,184.07083,260.10696,78.30577,250.8366,267.0527,95.126144,183.75468,264.20117,83.2737,264.42386,277.5942,27.784044,180.61382,280.30673,12.530813
14.png,255.47488,180.27411,-216.81175,259.81808,175.61035,-199.94461,262.35904,175.92445,-199.87971,264.98068,176.20988,-199.89249,252.0822,175.2216,-202.08467,249.456,175.05544,-202.06128,246.83011,175.00829,-202.19893,268.11816,180.79167,-109.13739,242.93718,179.03058,-118.06005,259.72314,187.55817,-184.03545,250.09935,186.8373,-186.2965,280.38422,209.21762,-83.87813,227.57132,205.10109,-89.072174,301.72272,173.71149,-109.98011,213.85698,168.46635,-121.50836,276.0923,137.0422,-147.23485,240.10056,133.92845,-131.4018,269.44284,130.1285,-174.1023,248.99542,126.74829,-156.7155,264.14267,127.48923,-166.73799,252.11987,125.530846,-152.18304,266.49808,130.63461,-149.54851,249.4272,128.75256,-133.3384,272.4332,304.36078,1.3015724,236.52203,302.244,-1.2808303,295.09576,363.3336,41.34765,217.0352,360.29547,39.22111,312.72305,410.1437,185.65852,202.83081,408.33197,179.7335,310.2025,417.5296,196.0153,204.744,415.21573,188.8973,327.275,429.4197,109.34914,193.62192,429.53598,98.9151
15.png,171.92383,119.59669,-38.87225,177.15997,114.6308,-38.540775,179.55179,114.65714,-38.46868,182.02832,114.66744,-38.468185,172.05376,115.05949,-23.716427,170.95998,115.198845,-23.642227,169.86053,115.45045,-23.615192,190.52467,119.34537,-26.344261,174.1052,119.99303,42.78727,178.64325,127.11392,-34.234417,172.07654,127.35217,-14.265427,209.44902,148.55934,-43.131584,165.26767,149.8169,75.4041,210.43434,94.85222,-81.613884,157.15858,114.173805,113.071365,203.2295,53.983097,-66.85906,158.43544,70.41062,126.96761,202.85782,46.07078,-81.52696,159.58801,60.79749,125.100334,200.66086,45.748028,-71.33187,163.60832,60.030212,122.19543,200.24486,48.091156,-66.21752,164.53691,62.713047,123.39108,192.86397,257.82144,-58.332333,161.35976,257.38467,58.45792,214.62335,333.90833,-86.54254,147.06328,323.03433,38.889145,251.49315,400.76077,-73.6186,155.79503,391.20847,85.71113,260.47495,409.17957,-75.70796,166.28778,401.79266,86.12449,243.8144,424.51187,-140.93715,123.09393,413.8898,45.198357
16.png,162.22673,113.14929,-195.40811,164.96927,108.39048,-188.01183,166.95366,108.27826,-188.0702,169.02579,108.15714,-188.10207,159.20146,108.91398,-183.33234,157.23927,109.02167,-183.25653,155.3122,109.23098,-183.24593,171.74306,110.42751,-135.74574,153.9091,111.801544,-109.44339,166.13704,118.116196,-175.59468,159.33705,118.674,-167.80635,182.65765,131.71571,-126.473885,147.86003,133.00468,-52.70282,187.39552,96.66468,-146.60307,146.9374,103.69177,-23.098204,174.09686,68.8772,-158.41115,153.24922,71.747116,-33.114998,170.05968,63.07034,-182.11646,156.72656,64.98118,-46.07681,167.9939,60.462467,-172.77132,158.48392,60.977654,-46.448917,168.93674,62.06159,-157.88438,157.89526,62.37477,-36.39501,184.2989,208.61266,-36.559223,160.41924,208.47421,36.65734,191.85175,264.65894,-39.937298,148.10341,258.09766,104.99171,214.56416,305.22638,37.227886,141.01402,299.26816,216.28926,217.10562,309.8259,39.956768,144.17496,306.52277,224.90672,210.47311,323.8941,-43.160885,124.2744,312.8818,161.71556
17.png,272.46143,168.3097,-257.4,277.5372,156.9613,-237.36488,281.6809,156.5122,-237.25853,285.97556,156.03508,-237.30128,265.31442,157.9365,-236.73555,260.98135,157.8663,-236.66133,256.70886,157.95279,-236.70921,291.73215,159.01143,-119.32516,252.00392,161.51968,-114.1321,281.01495,177.14244,-214.47145,265.57077,178.0529,-212.61798,318.9042,205.71884,-108.09915,228.48727,201.05356,-80.66545,354.2891,170.24333,-256.60406,192.45737,147.58025,-164.68315,364.21368,87.6552,-401.26907,194.9287,73.71256,-261.30453,371.86206,64.86917,-463.1245,196.74194,56.53813,-306.65717,364.37326,61.62342,-448.1207,202.63281,51.415768,-308.67957,360.13617,70.212524,-407.83554,203.54596,57.853596,-271.80487,297.93237,368.50977,-8.882897,237.1433,370.03525,9.142823,324.97116,481.11234,-22.204704,212.56445,484.3354,7.7498226,351.86365,582.09875,118.31825,193.2791,585.23224,161.7916,350.52945,593.5979,124.76818,197.36955,596.0332,168.86995,362.02594,628.55994,-34.48825,182.71307,632.70764,12.967222
18.png,333.91226,185.44139,-273.40622,340.4353,176.838,-259.07788,343.55942,176.98509,-258.9848,346.78336,177.1012,-259.02637,331.53674,176.19232,-258.06152,328.62,175.58972,-258.03415,325.75342,175.12172,-258.07593,351.85907,179.03378,-154.19511,323.61353,175.85594,-150.29318,339.3712,192.28323,-234.18399,328.76404,190.96371,-232.69925,372.9451,208.62126,-93.03689,300.2556,205.696,-117.17247,421.48077,173.11208,-186.09686,250.8457,167.7549,-206.0284,395.0216,119.16456,-320.21954,273.0362,116.59978,-289.1065,389.6056,104.87779,-366.03888,280.21005,103.081436,-335.00754,382.85205,105.368065,-354.5692,288.05164,102.54345,-324.50577,384.11295,112.11668,-323.856,287.66498,108.6821,-291.91223,362.27322,329.40692,7.340374,315.38303,330.61743,-7.094832,386.5421,416.7333,-3.7234037,287.50662,414.92783,-15.305637,414.1994,490.9441,130.86516,249.2373,493.83978,126.61773,413.97852,500.128,138.04099,247.20233,501.62445,133.89705,421.21768,523.8906,8.880307,242.57991,530.67523,6.5976353
19.png,265.03616,169.26416,-203.15402,269.66406,163.35289,-190.24994,272.1873,163.54424,-190.2126,274.79355,163.7332,-190.24242,262.1172,163.08958,-187.29478,259.607,162.84483,-187.21419,257.1254,162.71916,-187.23105,278.29935,167.03416,-114.62282,254.0246,165.42365,-98.88891,269.33585,175.69092,-175.77325,260.01532,175.0258,-170.948,288.4323,193.37817,-113.148926,240.48476,188.2684,-75.01588,301.69473,154.29376,-197.70216,225.51634,150.5727,-111.786736,304.45157,112.17345,-263.56155,223.24286,109.27526,-164.05682,306.7291,100.97556,-300.99713,223.0886,99.04919,-196.23593,303.42218,98.998726,-294.1858,227.40013,96.70597,-198.25946,302.4214,103.05254,-267.68073,228.12427,100.2744,-170.9172,278.19272,283.33987,-12.901052,244.71153,281.62265,13.097521,304.9659,339.97223,-6.633511,225.8377,338.5095,42.332237,318.54724,386.63345,138.3635,212.45905,387.1195,180.66483,316.04114,391.1571,149.41144,214.09578,393.12146,190.63147,326.2972,412.78137,62.32049,205.75383,410.93942,102.27137
2.png,121.41553,86.48921,-90.89023,124.44548,82.816055,-91.514786,126.02409,82.75721,-91.48434,127.69487,82.68726,-91.53152,121.01894,83.33427,-78.03683,120.272,83.48906,-77.985275,119.53617,83.74154,-77.98286,132.97334,84.6893,-77.85191,122.64472,85.83244,-14.374782,126.00644,90.87417,-85.72003,122.041306,91.39911,-67.23261,146.12039,103.74681,-96.57266,120.25892,104.634445,27.611015,144.15544,66.15983,-140.31187,125.894684,71.338684,46.344215,135.70515,35.66101,-143.10619,129.85898,40.256493,6.4713073,134.41878,28.462288,-164.10083,132.44861,33.94962,-5.337703,134.13599,28.015177,-156.69724,133.35643,31.117615,-11.94208,133.82645,29.921366,-141.70688,133.58476,32.536537,0.1480799,143.49586,179.65602,-45.388557,121.22423,180.76872,45.36438,157.93254,230.72443,-53.57599,103.67806,218.95717,106.511185,180.87784,271.17474,-11.026335,107.0428,262.26288,191.85081,184.75702,275.7137,-11.302293,110.78715,269.70187,197.71297,173.45241,288.3866,-85.97622,88.99407,274.79367,156.87685
20.png,238.4569,131.41968,-158.16681,242.7535,124.67253,-147.84561,245.3256,124.62202,-147.74391,247.98346,124.55322,-147.74017,235.48648,124.815,-142.84036,232.9913,124.6729,-142.86145,230.49847,124.63206,-142.93645,252.08115,127.103516,-82.94497,228.50839,127.13891,-57.57969,243.46713,137.24063,-134.42049,234.18623,137.27788,-127.023796,265.37592,152.99765,-46.039646,215.99156,151.90846,-1.3202729,299.8253,121.43262,-55.814224,178.97047,128.84937,10.333243,280.01224,81.9566,-49.047073,202.77391,86.46945,11.938155,275.5459,71.55423,-70.55726,210.25824,76.80072,0.003925877,271.7645,72.776535,-54.949333,215.61351,75.37982,6.4432855,272.5791,78.2281,-46.860226,214.01733,80.02694,11.873166,258.09778,250.81462,-16.889833,224.46701,249.20201,16.971449,280.49954,316.07773,-25.123053,197.444,310.08432,24.194702,311.4964,359.71497,91.99004,174.7406,356.56992,142.60509,313.2882,364.36127,100.29812,175.18991,361.96634,150.9383,317.7448,385.3773,14.487579,162.65625,382.3886,69.98793
21.png,280.3174,156.72897,-494.3387,287.61658,146.72516,-463.5333,292.4571,147.34537,-463.5,297.42606,147.91891,-463.5162,272.7517,145.92354,-470.84534,267.28128,145.52728,-470.7957,261.86282,145.35466,-470.99078,301.52078,156.58423,-307.323,253.10687,153.25842,-335.17715,288.14313,171.19148,-438.71033,269.14172,169.68419,-446.43204,325.07498,208.50677,-261.75333,225.27705,204.65627,-292.5084,350.3051,124.2261,-289.74088,213.13477,121.29638,-375.44717,310.63766,41.743553,-324.52304,240.11725,42.08129,-419.27866,299.01624,24.908152,-377.50333,250.73721,25.529997,-471.51,288.7391,17.065516,-358.7418,257.48962,20.00919,-465.1104,293.13535,23.029799,-328.74872,255.22662,25.584875,-424.87585,322.92972,387.22693,-0.3429534,251.51736,388.89594,0.3199821,369.32336,506.33008,35.356163,202.21461,510.37274,46.4238,419.55475,595.6987,242.44408,151.47475,601.7157,276.00058,421.33395,606.627,256.25433,154.60515,614.3252,290.81137,430.6758,635.58417,98.49057,123.85158,640.14716,130.81784
22.png,338.04993,116.23526,-188.12846,341.1888,111.66627,-175.04921,343.13528,111.88599,-175.00447,345.15103,112.09147,-174.9867,335.20428,111.113396,-175.45247,333.0503,110.7731,-175.40862,330.91595,110.509735,-175.46208,346.40176,114.895004,-103.0841,327.3887,112.82789,-106.29078,340.76862,121.57499,-162.09085,333.22308,120.716,-162.89514,355.31192,136.40988,-85.406876,311.1486,133.06305,-78.63491,380.98254,113.30635,-124.3782,280.36118,106.66457,-112.931564,375.6813,73.70619,-173.1122,289.03516,73.946144,-163.4121,375.81482,62.436394,-203.91605,292.30118,65.00409,-193.35406,371.177,62.188038,-195.28899,296.65253,63.57034,-191.09914,370.95947,66.95569,-175.84998,296.16916,67.20308,-167.60468,349.4989,211.1748,3.2259414,319.3799,210.8542,-3.1561978,365.5355,270.00656,4.586849,311.2835,268.25272,-1.2542423,374.21014,317.8757,112.81504,297.48923,313.53098,105.050934,372.52573,322.065,119.45775,296.70764,317.7773,111.02669,376.669,341.39743,30.092993,299.85983,336.53397,19.061821
23.png,72.1679,74.49195,-155.01082,74.39832,70.707565,-146.21692,76.04131,70.67988,-146.2196,77.75157,70.65412,-146.2462,69.56065,70.87633,-142.72356,67.87696,70.87217,-142.69406,66.19845,70.95282,-142.76837,79.65979,73.02638,-95.057304,64.36781,73.27143,-77.17967,75.158775,78.78052,-136.52063,69.195,78.94054,-131.10556,85.983284,92.27104,-93.93449,58.136894,89.60687,-34.6594,86.87599,65.59254,-121.05045,57.457146,66.1534,-14.4322,77.54624,39.58752,-133.3324,67.016556,41.24633,-23.285051,74.17862,33.331657,-152.63338,70.6197,35.728752,-35.830265,73.627686,31.681927,-147.73027,72.67932,33.223316,-34.211884,74.493065,33.82779,-134.12695,71.80944,34.73239,-25.284958,80.467316,157.91618,-19.698235,59.44472,155.41998,19.78093,97.16653,199.24904,10.734172,42.64904,192.58548,39.787117,113.59031,223.0971,149.95923,39.974617,225.78548,153.17667,113.327934,223.53096,161.92177,42.883846,230.09204,162.98943,119.03259,244.5899,111.762146,30.130861,243.16963,110.31005
24.png,90.775566,70.071365,-95.38211,93.15498,66.66676,-83.24199,94.742096,66.70712,-83.235565,96.38072,66.72918,-83.24324,88.23555,66.6596,-83.695526,86.522835,66.58998,-83.642075,84.824234,66.58397,-83.65774,98.27625,68.92022,-23.27385,82.79449,68.67375,-26.361126,93.73758,73.924774,-74.29331,87.621765,73.867676,-75.18246,102.92049,85.90676,-0.020752141,76.70459,82.961296,-11.256041,111.545166,63.268486,-0.6403775,67.93963,60.545795,-27.473478,106.71323,35.365772,-17.349865,69.47674,35.71863,-46.45235,105.81446,28.00512,-32.57672,70.14626,28.982018,-64.058395,103.40955,26.434624,-28.607197,72.907486,28.21157,-60.85258,103.68366,28.738811,-19.509058,73.048676,30.368341,-48.07438,98.16795,142.7662,5.3723097,77.69463,140.52814,-5.2956057,115.60845,183.68893,7.112759,64.43912,180.62546,-3.5202854,128.0695,219.78864,80.86635,48.39491,215.11191,72.74042,126.56064,225.45642,84.89256,47.73934,219.89044,76.90581,139.11092,232.86583,17.600319,44.945446,229.57224,8.036094
25.png,227.58516,126.490585,-290.30133,232.45972,121.80526,-275.78104,234.66699,122.09976,-275.82724,236.95905,122.38672,-275.79822,225.50417,121.96352,-275.53516,223.19733,122.031044,-275.44467,220.95135,122.223915,-275.46667,240.86406,127.56133,-193.01456,219.91985,127.03091,-194.14839,232.06227,133.76962,-260.72122,223.88768,133.53276,-261.01242,252.2531,156.0338,-165.94029,207.17392,153.28395,-163.81378,257.00723,114.30953,-192.85606,200.2503,108.726715,-204.52391,243.8982,67.61357,-252.97322,212.12973,63.295025,-241.34479,240.14764,60.057816,-288.98773,216.517,53.623928,-276.6241,235.4772,54.87384,-287.19675,219.75832,50.55916,-277.9896,236.47847,57.796856,-257.8185,218.82504,53.50595,-246.94698,242.14761,246.71414,-1.0827768,209.01662,244.54971,1.2084466,272.76645,306.15225,28.610918,186.95267,304.5542,46.918888,285.3371,353.34424,181.44028,168.71544,345.2162,209.85968,282.13004,358.93243,191.49765,167.42607,349.8408,222.15958,294.15234,373.4263,101.12526,169.71512,364.4173,136.12851
26.png,215.39899,138.85617,-62.63026,217.97575,131.46014,-44.81437,220.66367,130.6156,-44.802696,223.46085,129.75914,-44.872463,209.02171,133.75262,-45.883434,206.31465,134.45442,-45.79764,203.64375,135.25159,-45.926083,228.66313,131.76752,35.663006,201.55042,138.93715,28.723589,222.3627,145.61,-33.774292,212.93227,148.42886,-35.054005,251.5262,167.3496,37.43286,189.81458,171.82204,8.073684,244.15724,106.066475,6.7966566,185.8367,116.36199,-92.270615,233.28543,69.82833,-1.1238037,198.07935,71.88393,-133.19357,231.40433,58.76692,-38.355938,203.57367,60.155205,-162.22914,230.26498,58.533653,-32.176785,204.03871,60.053493,-162.31735,229.45851,61.388103,-5.5461254,202.8642,64.470024,-137.68538,244.29375,297.37698,5.3972144,195.7816,294.84308,-5.4144206,282.34305,389.24072,-41.451122,173.85104,385.42206,-22.13163,291.1245,475.57098,52.079224,153.5293,469.94708,84.22797,282.92816,489.43283,55.61771,156.7275,480.9503,88.50378,314.5626,498.80978,-43.069744,140.72395,501.08096,-8.684246
27.png,125.12071,127.452934,-163.67519,129.25436,121.6431,-146.72762,132.03947,121.93391,-146.68259,134.90619,122.21881,-146.74559,120.89236,120.81745,-150.40225,117.98722,120.38316,-150.34424,115.11426,120.04549,-150.38412,137.97546,126.01925,-67.46904,110.71033,123.15648,-84.29244,129.80873,135.03944,-135.60501,119.28091,133.83742,-140.33243,149.1153,157.7959,-50.21741,94.79784,151.72636,-78.68495,157.9018,119.56917,-48.121086,91.7433,106.22177,-123.9909,158.78601,71.82189,-43.625393,102.45328,63.012486,-148.15605,160.17896,55.038067,-64.16579,109.65267,48.99009,-173.5105,157.96846,53.400887,-54.897827,111.806526,47.44291,-169.75111,156.34688,58.47473,-45.55322,109.80766,51.72941,-152.0565,140.12338,252.24014,3.010249,100.233635,252.80756,-2.9868624,165.6973,326.93756,8.41558,73.130486,326.93008,-4.6264462,197.38734,377.0247,101.489716,50.824512,375.62994,108.37946,197.43268,382.13354,108.68025,52.396988,379.22455,116.79299,206.94446,403.9029,29.844439,45.65283,405.01376,36.764
28.png,119.63272,100.16359,-169.11604,122.11967,94.98773,-156.52643,124.25963,94.93458,-156.48795,126.48382,94.87078,-156.48773,115.304405,95.18476,-158.05377,112.85195,95.16785,-158.03955,110.42181,95.2338,-158.1248,128.06888,98.00319,-84.66184,106.37522,98.393875,-92.70788,123.27291,106.0645,-143.415,114.85739,106.282364,-145.3522,141.70148,123.87213,-58.193913,89.3711,123.33644,-73.640594,167.65062,92.0692,-81.27906,57.249504,100.595184,-123.979706,179.05424,55.573853,-142.38625,55.01752,63.921055,-191.8712,183.46619,46.37951,-169.60204,54.283543,54.313896,-223.7827,179.8035,45.34806,-171.52751,58.903397,51.796185,-224.87468,178.24393,48.370934,-149.48483,59.960213,55.41343,-197.81241,132.43321,204.8312,8.151137,97.09756,204.43379,-8.128315,151.288,266.6632,6.109925,81.113945,264.13022,-13.487172,162.19542,320.36823,93.86624,57.71102,315.0687,78.32485,158.68205,327.38254,98.632996,55.66727,320.6117,82.97947,172.49461,342.44666,11.647379,60.100475,338.9108,-10.477461
29.png,167.10765,134.26753,-121.97748,170.70886,130.13483,-105.29312,172.79156,130.40765,-105.21147,174.97137,130.67738,-105.19129,164.20001,129.47612,-105.91157,162.03038,129.13998,-105.88049,159.86234,128.91154,-105.93976,177.35396,133.60208,-26.454844,157.05981,131.24771,-28.169468,170.65355,140.45625,-94.21381,162.92192,139.5014,-94.533356,186.75066,159.3734,-14.883664,143.20782,154.92155,-2.3444371,193.85962,129.005,-55.005325,125.626755,123.91717,-20.645243,181.1078,91.54307,-78.78484,145.16048,88.75424,-41.3248,177.86253,81.85579,-100.80391,151.53667,79.246994,-64.260895,174.65848,80.67585,-91.0188,154.88878,77.61255,-54.061172,175.55252,83.8141,-79.281364,153.4977,80.86854,-41.565907,181.86365,241.96086,1.8112012,151.35138,238.88083,-1.6945367,191.70895,305.0825,31.43019,139.83092,302.58395,16.58643,212.0445,345.3673,172.57948,117.77026,348.78824,127.75921,212.55511,348.47955,183.43356,116.35644,352.44675,135.25604,213.57135,369.03925,102.146935,115.90201,373.83896,50.871197
3.png,179.39055,125.53909,-85.96304,182.14636,122.316574,-72.23964,183.93343,122.32734,-72.19558,185.79002,122.32365,-72.22276,176.60265,122.7245,-73.13762,174.76921,122.87471,-73.10749,172.9409,123.10144,-73.194016,188.75963,125.51381,-7.75469,170.95567,126.36904,-11.394089,183.2106,130.68309,-63.323067,176.51492,131.03055,-64.21356,199.17278,145.7643,-2.5295384,163.08171,144.61797,-12.675685,207.10661,120.1297,-53.896282,159.56407,118.67725,-73.15513,193.94106,90.42403,-89.32929,163.2863,88.87555,-108.760345,192.2077,83.77557,-112.58864,165.24165,81.63738,-133.60992,188.54965,82.360214,-105.71693,166.80109,81.10867,-130.916,188.92152,84.75123,-90.51849,167.02243,84.052505,-111.557045,195.04884,211.78218,0.5696053,168.63187,210.77039,-0.36096355,211.18626,256.54514,6.035563,156.30125,256.7052,22.210377,225.68658,291.05048,127.948,150.4628,292.50964,152.57513,224.84486,295.11655,137.21698,152.22235,296.27866,162.23166,231.33916,307.08215,68.22661,148.46109,310.69916,95.39081
30.png,116.713745,130.64366,-264.62775,122.87364,125.60884,-252.23357,125.73722,126.02979,-252.17241,128.66235,126.436295,-252.14093,114.61516,124.855995,-250.25867,111.91084,124.46014,-250.23865,109.2357,124.173164,-250.3203,133.60239,130.50381,-173.63321,107.630974,127.224365,-167.11748,121.93798,137.5024,-236.0142,111.8366,136.18741,-234.1399,144.12202,155.63797,-137.44815,92.58927,148.73662,-127.672905,154.73267,116.50881,-142.6016,72.59547,106.308586,-146.02045,138.44017,71.955795,-161.81181,97.1321,67.04291,-172.46063,133.85515,64.21539,-183.5814,104.61314,59.229877,-193.53021,129.42213,59.760735,-175.27194,109.84181,56.6028,-187.06526,131.2512,62.247307,-162.73561,108.07005,59.461456,-173.17416,133.65135,243.17337,2.5372028,96.2961,239.59125,-2.3645825,166.59897,300.90536,23.025738,60.650463,299.84103,-17.082636,184.94566,325.14288,173.82336,28.501875,350.40186,69.29687,182.6775,328.97314,185.18446,28.022215,358.18082,73.649155,198.45396,339.284,123.42994,16.233751,369.2099,-12.756494
31.png,220.75157,135.65672,-313.74182,224.28992,129.31363,-299.80753,226.61514,129.28557,-299.81937,229.02153,129.24127,-299.8271,216.60362,129.79695,-299.67603,213.8355,129.79456,-299.56674,211.12143,129.92503,-299.58093,231.68428,132.31142,-215.31546,208.35728,132.9702,-211.74469,225.0611,142.31613,-282.52734,216.7035,142.615,-281.34888,242.42749,159.25208,-192.32584,194.30548,157.43875,-164.29845,239.1105,107.793816,-222.71323,193.3304,106.46063,-176.22018,233.99728,57.3244,-248.84923,208.48352,53.265324,-182.94612,232.33127,47.806305,-279.75357,214.23587,42.016243,-207.36482,229.48087,42.67606,-274.9249,216.79152,37.05496,-205.22388,229.1093,45.38153,-251.58823,215.82928,40.563354,-185.88286,230.815,265.71533,-14.897911,192.31352,265.86963,14.9206,265.16928,343.1052,1.5263692,162.48984,344.45493,44.86764,297.66006,409.4157,118.31637,145.20665,402.4233,183.65575,297.06332,419.69244,125.08713,147.69185,411.315,193.94086,309.7793,432.04263,21.360186,135.11171,424.67096,107.35265
32.png,168.40927,122.05665,-211.66553,172.06116,117.28287,-198.29736,174.24417,117.38704,-198.24866,176.48866,117.46946,-198.2341,165.55579,117.368484,-196.81969,163.26944,117.32848,-196.83597,161.0136,117.3915,-196.93596,179.49332,121.40369,-126.84696,158.60464,121.17308,-116.69324,172.55817,128.31984,-186.61566,164.25197,128.18474,-183.6184,191.83992,147.34239,-101.58867,144.61386,145.00305,-83.07271,214.73756,109.02048,-115.93084,123.80164,106.9029,-103.19897,193.51308,66.921814,-133.61154,141.78487,67.94188,-135.64732,188.09239,57.622528,-159.14185,148.622,59.89054,-159.52324,183.03044,56.388046,-148.31435,152.53683,57.957394,-156.06683,184.80717,59.969032,-134.35226,151.02974,60.89346,-138.60597,183.10643,234.28697,-8.662046,149.44266,232.95642,8.743506,205.53801,297.92413,-3.4017425,128.8727,294.0725,18.01279,235.85815,346.08984,95.07695,105.736595,342.29388,130.96915,237.25653,351.3047,101.127365,107.05109,347.29056,138.07831,241.77238,368.2383,8.009512,93.929054,365.8198,48.9733
33.png,257.45868,181.55865,-301.3436,263.93396,173.17242,-279.52444,267.6573,173.55371,-279.414,271.5385,173.9107,-279.49075,253.0274,172.80466,-276.96136,249.23312,172.57164,-276.858,245.4795,172.5552,-276.84192,276.47946,180.30801,-162.76463,241.12231,178.33516,-153.58273,263.71777,192.60797,-260.00284,249.90228,191.76819,-256.43594,292.00903,222.41945,-150.04173,223.09851,219.34294,-107.69638,289.7726,148.10684,-194.75813,219.10951,147.05965,-153.8278,276.03824,77.10876,-213.72035,231.63182,78.03504,-204.83995,272.7339,58.301838,-259.23862,237.16551,60.919586,-241.82866,268.85483,55.099884,-242.1067,238.80624,58.288498,-236.0143,268.9783,61.340824,-214.77264,238.14871,63.828884,-208.91223,283.08667,387.9062,-6.4100633,232.26361,383.65762,6.688781,326.08426,478.1033,72.30876,183.57652,469.83176,-29.151546,344.1929,550.1538,337.23306,153.58078,558.6366,183.99806,340.56042,560.56165,356.9897,157.02298,572.36505,197.50786,361.34055,586.347,233.10469,128.16176,593.9699,50.923943
34.png,345.15048,223.06575,-86.53451,344.2738,212.99988,-60.850628,345.46497,213.02652,-60.77276,346.83133,213.01456,-60.838253,337.5153,212.83812,-87.689064,334.15192,212.49469,-87.56608,330.81888,212.33498,-87.5906,342.92795,215.23712,50.477673,321.45325,215.13835,-75.13368,346.47778,231.78642,-44.895454,338.29843,231.54251,-80.59532,351.14957,257.1762,113.527374,300.69388,251.75217,-142.22046,365.97308,186.16975,153.12836,324.63004,183.42586,-242.80775,343.2051,130.5894,110.08118,334.43695,121.7806,-150.81812,335.05014,119.25643,80.325485,338.52786,105.86365,-170.92624,328.9839,114.93003,86.16397,332.58817,107.14619,-161.17715,331.31235,117.3118,103.272675,332.06238,112.147675,-146.63298,352.62082,416.20703,93.15392,314.8934,416.2336,-92.94507,399.71545,502.02982,90.94002,291.2242,518.3142,-117.14785,385.78143,576.49054,265.02945,243.6168,587.86523,56.8183,371.84482,586.1925,278.8311,232.11688,593.1782,70.198746,423.4309,615.3407,206.82518,252.60191,634.5677,-32.794056
35.png,147.8652,113.27034,-120.09527,150.23044,108.33089,-111.16274,151.90385,108.22184,-111.145706,153.6446,108.0912,-111.15035,144.99547,108.53842,-109.34118,143.17499,108.45693,-109.325806,141.38657,108.435936,-109.40685,155.65869,109.53199,-57.012215,139.17923,109.79331,-47.94694,150.8478,117.7098,-100.32613,144.61914,117.79985,-97.560265,167.8772,130.21063,-48.500927,126.09377,129.35344,-25.137606,191.11273,110.05114,-87.61388,104.85198,100.36632,-48.464306,187.49298,74.12719,-151.94911,107.24861,70.857086,-96.58511,187.77847,64.49442,-179.85818,107.67424,63.614803,-124.32827,182.75862,62.53459,-178.58035,113.397675,61.9638,-123.057236,182.53926,66.47652,-156.42747,113.49791,64.70875,-101.16594,162.60187,205.32828,-11.960093,132.11041,207.53508,12.088069,186.11102,256.218,-34.12388,105.763725,256.8778,-32.43141,208.92732,304.90405,22.739792,91.17888,309.13556,36.657276,209.61156,311.22763,24.250471,92.817726,315.99908,38.674244,212.26337,320.65897,-55.36234,87.08164,325.27014,-41.800713
36.png,201.41382,92.917885,-143.48175,204.276,87.32317,-133.32109,206.44077,87.22214,-133.31136,208.67986,87.10415,-133.35583,198.27702,87.75777,-128.56161,196.15346,87.798584,-128.5116,194.05602,87.92672,-128.55656,211.50291,89.94876,-78.44317,191.90115,91.07821,-53.28877,205.45665,98.44083,-123.7922,197.60222,98.87344,-116.32776,223.24632,115.19674,-79.90469,181.47961,116.06527,-11.658588,243.17804,81.46783,-131.32416,164.59158,86.68603,10.108013,239.34348,42.391888,-163.9059,159.09387,48.582127,-7.5907516,239.14162,30.487354,-196.17958,158.83519,38.56779,-24.415941,235.86916,30.440792,-185.2046,162.80028,35.914135,-29.550518,234.91168,35.525753,-165.19644,164.00621,39.369797,-13.6633005,220.68498,204.03888,-25.863085,192.3801,207.44983,25.958233,239.37975,265.90973,-29.766546,187.2963,271.77252,53.8989,258.92984,322.63583,48.97473,188.11528,325.62418,143.28546,259.3669,329.86807,52.654167,192.62642,332.21844,148.77592,264.12216,345.5097,-33.124912,176.60963,348.05014,72.5072
37.png,136.23145,72.26659,-184.23587,139.11755,66.26331,-174.32977,141.34186,66.1472,-174.25558,143.63402,66.02363,-174.27647,132.62607,66.60046,-174.88083,130.24492,66.54954,-174.87077,127.86224,66.60477,-174.91808,146.3037,68.10406,-109.697174,124.764755,68.85635,-110.32673,140.45828,77.20959,-160.081,131.96992,77.437035,-160.0791,158.97269,90.04455,-77.44501,112.408165,88.31035,-71.475,175.63208,58.854443,-89.60719,96.43053,57.58777,-80.08785,144.9013,26.114237,-98.56643,115.61425,25.856647,-78.60212,136.12976,19.276957,-118.72257,122.08553,18.60645,-94.83801,133.55441,17.634737,-108.04149,124.46488,18.450344,-87.43812,136.42587,20.549253,-98.212265,122.93024,21.363232,-78.368355,149.3281,173.82835,-3.604611,118.91246,170.998,3.6574643,167.16891,221.58244,26.917276,95.99096,219.40605,34.197063,181.79106,253.74187,167.51338,86.99362,252.00516,178.92369,180.06566,256.83234,178.95851,89.366264,255.61638,190.49548,189.9394,273.7929,116.190796,76.54024,272.5277,131.34409
38.png,207.46623,146.91898,-335.46536,213.71124,135.71158,-311.36713,218.40817,135.54366,-311.18884,223.27164,135.35257,-311.0665,199.47116,136.43558,-312.11108,194.41165,136.47607,-312.1749,189.3947,136.70053,-312.52673,228.71422,142.49907,-169.33572,182.6516,144.11346,-171.41261,216.33513,159.1207,-283.11615,198.44835,159.72717,-283.28836,255.0943,198.32172,-118.24902,154.23389,194.7727,-107.89008,321.27893,132.13683,-207.18211,90.09067,113.222916,-167.97638,296.34888,53.608624,-331.82663,135.95811,49.776623,-187.53851,291.06567,35.412724,-393.61215,150.35033,36.166477,-226.86302,282.55212,34.73865,-380.65668,160.22928,36.747612,-221.55748,282.99762,43.949707,-339.34735,156.55354,43.623535,-191.26884,240.37085,380.31885,-7.412564,170.76157,382.22098,7.4623466,280.2283,513.842,-26.917904,134.73082,514.0574,1.3594526,321.83026,635.5508,128.17055,92.374146,633.4812,162.93935,319.3883,653.7445,135.08801,94.185005,650.7148,169.7413,341.7821,673.44525,-39.095222,71.48286,676.3211,-2.4358106
39.png,173.58849,199.43318,-112.306305,180.16461,191.57393,-113.1119,183.07884,191.5639,-113.06366,186.17426,191.53185,-113.13563,173.79897,191.89453,-88.192986,172.49722,191.85538,-88.11547,171.23834,191.98436,-88.09941,195.43391,195.03584,-95.83601,176.78098,195.17207,23.051441,180.50757,208.94174,-105.26376,173.60272,208.98346,-70.896515,215.40567,238.34421,-147.64471,166.92427,236.42679,100.39537,194.4954,184.8352,-243.5122,164.56152,180.731,169.0769,195.6161,126.47467,-238.2023,169.99081,118.36384,126.42299,196.8564,108.74617,-267.86914,172.07234,103.86861,107.3097,197.06921,109.8273,-256.5635,177.54384,99.81241,95.28404,194.84428,114.90157,-236.41412,177.70114,103.785614,114.98087,199.99849,379.7048,-86.81137,156.87408,382.15945,86.64457,239.48642,488.75677,-125.984505,119.001205,471.93094,149.03047,288.12842,588.95557,-91.36951,103.28791,565.12823,263.2504,296.74872,602.22687,-93.65694,107.46476,577.80994,268.39346,281.86453,622.39435,-231.87494,84.32589,598.4631,174.9547
4.png,236.57439,145.61714,-363.2571,241.44754,138.84094,-334.64926,244.82579,139.09138,-334.69235,248.34387,139.34102,-334.74228,230.44498,138.65228,-339.69543,226.70656,138.4915,-339.54755,223.02068,138.52269,-339.60974,251.81386,145.64503,-196.20715,217.31569,144.47325,-218.61267,242.84654,155.69818,-314.5427,229.46658,155.1974,-320.7098,270.6001,188.48013,-167.21461,197.5373,184.68977,-190.1866,272.27896,106.358925,-154.96777,213.22284,98.679436,-213.38284,254.15872,38.553204,-161.30748,234.56181,35.30269,-176.14044,245.68338,22.210644,-205.4988,244.70198,19.931507,-207.21184,242.20091,17.581392,-195.04063,245.51282,17.221277,-202.79947,244.9941,20.85305,-165.0353,242.08322,20.567778,-179.07202,264.0406,333.0372,6.026737,204.40358,332.00412,-6.023123,304.63684,448.56967,0.56983584,182.01703,448.0961,-0.099317744,318.35608,541.6118,175.94946,157.13074,542.556,182.36765,313.22723,553.2822,187.52489,157.67477,553.31085,192.82033,335.5176,580.28546,47.717876,154.99234,583.2847,39.4249
40.png,157.82655,97.65664,-38.839104,158.3555,94.73018,-26.633469,159.23296,95.21228,-26.598787,160.19435,95.67148,-26.626137,154.62239,93.6058,-37.260445,152.97832,93.19461,-37.195663,151.37785,92.862305,-37.234913,158.11806,98.96966,30.868431,146.55185,95.98667,-21.996674,158.10985,104.13231,-17.479742,153.65482,102.65109,-32.615883,162.33994,122.303795,68.43408,133.26361,115.31984,-65.27659,181.8945,92.00412,83.214386,152.67603,82.00543,-152.22891,187.65234,55.341038,47.476467,170.07724,46.36861,-170.14185,189.46342,47.897156,29.213419,174.04031,38.39061,-193.17024,185.53333,45.610783,27.747154,173.00137,37.775024,-188.94783,184.56862,47.670067,40.856236,171.36111,41.09418,-170.27965,163.56462,192.06117,44.161617,142.78157,191.58115,-44.03329,172.73245,250.94429,31.824501,138.29694,251.71182,-79.15682,164.9431,308.07947,80.207565,115.68988,310.6675,-39.082012,157.17007,318.3241,81.58379,108.59701,319.47537,-38.961143,185.74478,322.79037,32.957603,126.33643,329.01343,-101.80547
41.png,243.31178,178.4217,-227.80334,249.99861,169.70114,-205.05302,254.2232,169.64241,-204.87094,258.61575,169.5581,-204.7536,237.44966,170.32431,-201.05246,233.31927,170.40532,-201.02638,229.17696,170.66722,-201.1104,265.9636,176.61362,-85.46335,225.8307,177.65782,-61.180214,252.73315,189.31836,-185.10487,236.7287,189.68211,-177.81442,289.60626,230.44678,-22.331673,198.78831,224.04678,-4.1403484,348.98535,179.4893,-108.980545,124.81942,173.36526,-37.292625,308.69104,118.69956,-181.03587,174.53442,111.959885,-17.429752,298.44562,102.94761,-220.69855,189.10025,95.574814,-42.29664,293.62686,106.63546,-197.88023,198.69061,99.210175,-22.192083,296.3348,115.546074,-179.47272,195.13167,107.83822,-13.247475,258.09518,383.33023,-5.227512,199.27734,379.84387,5.237713,293.54626,501.74704,-46.840263,187.55368,495.64807,-9.180197,328.8363,601.3083,120.32208,143.97592,592.91034,169.48656,328.8014,611.73596,129.54837,139.21059,601.8603,180.7861,334.0903,645.25104,-15.954372,137.73857,642.69226,44.58361
43.png,222.28429,144.21474,-101.078224,227.33063,136.7717,-84.32637,230.71376,136.89839,-84.229416,234.2103,136.99849,-84.258644,217.48352,136.84149,-84.04034,213.95451,136.75264,-84.03007,210.44093,136.78809,-84.125244,238.66672,142.80849,1.7002395,205.98639,142.44366,2.212661,228.62578,153.24493,-70.19361,215.58711,153.10225,-70.0302,255.6829,180.9501,21.492441,186.85118,177.71904,33.826443,291.53204,136.54012,-30.923893,151.59125,137.8468,-6.304627,264.23483,85.411,-60.547157,183.34427,89.93051,-18.315863,258.92926,74.30871,-88.40813,193.10603,79.744415,-36.39812,253.96738,74.16473,-69.248405,198.23018,79.704926,-30.151247,254.65561,79.761696,-58.65558,195.97989,85.12987,-18.649828,244.22768,307.1602,-4.867541,197.79257,305.50037,5.1763134,266.5885,391.07913,-20.5365,185.21147,387.58267,2.1964808,280.72366,456.82224,116.09751,176.61661,458.1618,123.66704,277.66736,465.04807,125.67018,180.5248,468.12357,130.6617,292.48563,487.08524,37.156277,163.03818,487.6311,34.098312
44.png,136.8253,114.41875,-95.40835,139.89645,109.52846,-86.34256,141.98126,109.490524,-86.3287,144.16136,109.43831,-86.35685,133.9321,109.69878,-86.480286,131.87968,109.654305,-86.47257,129.84364,109.70725,-86.590805,147.70132,112.855225,-36.911304,128.07591,113.070816,-36.847805,141.25821,120.74886,-78.12686,133.71338,120.85955,-77.65223,163.12408,142.0449,-34.281097,115.0406,138.41821,-42.10394,181.40494,110.68572,-100.887566,99.394035,102.42951,-112.52846,178.83504,82.68156,-170.78459,91.54221,74.15153,-169.5366,179.0654,74.884155,-197.2687,89.26636,65.35244,-194.43849,175.58354,74.497795,-193.17361,92.46516,65.947205,-194.46956,174.77557,77.6639,-174.60515,94.97446,69.82137,-174.06178,155.81976,232.55467,1.6579971,121.37177,230.70996,-1.731672,185.1242,294.8656,-2.7223637,110.201096,284.98355,8.198262,204.61424,349.36102,61.825115,85.52017,335.4251,82.88921,202.70108,357.06845,65.43767,85.73439,342.34207,87.94882,216.79536,366.9274,2.3257465,74.13572,355.23856,31.010973
45.png,151.9165,104.07211,-103.319885,155.04219,100.2946,-98.67512,156.64212,100.206985,-98.59254,158.32277,100.103134,-98.621155,150.94333,100.94429,-90.818855,149.74626,101.16453,-90.80074,148.57892,101.46758,-90.82368,162.79077,103.05661,-70.651535,149.84201,104.602715,-34.91006,155.96207,108.72074,-94.12174,150.92973,109.364876,-83.53136,173.35345,123.58045,-90.02834,144.61386,123.90568,-9.405597,169.34239,86.542435,-149.28072,135.00432,91.68026,-3.5999663,162.72375,52.041412,-167.20793,132.82242,58.277576,-25.842607,162.42847,44.930283,-187.51433,133.07545,50.363785,-35.834614,160.37334,43.898647,-177.24117,134.71106,49.02646,-36.627422,160.0623,46.830963,-165.731,135.2913,51.987583,-29.185951,166.77548,196.91827,-26.1007,143.72392,194.47386,26.164234,187.51768,243.84296,-20.334381,120.657196,219.31001,0.37769723,210.20978,273.50577,59.719585,124.47293,250.9308,96.53849,212.53035,274.0797,65.443054,126.582504,254.1029,104.74228,212.46765,296.26968,6.719269,122.19891,268.55338,65.60953
5.png,196.06229,133.0655,-158.34625,200.37541,126.744896,-142.30553,203.53879,126.66318,-142.20522,206.7987,126.57603,-142.2389,191.68208,127.49963,-141.40819,188.60466,127.755714,-141.38712,185.55878,128.14394,-141.47624,211.99475,132.96823,-65.97977,183.2345,135.04979,-61.5789,203.03183,142.096,-131.94817,191.42436,142.93121,-130.29498,232.8511,173.54431,-51.029865,166.33344,173.80731,-55.724537,261.10474,139.04523,-148.28903,131.54054,141.30458,-150.65588,237.36945,87.38552,-230.90521,150.92436,93.678665,-219.0131,233.20923,74.61676,-263.3782,157.25859,82.19053,-246.28946,228.86206,75.5164,-249.79857,161.02083,81.85545,-239.55562,229.08461,82.0391,-232.2468,160.15662,87.424736,-221.57556,224.90689,289.9597,3.0223339,178.12863,291.5706,-2.9767385,262.0132,354.66083,5.119626,151.43854,360.7161,6.813745,295.00198,405.02448,126.69713,119.20993,409.6849,144.91505,293.98175,412.62463,134.88216,119.06723,414.66702,155.2829,310.56436,428.51447,56.143032,106.16404,439.474,80.96267
6.png,222.2357,188.18083,-275.7699,228.46352,182.01328,-253.37213,232.13109,182.42717,-253.333,235.93204,182.8417,-253.37033,217.09828,181.84637,-255.58592,213.16595,181.81421,-255.51717,209.29398,181.95708,-255.71774,241.26024,190.64172,-140.3661,204.84514,188.8645,-151.64369,229.19975,199.57835,-235.52527,215.44127,199.03754,-238.7532,255.86429,235.37396,-109.071815,186.4159,225.23863,-146.1444,259.7562,171.5958,-158.32553,178.04054,165.98666,-205.03267,245.38348,107.48401,-225.35594,194.8968,105.67018,-250.97256,240.81746,94.45194,-258.71475,199.5593,91.78834,-292.13013,237.11082,90.12135,-255.78453,205.9926,89.759575,-288.8236,238.16791,94.74012,-230.70105,206.159,95.183174,-255.15515,238.53264,366.34863,9.519283,182.7333,359.26514,-9.443363,296.6596,441.6455,-3.8328865,130.49872,439.76953,-3.7499576,318.03574,512.12787,165.45251,90.59787,506.58987,154.18715,311.86765,524.0827,178.04073,89.70789,517.1628,165.37909,346.40558,534.64935,79.679825,78.79851,533.99414,57.834354
7.png,262.63135,181.23625,-251.71992,268.73126,169.84708,-234.53734,273.05063,169.54085,-234.36302,277.5345,169.23027,-234.43669,256.5144,170.73102,-230.79485,252.08813,170.65652,-230.71793,247.71071,170.7618,-230.73932,283.69025,173.29683,-130.70018,243.32532,175.19771,-110.55311,271.53864,190.1963,-214.55658,255.28546,190.88567,-208.68445,303.00284,214.2506,-92.83273,222.4549,212.86543,-58.37159,342.02725,152.88129,-155.68976,185.50111,155.42203,-96.26187,317.38568,75.372925,-202.1646,211.66151,77.141266,-162.14876,313.86368,58.919353,-245.72247,219.8241,60.832207,-199.47906,304.4361,57.175137,-219.62717,228.03687,57.03927,-193.19975,304.79153,64.75937,-200.30574,227.63004,63.800117,-166.75917,282.26144,377.02542,-4.1291485,227.35855,374.49072,4.505581,323.07068,476.96106,-1.5142926,207.93141,474.14658,7.580829,357.2921,551.808,163.7926,159.12051,548.2065,192.30637,355.07538,560.5801,174.72076,154.43788,555.79517,205.54762,377.7038,590.8193,50.584522,151.78345,589.91455,93.430176
8.png,239.84592,155.78093,-137.07394,244.13776,150.90227,-124.416885,246.47224,151.16586,-124.36001,248.89775,151.40134,-124.33964,237.44131,150.38388,-123.02577,235.06406,150.08109,-123.0211,232.70096,149.85294,-123.14814,251.85,155.15764,-51.065468,229.87178,152.93292,-44.965313,243.97946,161.78485,-111.28875,234.8352,160.92534,-109.28367,263.28546,179.65707,-14.769931,214.28214,177.41243,-10.698116,297.1314,163.61531,-30.932114,186.2982,164.10466,-19.497677,322.00793,129.45425,-109.85537,165.05283,134.49496,-101.63544,330.26028,120.81975,-134.35304,159.39813,128.01266,-133.23404,326.70633,117.98307,-142.59824,163.66046,123.29142,-141.4519,323.70172,121.23143,-119.084114,166.65503,125.83836,-111.20871,256.77957,263.05563,0.64235157,224.72691,263.97836,-0.41578248,271.9199,323.56973,4.3735924,209.96873,323.01785,16.457624,288.14896,376.76852,107.98766,191.2668,371.20224,130.14137,287.91147,381.81882,114.33771,190.17996,375.71896,137.28062,289.2074,402.9235,20.376928,190.75407,395.30237,43.598797
9.png,162.13187,171.64798,-536.9375,169.5064,163.27888,-508.9748,173.55135,163.27068,-508.95526,177.7165,163.2215,-508.89822,156.91266,164.33916,-508.24646,152.58528,164.53659,-508.11246,148.3351,164.95842,-508.1687,184.56714,170.94916,-353.47388,146.01985,172.70456,-354.80914,171.11722,182.6334,-482.02625,155.77406,183.3206,-482.32443,208.36363,215.81198,-293.44467,124.858154,214.41673,-285.34085,227.6384,136.51566,-332.90634,111.34466,128.65514,-319.1965,211.12,45.344288,-388.70328,127.22618,46.453697,-343.2213,207.92874,30.61119,-442.074,133.97969,29.968893,-383.13074,197.86238,20.114815,-430.31116,141.4173,22.860018,-379.09576,198.59074,24.394508,-392.8504,140.49734,27.24663,-347.49255,192.59729,369.77917,-2.875005,131.68817,367.87375,2.9246423,220.55904,493.57993,46.001118,100.82798,490.54626,16.67844,245.74008,597.8213,243.97798,65.38332,594.23285,210.97223,241.5042,612.4908,252.39316,66.1363,609.8274,222.39612,263.71024,636.18396,66.756676,52.42902,630.8585,44.39419
