Snipaste_2021-11-14_16-14-41.jpg,124.53973,50.17971,-26.604,119.529465,45.066746,-22.645319,118.857414,45.161922,-22.608402,118.21349,45.208805,-22.729904,119.53864,45.504173,-37.49792,118.66906,45.722504,-37.52152,117.81375,45.96599,-37.539104,111.95669,49.85969,7.1372867,110.91862,50.940334,-57.95136,123.07963,56.486996,-14.202628,122.42015,57.13095,-32.709236,108.49674,82.194214,48.478867,112.317566,81.70833,-82.18378,150.48921,84.15139,93.91069,156.62378,85.43504,-72.93666,122.870255,61.145977,156.14957,130.58675,57.547886,12.492754,118.845245,56.204876,163.52977,127.353546,48.65536,12.732669,111.75548,58.57845,177.2089,120.13075,51.136654,-0.6856145,113.02219,61.40261,160.6933,119.46188,56.990433,9.488924,128.43379,165.96738,44.846527,131.52977,175.75366,-44.90473,195.96495,110.67079,20.136984,198.0237,136.5762,-57.545246,242.84949,178.15523,33.52049,252.77296,200.68674,-19.79164,242.3814,191.86372,35.52725,253.62753,214.12614,-13.511635,275.27078,185.0123,31.021029,284.4947,199.67871,-19.55588
Snipaste_2021-11-14_16-14-50.jpg,146.51022,60.386814,-14.785574,141.0585,54.742638,-11.661464,140.12706,54.878475,-11.629597,139.22661,54.96117,-11.733253,141.62134,55.113007,-29.72813,140.73782,55.264214,-29.748163,139.84416,55.46772,-29.77064,131.58679,59.62981,17.43082,132.25897,60.349483,-64.54688,144.33064,66.78005,-1.8957703,143.89548,67.28168,-25.183495,122.33662,93.00015,72.13589,133.81348,89.67019,-101.18455,159.76372,102.3828,148.10175,173.65639,97.809,-71.335365,139.02261,72.86393,240.2784,147.79877,69.823,40.203056,136.54425,67.02602,253.39095,144.13303,62.44851,39.23991,129.83965,67.96936,264.0445,137.10931,62.91158,25.968803,130.30867,70.85906,244.26616,136.3264,68.18259,37.93486,136.82812,178.6228,58.36218,143.00948,186.4565,-58.4879,204.11458,122.511475,47.826748,211.1745,144.6426,-63.192078,247.6887,184.98402,62.780533,262.4328,207.85707,-22.505383,246.90352,199.44226,64.829094,262.13922,221.87645,-15.697762,281.6581,188.67915,66.45869,295.67822,207.04005,-16.072897
Snipaste_2021-11-14_16-16-12.jpg,202.64195,143.26811,-4.867247,202.9649,130.8093,1.9671952,202.20206,129.94608,1.8786767,201.49419,129.00542,1.6742359,201.139,131.52097,-25.44252,198.76347,130.56723,-25.523037,196.38434,129.66591,-25.586975,188.25134,125.63261,37.129745,180.09703,126.03085,-83.64783,193.3961,147.79503,9.236167,190.48088,147.52025,-25.472868,157.42363,157.49512,81.94016,145.46014,162.35081,-134.13618,234.36281,191.57425,111.401505,230.8696,198.74086,-138.3711,196.03847,129.60182,133.24915,193.09015,121.179436,-32.07224,191.60925,116.04553,132.41609,191.87427,99.58554,-33.27642,175.87526,113.58183,156.21349,174.5139,100.421455,-52.059364,176.20767,120.08484,140.3506,172.88052,111.00983,-34.196815,182.87363,301.82117,81.949104,180.38957,318.94644,-81.77424,285.47263,176.24277,30.073936,289.3468,198.95113,-98.27623,361.1103,309.1123,53.54253,371.26486,322.03784,-19.061737,356.97852,334.52692,56.588257,366.33118,347.3048,-7.0516133,419.4048,333.6953,37.73724,437.04382,330.03198,-14.614186
Snipaste_2021-11-14_16-16-26.jpg,195.80472,120.815605,42.51976,194.7981,107.311646,51.503876,193.11774,106.020424,51.439964,191.54602,104.64596,51.222652,193.5886,108.67396,16.484295,190.7236,107.61398,16.389057,187.86565,106.61531,16.32596,172.49388,99.05066,93.53294,166.92076,100.99655,-65.56865,181.89299,124.81857,56.976875,179.87886,124.98564,11.361731,135.97714,128.05064,128.18365,126.09611,134.92558,-116.59885,210.38486,178.86037,122.92745,199.00246,172.59467,-75.81772,168.96323,109.94796,61.31341,170.1889,98.886635,105.5552,161.18767,97.04543,37.241283,167.71887,80.88039,113.53824,141.80118,93.545135,69.42118,153.60692,78.174484,94.8392,142.98767,99.8372,69.47397,152.1728,86.73573,104.244194,176.7818,285.53473,95.0039,172.86505,305.71118,-94.99215,289.8437,142.92773,36.979893,286.958,168.46425,-119.24789,371.89145,284.76526,55.753334,355.6131,300.27158,-26.439878,365.82196,312.2192,57.791275,347.19724,326.16684,-11.722854,436.77286,311.9508,35.234924,421.20917,314.47922,-7.153569
Snipaste_2021-11-14_16-16-35.jpg,211.01996,143.28871,24.532684,212.01164,129.1874,31.822596,210.86108,127.76888,31.73334,209.80904,126.27093,31.51994,209.81134,130.36316,-2.2235873,206.74695,129.00293,-2.3323193,203.70644,127.69334,-2.296486,191.44702,118.28998,71.46206,183.22269,119.29385,-81.94077,196.94592,146.0775,39.088165,194.01416,145.94044,-5.0530915,152.50378,143.19142,110.96311,141.68985,151.72354,-121.3295,233.24055,199.80841,113.988815,219.3951,209.9523,-70.403366,198.32791,126.27684,76.44086,203.88823,128.40631,115.340996,191.08101,111.183136,58.29404,204.91751,106.68551,125.08364,172.40181,105.06858,89.354355,187.81818,99.084404,113.47453,173.06975,111.85516,85.015465,186.29323,108.481705,116.47651,182.7598,297.76932,88.911194,177.61443,315.68854,-88.92828,304.63742,163.79947,29.104996,299.32428,184.30165,-106.90199,386.10928,304.29602,52.06356,374.3643,320.5676,-32.09678,380.64526,329.9424,54.310432,366.87628,346.66028,-19.362535,444.35883,334.49344,22.699781,442.72162,336.70163,-25.682474
Snipaste_2021-11-14_16-19-50.jpg,194.34921,124.79607,18.493132,194.03203,110.375786,25.111128,193.97025,110.49404,25.110844,193.9108,110.52609,24.930508,189.89032,109.62721,1.1050495,186.44917,108.51166,1.0240073,183.0875,107.469055,0.89778394,182.27019,110.4845,76.64494,166.49265,106.67159,-31.87183,188.57553,134.88878,38.061768,182.36566,132.514,6.6460924,168.08304,167.35204,135.68152,130.97841,157.43634,-82.09082,243.79388,154.18103,240.95863,228.99477,129.77756,-114.82522,182.05019,92.177345,336.06992,182.87943,64.35351,-34.987827,165.73578,75.428375,341.86694,172.64453,41.863884,-39.305233,157.11253,75.93142,363.94662,157.15591,46.05032,-53.833355,161.06874,82.562965,344.14847,162.82623,57.359627,-35.688244,229.02948,324.47287,81.63975,219.14294,334.91986,-81.527306,331.8095,162.09912,1.5401132,325.88632,176.67986,-123.453735,438.46448,307.06003,-6.287494,443.3933,331.0695,-99.74365,434.9946,337.82285,-6.245807,437.8014,363.20276,-90.0063,506.06775,325.9814,-19.632328,524.57214,341.15756,-66.90818
Snipaste_2021-11-14_16-21-19.jpg,82.66572,44.492146,0.5241007,83.06376,39.812065,4.973414,84.504036,39.97635,5.036139,85.96972,40.07727,5.0302835,78.58385,39.197803,0.32470384,76.60077,38.889114,0.3112982,74.61724,38.596073,0.2741126,84.50771,41.675446,35.2624,69.07274,40.34424,15.623414,84.02447,49.66395,11.740207,77.95962,49.02456,6.086871,92.28148,60.980083,54.73007,53.849125,66.06269,3.7906902,116.59341,76.94701,50.12077,62.705544,102.7845,-23.542791,121.24486,84.170044,13.625168,92.37918,83.391426,-34.985973,124.29553,89.215065,4.033629,104.13804,80.11247,-38.68428,119.17608,87.33554,4.311521,99.31806,74.70324,-37.644485,116.996765,86.43061,11.854495,96.01341,76.59212,-33.80765,99.66406,115.50724,22.06573,81.49553,122.10969,-21.91924,129.40274,70.482124,15.683606,115.98479,75.73819,-37.34954,156.5623,110.08616,-14.522095,155.41829,118.101944,-43.9044,154.23557,119.25924,-18.38524,154.25206,128.48822,-42.465324,178.79944,119.458,-44.55817,186.21361,124.310524,-60.83573
Snipaste_2021-11-14_16-21-39.jpg,66.40931,42.056236,-33.60143,63.002865,38.595543,-31.673264,62.820362,38.580406,-31.636858,62.66907,38.527264,-31.6504,62.335484,39.064278,-41.22046,61.33297,39.332,-41.239433,60.357883,39.60322,-41.287975,57.463604,41.96922,-18.53495,54.135754,43.467884,-58.706238,64.95529,47.32666,-27.081926,63.713882,47.710766,-38.630695,50.792038,61.04888,10.188343,50.82854,70.93225,-69.03837,65.89772,76.334564,51.48182,66.65062,96.647285,-53.710667,86.02506,67.46856,67.9686,92.02341,74.65545,-13.965407,91.19032,64.91387,74.17561,101.036575,70.993484,-16.159708,94.092094,63.242207,67.5501,97.22952,65.24386,-17.64041,92.1252,65.466606,65.03154,93.4051,66.435814,-13.638839,63.011406,104.36625,27.35129,63.843174,114.66894,-27.309162,91.23508,73.508644,67.3199,101.15435,83.627014,-33.288456,110.78905,99.31663,57.53262,114.845116,100.760315,55.931316,109.31358,105.789986,57.35089,112.45228,105.89628,67.51523,128.93289,97.26642,67.66792,133.53441,92.30215,87.71854
Snipaste_2021-11-14_16-22-27.jpg,571.588,116.5966,35.290977,584.5623,108.96333,11.809631,587.32385,109.87842,11.770959,590.13556,110.90103,11.600577,582.47754,107.569916,44.48138,583.829,107.70833,44.64439,584.96246,107.93144,44.68248,603.3952,122.78439,-51.937504,597.6682,116.862144,104.23115,574.883,132.04051,11.227775,572.0493,130.90448,55.127483,594.4525,196.31854,-128.68822,574.93567,164.08414,180.02681,599.57294,134.3502,-261.2906,560.6153,104.49281,378.52936,629.5551,125.09829,-145.32843,600.41583,103.87424,420.23557,640.991,122.83776,-128.81302,610.4974,99.43677,411.04346,635.46405,138.80023,-137.75082,608.087,113.56164,416.6687,630.6606,139.0205,-147.18292,605.50793,115.458534,418.29788,407.0748,264.21033,-116.134254,400.71036,244.67705,116.35051,288.85406,144.06552,-113.929504,294.96393,141.37993,121.981514,175.6009,264.79916,-87.59632,189.93533,254.15459,85.04257,185.36351,298.5707,-78.67665,196.8135,285.91464,76.94517,89.76448,275.25272,-72.969574,110.08081,261.78174,35.57751
Snipaste_2021-11-14_16-23-49.jpg,240.18431,132.63722,-46.398354,233.3457,116.91631,-28.895996,233.66177,116.267365,-28.757858,234.09119,115.527176,-28.894064,227.06477,118.29709,-64.39402,222.32225,118.37197,-64.5514,217.67807,118.47364,-64.65116,213.14333,121.28624,57.063427,191.36761,125.49385,-92.14914,230.89609,145.78856,-14.876962,222.291,147.16055,-57.411217,197.28429,177.70435,73.393616,131.99225,209.66849,-121.24797,250.24881,170.3836,28.747595,201.96707,248.3623,-252.56407,181.46259,135.53769,-84.15486,155.29663,154.58255,-234.77345,165.33931,130.3445,-109.348854,150.68204,121.53645,-234.53168,152.36002,132.73076,-93.13986,133.34587,124.57817,-232.844,156.86234,138.55159,-83.54725,137.23305,137.03313,-231.8071,230.80118,378.51706,81.22505,202.71431,412.92896,-81.07542,362.73346,237.50937,-22.21345,343.6656,276.39624,-149.73103,481.71582,401.79175,-36.486958,471.95853,436.88245,-111.512955,479.54935,436.32587,-37.713905,469.005,469.88144,-102.64595,557.8502,426.87823,-72.324165,558.0665,451.7925,-122.64054
Snipaste_2021-11-14_16-25-15.jpg,569.06903,139.5447,98.33283,570.2575,126.08674,73.702255,570.4766,125.23286,73.82028,570.6139,124.47249,73.78435,574.8286,126.42403,95.859505,577.8425,125.94639,95.94704,580.80365,125.63409,95.84704,577.15137,124.92791,-23.851604,590.81384,127.88743,76.38795,572.2033,146.51297,62.977394,575.8579,146.72818,93.085106,573.3503,159.291,-81.12069,632.4035,179.79962,113.33017,496.54733,151.79668,21.799534,597.3315,169.20287,324.95868,570.2053,121.8781,153.395,604.78723,128.65665,507.58664,587.5624,109.200966,153.27443,612.7006,120.052185,528.04767,599.06396,123.07927,134.67845,610.37103,120.18404,528.85626,593.7183,131.26018,152.57062,604.85486,125.167625,509.01953,481.7171,314.56528,-82.430664,504.07925,320.7342,83.00807,354.85547,226.39714,-88.27558,505.0554,237.40599,115.501564,241.88396,307.9758,-111.272545,417.8362,316.17804,225.9186,238.66714,334.40982,-107.63816,410.85736,333.36493,231.37619,193.53896,308.60635,-112.03809,394.29266,344.33807,217.8756
Snipaste_2021-11-14_16-25-36.jpg,552.98645,142.93057,93.631805,555.38995,129.23589,70.506874,556.2443,128.63292,70.572815,556.96295,128.08212,70.45002,559.0656,128.95837,94.20344,562.0788,128.37943,94.23951,565.03503,127.97901,94.17568,565.6401,128.5059,-25.017496,576.7087,129.7986,81.243256,557.6421,150.65154,59.566498,560.6614,150.5768,91.16395,566.21497,163.6477,-82.95443,617.9551,189.38083,117.72649,484.40762,140.78784,-4.7716413,592.3153,182.18414,319.9645,558.33,103.52703,97.4058,610.55884,139.00963,509.45605,578.30005,86.57814,87.83459,622.72217,129.79193,528.35095,589.5816,102.42621,76.13272,619.11926,128.0349,525.97943,581.9299,111.379906,97.10685,612.6397,133.27335,509.34183,461.1608,313.69052,-88.14675,476.88785,319.17673,88.51969,318.17734,236.92915,-69.60509,429.60233,243.82292,79.40597,201.39713,313.3689,-75.96944,314.24194,320.017,137.9043,199.72856,339.53586,-69.50398,304.7396,338.0594,137.61272,147.88968,311.03992,-59.966217,278.89096,343.3229,126.43619
Snipaste_2021-11-14_16-25-52.jpg,518.64276,129.87717,122.46004,518.67725,116.578445,97.00308,518.5145,115.77672,97.14069,518.2881,115.04683,97.0949,524.2588,116.23376,117.85004,527.6255,115.33163,117.8419,530.9435,114.56853,117.75723,525.6127,114.79494,-9.68548,543.0202,115.68858,82.74909,522.33014,136.99207,83.616104,527.1065,136.41415,111.455666,524.77026,152.68462,-71.28872,587.83563,168.66579,111.44373,442.86826,156.02533,29.511747,546.6744,170.36241,316.6471,507.34756,119.26803,150.55904,537.01514,132.29475,507.2089,523.30963,105.019775,146.9628,540.28143,122.09812,526.64307,534.65656,116.087456,128.90991,536.7931,122.832466,526.25354,530.1441,124.18377,148.18256,533.3149,128.65959,507.8765,439.79697,307.94574,-81.697075,463.22388,316.22583,82.15192,303.89355,196.88933,-57.309315,404.68,228.98872,64.28124,195.97018,286.4741,-45.824547,278.90372,319.86392,139.16988,195.09764,313.82645,-38.424885,269.45792,340.2456,140.24202,142.76509,285.50537,-34.53205,235.87744,343.37494,112.498146
Snipaste_2021-11-14_16-26-00.jpg,509.58865,120.409096,90.23091,512.2115,107.6963,65.743195,512.3384,106.85763,65.86336,512.468,106.144165,65.82172,516.5453,108.43866,86.47367,519.53217,108.22878,86.53261,522.4926,108.15766,86.429924,520.65344,107.381226,-20.795193,534.7569,110.71984,72.79788,512.73615,127.869804,59.089935,516.5386,128.41245,87.29494,510.708,144.19939,-58.83291,574.8128,162.77333,106.27158,433.0473,145.2064,21.841038,532.2183,159.54286,299.88638,500.40503,108.589516,158.64264,536.41455,118.28813,464.28802,514.2946,93.97154,165.00636,543.06836,108.089745,483.12692,528.41626,103.6245,149.73657,542.4475,107.08612,489.03754,525.219,111.57757,158.44263,536.8575,112.40737,467.98785,423.42868,291.70938,-71.28306,455.40173,302.98578,71.912704,298.67743,194.57027,-80.64536,461.35513,232.2581,127.38873,184.24913,284.39478,-131.15558,376.70142,312.69196,226.10295,180.90746,310.8249,-129.12527,370.48956,329.48404,232.60385,132.83495,283.18323,-133.36665,349.4252,336.15283,226.16861
Snipaste_2021-11-14_17-06-26.jpg,172.10793,104.21708,128.87296,177.18954,89.04947,179.21593,183.78767,89.37044,179.32808,190.3903,89.52245,178.9424,156.75665,88.85269,156.54782,148.87389,88.7781,156.43973,140.86209,88.92878,155.79395,187.34708,98.31507,371.3372,123.10912,98.4845,269.12222,180.53008,122.61504,195.4277,154.19421,122.93032,165.98863,201.7258,192.8753,439.18002,91.16234,183.40785,161.87733,278.84793,278.23557,324.42047,192.59178,238.63264,219.96407,275.59644,241.45844,84.727806,209.21068,153.86475,495.72546,282.69516,233.57643,48.064598,219.18098,132.61507,522.3234,265.17825,222.41907,54.7048,197.1922,124.0195,517.00183,256.47327,227.43013,82.35358,197.47195,131.49458,505.08105,230.62505,404.43024,137.59769,172.45114,414.2979,-136.35503,403.15967,235.77528,137.01549,361.3445,204.7147,-191.74751,391.99768,380.0847,-58.20541,403.3027,379.3186,-30.228266,369.99893,407.48624,-78.03819,385.5815,417.36804,-1.0713907,437.1604,396.6012,-78.42335,476.26178,390.41132,58.655045
Snipaste_2021-11-14_17-06-34.jpg,160.18059,65.6596,-6.249113,157.58852,51.250065,17.287374,160.66689,51.393642,17.301155,163.83267,51.412037,17.27333,147.48067,50.81449,-5.773837,142.59079,50.81737,-5.8066716,137.7595,50.89045,-6.2743444,158.62369,63.246616,114.834114,124.568634,62.91286,19.645386,166.04723,83.77531,29.637884,150.55586,84.25128,2.7285116,167.08644,157.57195,187.18405,124.17761,148.931,-70.719765,274.4964,237.25476,147.77037,237.80225,189.22812,-40.125835,324.98352,243.9015,-18.081352,203.58751,92.67073,157.97118,343.8061,249.75005,-29.615208,203.75815,67.02463,175.70306,330.33878,245.08705,-43.29038,178.5359,65.56137,175.54974,321.25323,246.60158,-29.003195,176.8222,76.9133,164.52432,220.31964,379.00323,110.685715,207.12978,394.10364,-109.438965,366.28555,191.3782,139.52248,337.3575,192.69939,-123.87131,377.78998,370.4147,84.395195,389.54224,370.0012,81.86911,360.80856,397.69296,84.11843,376.89783,404.6835,113.93267,417.667,403.70795,109.79523,448.52423,385.19656,192.63617
Snipaste_2021-11-14_17-06-39.jpg,159.26321,85.87835,23.658493,161.33565,69.11952,60.669228,168.0266,68.19054,60.700676,174.86111,67.07648,60.572994,142.59775,70.64313,44.19703,134.73921,71.06577,44.368042,126.9197,71.60623,44.235115,174.03291,73.10671,216.48529,110.87396,80.0751,151.58615,170.16971,101.11612,78.89521,144.21991,104.06494,60.92228,196.39691,153.68146,282.91064,90.03113,164.2159,61.630436,297.00452,222.11365,206.43176,201.59785,213.46173,99.606544,379.54663,251.22778,32.55578,211.63564,130.78201,316.35672,411.3904,262.05597,26.303185,223.30638,111.03097,337.292,399.32614,258.16095,0.2311376,200.51805,102.56064,336.26547,383.2998,259.9609,16.841196,198.26364,110.72811,321.5005,224.69945,383.43417,106.95454,175.15213,409.6086,-105.674614,378.61795,212.26402,128.18564,326.4709,225.89798,-163.50261,336.35733,401.13184,14.520992,366.2165,401.76788,42.40226,308.55377,426.27783,5.920742,352.6147,435.22607,76.13684,371.8709,454.12946,19.606205,418.9326,428.6645,161.44606
Snipaste_2021-11-14_17-06-45.jpg,170.38458,96.111626,-0.20243675,173.75586,78.355316,39.95441,181.07927,77.48948,40.077316,188.517,76.41564,40.090973,153.62154,79.811165,23.729872,145.34476,80.24312,23.762957,137.05988,80.76293,23.43302,189.55832,82.62923,202.7724,121.792725,89.24383,141.04343,182.74863,112.19985,57.48544,155.58353,115.27394,40.251934,211.25882,167.81593,281.9989,108.07276,174.86438,49.065674,281.73685,259.55203,189.24648,219.23752,242.63484,101.43458,312.85367,273.99606,-9.484059,218.79149,145.61502,325.7611,332.54742,282.8703,-19.934628,231.13135,120.8233,348.3399,319.35324,275.73138,-35.32223,204.11928,115.93176,343.90616,306.86356,276.31473,-21.920555,201.71811,125.86,330.60223,255.36526,385.82117,112.48091,209.38858,415.47742,-111.311226,417.6938,207.93979,157.0198,382.82697,225.63408,-169.96431,405.8369,376.09723,0.37946373,448.6035,372.8824,63.19412,383.9172,403.00006,-12.84883,438.77817,406.27783,99.57282,446.9744,413.49478,-5.370616,509.89545,377.0292,170.86815
Snipaste_2021-11-14_17-08-03.jpg,216.41728,106.07522,-17.967207,217.12868,95.82744,-21.68386,215.44576,94.309296,-21.703714,213.79924,92.784645,-21.819157,218.21869,98.41659,-43.759193,217.33368,98.30232,-43.93728,216.43388,98.22059,-44.17642,201.12694,88.812035,-19.75617,203.9079,94.62498,-116.99488,205.79001,108.096954,-12.211876,207.77591,109.813126,-40.218014,150.20233,104.23286,11.762977,173.11792,126.29354,-144.49417,192.94968,135.57088,59.713226,242.46906,153.85236,-114.76458,212.88155,91.64437,83.72894,232.80698,79.65646,-27.169804,218.95572,79.02704,89.13633,237.86205,62.182,-30.915115,216.08698,79.48733,83.27616,220.7666,57.773453,-41.004406,213.86781,85.26824,80.61174,215.58531,64.14672,-28.072582,151.66307,232.12788,54.91849,166.00885,253.12651,-54.44194,240.5029,125.337944,109.66444,269.98416,160.68048,-26.079327,269.28372,213.13684,208.53252,288.2439,221.7675,192.02518,264.9665,227.96388,221.0836,277.3903,235.30205,218.89543,295.41806,213.666,233.21829,326.48328,206.43523,264.74594
Snipaste_2021-11-14_17-08-12.jpg,212.38167,110.49943,2.7079008,213.25598,101.676,1.0137932,211.4401,100.449554,0.970963,209.63968,99.212234,0.83625907,215.2056,103.61654,-20.037455,214.64964,103.22232,-20.191454,214.05148,102.87775,-20.44054,197.44284,95.79692,0.8885408,202.59354,99.26016,-90.78779,201.57274,112.369286,7.581444,204.22148,113.263916,-19.048838,145.71516,113.29481,39.298088,172.54776,125.203636,-130.86668,190.56773,148.73323,102.52171,238.36852,159.26657,-72.190674,207.50189,98.06971,155.98125,230.54105,83.593895,26.971762,212.98587,85.02908,168.288,234.57906,65.47571,23.593914,209.7164,84.34769,162.48845,217.67892,60.136642,11.115587,207.7091,89.47057,153.29854,212.45248,66.945755,25.848238,143.84602,236.87302,56.549404,159.45175,253.6785,-56.06925,229.79535,132.52328,128.35735,267.04443,166.25192,-18.53672,256.5385,219.32173,216.17145,278.91342,228.69475,227.53761,252.68617,234.53186,228.24089,265.8535,243.72575,258.39255,279.35095,216.42319,248.09259,314.58118,209.19771,319.7934
Snipaste_2021-11-14_17-08-31.jpg,205.68805,83.585075,-33.11766,203.19067,74.45495,-31.412243,201.14752,73.37799,-31.487778,199.15666,72.335976,-31.714973,204.80394,76.34439,-55.590275,203.78908,76.25631,-55.702972,202.78128,76.216545,-55.816708,183.08972,72.44037,-22.771347,186.57735,76.177605,-128.27774,193.78499,88.64603,-25.346006,196.0545,89.744835,-55.560974,131.0819,95.26332,9.211847,156.52444,118.70955,-162.53093,190.45978,117.95934,40.161594,237.75856,149.45938,-134.09813,205.7073,75.721466,26.596352,215.35635,66.17164,-51.011448,211.645,61.67749,24.324091,219.0632,44.766758,-51.80705,207.90355,61.255253,19.940538,197.21138,42.680817,-69.88922,206.3046,67.787964,21.260061,190.36903,50.50989,-54.198208,131.16261,222.34532,55.216007,148.03987,243.78397,-54.7099,206.08755,126.975365,168.41675,254.32043,158.99757,19.114634,235.42,193.57852,317.01956,265.31635,203.65652,282.50446,233.2205,204.98091,334.83267,254.70001,213.15416,314.56348,261.51605,191.2613,356.93192,296.30984,190.11838,368.30548
Snipaste_2021-11-14_17-08-37.jpg,184.93254,104.07462,-2.776672,183.48096,94.930626,4.228006,182.05353,94.49331,4.195693,180.7011,93.99528,4.028882,183.41162,95.53024,-23.114704,181.53499,94.99399,-23.130676,179.68184,94.48904,-23.233263,165.22679,95.060234,37.171154,164.31097,95.15798,-83.700615,174.41638,111.19468,11.391885,173.48764,110.4187,-23.450682,122.06944,133.87491,84.433975,135.381,138.95047,-125.10596,160.74715,188.00934,149.99869,197.65912,182.47585,-73.310524,187.1701,150.23604,161.77554,200.75024,115.47842,64.44865,194.8707,143.53337,171.68132,204.5951,101.65455,73.12761,195.28813,141.33678,161.57455,189.88466,91.04571,64.6051,191.11339,144.5527,156.01765,187.05827,95.57244,64.734985,147.93135,266.35376,78.257835,157.60687,283.60132,-77.84072,234.21704,135.94818,84.621506,253.82784,156.71783,-92.49394,273.22388,239.17441,112.97005,278.58667,250.3949,100.72512,266.64926,258.1128,118.10523,266.34982,270.34305,128.11417,305.1124,246.08575,135.29858,319.71622,241.99629,199.0781
Snipaste_2021-11-14_17-09-25.jpg,179.67407,69.55365,-44.537395,186.00652,65.15702,-39.397556,186.30865,65.88969,-39.38185,186.66011,66.58909,-39.464016,184.32547,61.819977,-49.54361,183.4761,59.751377,-49.632336,182.62189,57.734848,-49.64456,181.48831,65.70447,-12.885018,176.81593,53.63778,-58.797817,173.5378,74.63081,-34.041668,171.63843,69.67572,-47.212074,152.01427,80.75465,26.102808,145.44487,79.80432,-74.42422,198.0969,125.84088,72.910385,206.90935,131.92873,-47.65476,189.15079,72.59797,119.99263,199.1912,65.62616,38.333725,186.85344,61.225494,120.01083,205.41849,51.616585,44.650967,178.07541,57.452454,139.47409,189.98106,48.512154,26.71445,176.60371,63.55948,127.94752,185.32571,54.96933,35.00756,123.61807,197.3369,46.055595,115.6332,206.24539,-45.804802,217.49306,149.65947,38.536793,223.65823,159.7343,-51.33702,246.4201,236.86523,45.412838,252.76974,240.99199,28.009808,240.96626,252.22043,46.51361,246.19011,256.7023,39.13288,271.54752,255.26585,34.47314,289.29413,251.48607,50.75774
Snipaste_2021-11-14_17-09-34.jpg,189.79694,89.23641,-23.267845,196.41713,83.728386,-20.112082,197.0134,83.832504,-20.103987,197.67427,83.893166,-20.194775,194.37901,81.490845,-31.96355,193.37097,79.54424,-32.06966,192.36288,77.66627,-32.155533,193.29343,79.96939,-5.6758814,187.34596,71.43379,-59.11998,183.86261,91.45366,-17.01566,181.93541,87.81527,-32.433434,173.76572,83.08711,15.955832,145.70258,83.4035,-71.06967,210.92776,131.87561,71.776634,181.19376,141.66013,-54.10794,201.8681,80.4548,101.29866,195.48508,79.62591,19.721306,196.62868,68.0057,99.61179,203.75183,65.79622,29.22861,191.5753,63.5572,111.19371,191.36554,59.92756,21.926891,190.85005,70.565994,106.1569,188.04771,65.44239,20.620413,141.21715,199.97314,44.832973,119.69445,207.08328,-44.609123,221.77943,157.83932,42.5073,204.48624,175.2806,-65.56639,251.85321,233.41008,52.940422,234.57167,231.57948,56.613747,247.49826,245.36562,54.95838,229.97008,241.3072,72.202736,273.50867,255.9357,40.581837,262.60587,244.75609,89.48733
Snipaste_2021-11-14_17-09-42.jpg,152.60236,75.62299,-48.25877,155.20369,67.466606,-44.312904,154.80786,67.30487,-44.295616,154.42638,67.13027,-44.37524,154.21175,67.20243,-57.73775,153.07158,66.37968,-57.808285,151.95636,65.58935,-57.86132,146.98936,67.317055,-19.368383,143.51291,64.60496,-78.31142,146.82553,81.568436,-37.724277,145.45123,79.94637,-54.45722,119.227135,98.20647,7.7982087,121.706924,103.71495,-101.10643,179.36832,110.721504,27.97878,202.35976,116.50842,-88.99306,149.87051,69.0175,48.397324,164.8371,61.84666,-20.940306,143.3269,57.32542,45.707302,162.74959,43.854713,-24.130049,136.77243,58.49024,59.78551,147.74478,49.39945,-42.31539,138.63126,64.46207,53.089905,146.95773,58.224934,-24.814583,145.33002,222.39784,49.01628,148.3253,235.54218,-48.82712,225.05893,155.84898,45.850945,236.26787,178.09514,-49.133118,266.58545,245.82353,84.25697,290.0386,270.86548,-5.148657,261.31467,263.88583,87.68132,284.42545,291.1043,1.2010907,300.1795,259.42078,79.85675,334.57175,274.32324,3.2157483
Snipaste_2021-11-14_17-09-49.jpg,169.25688,80.20322,-25.988281,168.316,69.90843,-22.47007,168.13014,69.44881,-22.450377,167.99292,68.939095,-22.55088,166.13548,70.733734,-38.62845,164.17223,70.45642,-38.645164,162.24513,70.21634,-38.684853,159.87483,69.340225,7.649713,150.6482,71.15503,-61.35512,165.17255,87.14881,-12.976262,162.22748,86.99953,-32.720436,146.59732,102.020386,36.896793,133.642,116.06343,-89.96071,211.1733,97.81335,20.614206,214.95761,110.49938,-124.66937,161.18204,67.55702,-6.7670765,164.27693,61.469505,-72.03516,149.72073,60.13563,-8.193375,156.19073,43.647785,-70.52611,140.46529,60.29215,6.412863,141.3023,50.598907,-78.96887,144.00827,64.98482,-2.0321813,143.01262,59.69448,-72.67716,202.14389,222.80092,53.673977,200.20015,241.44609,-53.33187,284.59842,148.01154,41.60312,296.32004,169.70201,-63.734383,329.69293,239.66016,77.75761,347.7248,265.83017,-17.841536,324.785,259.32346,81.94211,340.61737,287.6036,-10.121138,368.9988,251.30142,79.05426,396.89978,271.5998,0.64480615
Snipaste_2021-11-14_17-10-04.jpg,125.35293,66.569466,30.778795,129.30585,57.218452,18.40927,131.62033,56.642796,18.390642,133.94345,56.05107,18.314817,126.59143,57.554756,41.652863,126.40409,57.091255,41.602936,126.287575,56.71158,41.541862,148.40314,54.38322,-13.927305,138.6559,54.66304,92.982956,135.8136,71.42529,18.924957,132.10173,71.63089,49.71224,187.08711,92.73332,-58.027645,152.19427,77.02615,113.34459,143.1696,138.8368,-40.058033,121.06026,113.86496,85.514915,141.35443,81.39014,48.57156,128.24615,79.23399,-14.743035,138.12103,67.52371,50.610874,129.20944,72.262474,-28.6014,146.21526,63.24582,40.449505,134.51288,65.83461,-20.603806,147.04665,67.703804,48.160946,136.79028,70.21342,-15.1614485,172.03607,196.51938,-62.228374,151.45284,180.23363,62.560154,113.41311,151.38388,-111.39368,88.595764,124.16509,21.757277,47.26565,182.65602,-64.69912,39.21355,173.61006,-40.672882,46.248276,195.12738,-56.12275,39.15208,187.88362,-47.896404,1.993907,170.88037,-58.95748,3.7135339,171.58908,-64.29395
Snipaste_2021-11-14_17-10-10.jpg,199.87631,61.7015,24.329288,206.23097,51.42114,13.321421,208.88329,51.202766,13.299842,211.56564,51.02429,13.290451,202.38644,51.088432,25.9696,202.0292,50.51889,25.911509,201.63359,50.028915,25.804438,225.96045,51.91963,-7.4546366,212.6189,50.0374,53.41099,209.58618,68.64849,17.250368,204.70477,68.6536,34.832092,248.70279,103.90876,-23.060236,223.32542,77.34555,78.98072,182.3359,122.07287,-6.662175,175.56306,79.55223,87.98859,219.018,75.501396,59.826866,204.3226,50.64168,46.736908,224.50908,60.292347,65.79922,209.88374,40.519905,35.99121,236.90845,63.70904,52.668358,216.39847,41.42867,52.44737,233.58041,68.09676,57.061966,216.71902,48.182137,49.91344,170.264,181.97078,-43.12038,161.82771,162.75252,43.30878,103.09137,104.99546,-63.977436,105.45045,89.66688,47.837627,42.13683,165.66678,-17.539171,42.48026,165.35106,19.294659,42.608723,179.37694,-8.414542,43.75153,183.13663,15.990382,-2.3702233,171.76749,3.5187786,-5.1237626,174.45285,-0.63285655
Snipaste_2021-11-14_17-10-16.jpg,239.62486,64.24674,-4.779627,245.59952,54.630993,-16.29367,248.06848,54.33444,-16.310555,250.56049,54.074448,-16.332422,241.61449,54.45663,-2.2839496,241.03474,53.927364,-2.364019,240.43846,53.486275,-2.4937594,262.7533,54.154926,-36.526245,249.39784,53.109615,30.218803,247.83527,70.44826,-11.024199,243.21748,70.36723,8.434412,281.55875,100.22937,-59.649483,254.93306,76.79405,61.071487,215.28593,116.34855,-35.25992,202.02588,92.80293,33.192154,244.45242,56.87137,58.652977,231.89153,58.12379,-55.957977,247.42479,39.09665,62.99155,237.44466,47.997177,-70.1215,260.71503,42.092163,50.23979,245.69275,46.776154,-54.89863,259.45523,47.97174,56.867897,246.48593,53.282223,-53.181824,211.62495,201.10736,-49.573803,203.27992,178.70251,49.79692,126.5342,131.02777,-80.37971,138.949,110.345055,48.807293,80.436134,176.04007,17.483946,75.38548,173.02925,45.03,81.319824,188.16801,31.36246,73.27534,190.4177,44.100464,41.36352,176.03053,45.454212,31.78261,174.51155,32.967617
Snipaste_2021-11-14_17-10-21.jpg,154.7984,50.106236,-68.4942,158.38966,40.391705,-82.909935,160.6901,40.14525,-82.90566,162.9875,39.918526,-82.95515,155.24797,39.300865,-65.88681,154.77045,38.366386,-65.89899,154.33907,37.48887,-65.910484,175.5599,38.22397,-114.8907,164.93903,34.494125,-38.781197,165.07237,54.902756,-77.62942,160.26259,53.723404,-55.464035,208.07404,74.58893,-115.00865,187.195,49.759663,-10.661273,175.47374,124.941505,-73.519295,167.18385,96.32079,20.419626,162.24876,76.49023,4.12773,155.01976,90.03079,-7.4448223,154.73738,68.03133,0.15071426,150.47557,89.16807,-8.947899,163.4512,59.125267,-7.2518573,153.74403,84.73277,-6.5748386,167.70209,60.880116,2.953159,157.56055,86.574646,-6.7063932,223.88597,156.11407,-39.877605,210.66267,135.23605,40.38321,171.51816,163.01442,-66.9292,155.48923,108.357124,62.552544,206.20169,195.86261,37.551987,149.87123,168.33194,81.377205,217.97137,199.00703,50.440586,156.94691,181.31157,82.38924,192.38004,215.17155,71.3785,122.736435,180.3629,96.84019
Snipaste_2021-11-14_17-10-52.jpg,321.04214,130.36377,15.1861725,328.0496,117.51633,7.041239,328.1623,117.91513,7.112512,328.41766,118.34137,6.9629774,326.552,114.22345,-6.127295,325.56842,111.84936,-6.129311,324.51974,109.55709,-6.1536593,322.1923,114.68573,17.936108,317.56625,103.03053,-40.178776,313.59528,138.19951,25.188225,311.91904,133.58302,8.8866415,280.79144,137.21454,67.723206,282.5975,142.20766,-68.88509,322.3538,181.54802,60.837963,307.7252,222.5707,-105.24243,300.1394,114.57405,-33.547623,283.4334,170.14082,36.733273,284.13385,100.164185,-47.086823,281.65186,157.14403,60.302025,282.0009,92.83041,-27.289688,269.5318,146.66309,56.50292,284.67215,102.08566,-23.817553,270.67236,153.62265,41.392216,167.08112,314.39865,74.878586,166.37138,325.3771,-74.38825,292.94092,311.75348,154.09647,325.55002,339.00354,-51.101894,323.44693,396.24982,220.13635,339.84106,408.22595,152.2925,314.0063,410.10895,227.8882,327.3074,419.68924,177.45546,365.4148,412.75784,225.91612,386.3825,420.0848,212.3426
Snipaste_2021-11-14_17-11-14.jpg,265.55807,98.26757,36.078117,270.13425,89.01689,36.70437,270.69385,89.38458,36.83531,271.45175,89.79543,36.727337,267.57193,86.35744,27.299015,266.27338,84.525154,27.30357,264.89566,82.799805,27.350924,267.03677,87.05298,71.37986,258.27847,77.92714,28.862656,260.34564,105.458305,51.450783,257.2348,101.84531,39.670853,242.6975,115.664246,69.22322,227.47499,107.4296,6.759392,284.57816,144.77231,22.258821,289.78137,146.05733,-77.923706,240.06665,80.320885,-35.467148,283.4688,122.10754,-2.4415443,220.015,64.8633,-52.841724,282.7168,116.64484,10.640116,217.20866,63.1186,-26.088417,271.32922,110.21343,15.178733,222.12549,71.82645,-23.92286,272.8116,112.90306,1.6371905,130.53592,265.80753,39.5654,113.40879,263.9925,-38.988853,195.01805,321.20795,27.824776,124.77688,321.8209,-74.002525,239.00752,317.56583,113.496864,243.45973,316.80484,73.4105,238.38123,313.20917,124.319214,258.7387,307.48337,93.08353,279.41068,315.90414,127.35413,296.95813,328.19366,123.199524
Snipaste_2021-11-14_17-12-14.jpg,232.04141,337.30435,-1080.8827,242.8257,301.85806,-1106.6008,254.29149,298.54626,-1106.71,265.80197,295.11807,-1106.6561,209.78218,304.53497,-1103.0547,197.31169,302.58902,-1102.9075,184.91351,300.90057,-1103.0441,282.74783,268.54193,-987.64386,164.81305,277.7588,-975.5833,251.19897,343.39444,-1014.63885,216.58821,346.54434,-1010.43054,373.60226,294.34146,-779.55994,115.836784,323.26956,-777.5418,425.84247,429.9081,-765.0765,112.12705,479.2044,-786.5487,401.26797,496.06104,-1007.31067,143.77043,560.3593,-1122.6938,402.7587,521.2956,-1084.2399,142.73521,584.62854,-1230.4071,393.75308,496.52573,-1111.121,155.55753,564.3953,-1257.8716,381.59668,488.41486,-1023.0512,167.24132,549.6604,-1146.6901,335.4601,462.0866,14.7122555,214.41573,480.69284,-13.485328,373.48358,483.732,413.74344,183.75395,550.62646,382.4147,321.4133,465.12845,920.3904,215.03293,473.9697,976.79584,305.59512,452.8306,976.4877,222.18222,448.58563,1042.2697,327.5491,505.73972,1007.4876,230.48825,508.70993,1098.8779
Snipaste_2021-11-14_17-13-21.jpg,214.59914,94.31792,-100.9681,220.37227,77.07516,-92.24126,224.42947,76.36775,-92.137924,228.64671,75.50021,-92.28179,206.7768,77.43616,-104.79859,200.6221,76.024734,-104.72401,194.54216,74.76273,-104.863304,220.66061,71.74475,-28.731045,172.69595,71.53459,-82.40028,212.8738,108.09148,-74.85764,196.61592,106.081085,-90.26877,225.45432,114.0786,22.460815,110.602554,165.92653,-130.92622,343.2628,130.67776,71.10304,212.23347,255.28064,-77.46772,466.0513,116.314835,50.090576,302.29758,222.8811,6.7018814,498.9183,102.40853,62.093643,332.55002,221.47713,5.47385,505.75928,109.67425,32.981308,316.34494,202.70653,-7.327812,487.67877,123.2863,39.05635,308.11423,201.8047,5.349321,269.8649,415.10522,72.515625,202.35799,461.80258,-71.50038,470.3502,427.86465,116.05851,441.02524,505.06158,-106.23997,418.2166,534.97266,217.44676,435.3388,542.3838,226.41986,391.75027,544.91016,236.00478,415.86362,544.972,269.81076,444.1828,575.809,296.7925,485.85446,561.78033,400.54346
Snipaste_2021-11-14_17-13-42.jpg,40.81493,59.79222,-194.53381,48.53013,54.158577,-203.49115,51.79747,55.176052,-203.43304,55.09682,56.197083,-203.47012,41.404186,51.014275,-196.51361,38.88938,49.556892,-196.49757,36.408936,48.207108,-196.55646,63.18726,59.080734,-190.26163,37.40689,48.24094,-156.88548,46.003815,68.201035,-184.48175,37.062138,64.350494,-174.56644,71.57544,89.46,-150.87222,35.317787,61.34387,-114.7771,51.330708,93.0475,-97.21926,19.034126,54.48134,-48.985073,55.19046,62.546196,-64.10683,21.543486,40.144154,-23.90362,53.974514,57.230797,-75.15632,22.153553,36.38436,-26.582232,61.332817,50.18922,-80.54523,25.038006,36.6191,-28.911766,60.667065,51.33516,-67.37072,26.221027,38.459946,-25.967855,63.259037,162.08586,-21.726854,43.265903,148.28816,22.266708,59.958683,184.07213,80.994576,36.0933,161.6846,140.7987,56.20331,194.41078,222.69485,34.782722,180.5853,284.46085,56.652897,196.54005,237.4537,36.256065,184.25432,299.3345,46.38739,204.54784,227.9032,27.815033,191.24844,297.15778
Snipaste_2021-11-14_17-13-50.jpg,68.31254,66.09877,-40.13611,74.405075,57.986465,-42.87426,77.38784,58.16827,-42.896465,80.3909,58.33911,-43.00342,67.6473,56.657696,-34.533413,65.3708,55.56342,-34.48591,63.110085,54.571007,-34.49842,88.57252,56.569588,-17.401463,65.874054,51.432323,21.335016,75.144005,70.441826,-28.87928,66.64182,68.5265,-17.602243,112.6271,85.208595,-36.961727,58.125126,65.13188,68.559845,74.39873,127.7038,-73.93557,15.470898,92.78498,-1.3823091,70.27198,74.65178,-84.228294,13.3819685,57.12577,-98.71385,67.62107,60.049915,-86.885155,10.1910095,48.03833,-105.63575,75.40042,55.64545,-88.8236,16.273643,45.326347,-97.11799,74.052444,60.81076,-82.448586,20.1806,51.04694,-96.808655,83.00562,168.21133,-49.478558,54.631065,153.24701,49.638676,54.68345,111.65474,-66.74504,16.920523,76.3006,66.79306,28.307842,142.43083,-24.049215,18.419228,139.7026,-60.68093,33.93303,150.97864,-14.817838,24.868055,151.00342,-74.318275,-6.1223893,138.7124,5.8287497,8.494827,150.20879,-80.94801
Snipaste_2021-11-14_17-14-40.jpg,166.03647,157.87624,-321.9404,197.6691,129.75609,-295.4949,211.7239,130.90596,-295.44153,225.89331,131.98553,-295.34308,163.60844,127.41664,-267.11783,152.68172,125.9661,-267.35638,141.66139,124.75924,-267.8232,260.24457,146.63203,-126.21172,147.05475,133.97891,8.641363,196.73134,191.47626,-263.7404,153.24937,186.80316,-224.0284,352.484,293.7255,-120.262375,83.69999,282.9858,126.48927,346.77457,514.23175,-423.6395,70.57745,486.98868,-224.11578,264.2315,275.93845,-700.93085,76.47917,301.49777,-627.21576,230.96617,220.03491,-748.55994,72.13599,251.12892,-675.3611,258.9694,192.69608,-693.19745,65.96459,222.47495,-619.1801,261.1977,216.31775,-674.8501,82.55142,241.8272,-617.106,298.82172,656.9219,-55.444748,121.7304,653.42725,56.90015,272.84375,864.4628,-387.11655,112.10986,868.56573,-100.572296,277.7691,1099.182,-209.45706,122.80847,1088.82,70.4472,288.72253,1141.2571,-201.80086,128.80634,1127.5342,67.48787,238.51778,1179.9321,-462.81778,121.22542,1170.3995,-152.12527
Snipaste_2021-11-14_17-14-48.jpg,85.09106,222.01845,-477.4614,117.72968,189.55069,-465.59796,134.88794,189.24718,-465.7345,152.10098,188.93175,-465.8903,78.46543,190.16144,-430.51813,64.97506,189.45018,-430.52118,51.49836,189.00963,-430.51575,196.29256,207.91837,-317.79202,59.63569,206.30377,-150.76613,124.66545,260.02203,-423.3988,73.449104,258.9566,-375.65286,280.37854,363.86115,-277.14386,48.3271,359.24567,41.256622,249.618,554.91876,-449.55927,65.08207,534.5889,9.801231,227.80812,333.2194,-812.42096,68.661766,511.50327,-330.42535,209.81937,276.25778,-897.95593,71.36609,517.24274,-385.07404,239.2873,256.1455,-891.0394,62.985096,489.9837,-395.55814,236.794,275.12994,-814.85596,71.87711,486.27072,-347.19556,240.77322,707.62134,-82.720634,98.5611,699.2832,85.21163,228.54033,860.56824,-207.06512,77.166176,848.31476,83.71141,224.22357,1041.3942,49.996773,99.015526,1024.012,246.05862,231.6564,1076.2567,71.25,114.697655,1056.4247,250.93074,174.36131,1103.7704,-95.41392,74.35692,1094.3171,113.544304
Snipaste_2021-11-14_17-16-45.jpg,194.66833,108.59379,49.00569,189.26596,94.21487,53.05019,189.03061,94.47137,52.995033,188.79488,94.68413,52.760452,185.95595,93.05649,26.157995,182.61208,92.11997,26.185446,179.32034,91.262924,26.088268,175.28145,99.71084,91.575356,161.82326,95.34282,-30.941153,190.0832,121.37211,65.94989,183.85913,119.78615,30.925003,165.53705,168.8606,152.36159,150.14954,150.27151,-92.429695,255.50204,184.39293,224.4462,250.10358,155.89713,-18.443285,201.3155,115.11737,299.70428,194.20703,103.702896,207.49608,189.47502,101.10978,309.4827,187.45555,89.78916,225.25188,177.45482,99.0125,341.63266,173.26797,91.85564,201.4961,179.03275,106.02153,312.569,173.63524,101.45889,205.81679,233.9472,353.93253,90.90707,228.95735,357.05695,-90.41523,342.90903,200.42099,101.2527,321.58972,195.40005,-101.35229,386.49503,353.89557,62.40435,378.47833,372.64133,-29.337223,376.2965,381.46677,61.05053,365.6557,408.52383,-14.998439,432.69308,378.1742,65.65634,444.9987,389.17996,29.897165
Snipaste_2021-11-14_17-16-51.jpg,187.54779,113.14079,54.75976,183.12514,99.33648,60.455757,184.31036,99.73808,60.425056,185.5546,100.08451,60.201756,177.24445,97.35509,38.506966,173.40555,96.20032,38.529408,169.6275,95.12546,38.41257,175.14105,105.12766,99.28103,153.42247,99.30709,3.2456515,185.85619,125.420456,70.93902,176.03859,123.44656,43.48217,176.52953,165.6209,140.85594,136.89127,149.40492,-43.80085,249.90706,182.82744,176.53967,220.09845,153.28334,-0.7487566,201.89738,114.6856,180.75957,179.63863,83.70916,156.15036,189.6908,103.254555,180.26831,174.86609,67.89292,173.67744,177.91576,96.60539,205.64143,161.02739,65.623024,161.4772,179.82281,103.160706,188.4482,161.36082,74.76575,156.13298,226.49321,341.73053,74.67219,207.88136,347.90817,-73.90321,346.42746,195.53328,53.734585,308.25934,196.97772,-99.972885,371.7264,356.49237,9.688445,365.73193,376.43353,-57.249485,357.97003,383.2223,7.5165524,352.54694,411.13858,-46.052845,416.43127,390.9015,6.8633685,435.15204,404.13858,-20.382568
Snipaste_2021-11-14_17-17-43.jpg,136.61324,111.55216,-75.48097,144.36128,101.99432,-80.37832,148.21544,102.23721,-80.34592,152.14024,102.45435,-80.37321,134.0175,99.179016,-81.14919,129.97914,96.86477,-81.00084,125.95945,94.7541,-81.150826,156.95763,93.7643,-33.40817,118.90638,83.03977,-35.48609,140.21675,113.20395,-52.136967,127.7025,109.57708,-52.381775,194.34808,104.66984,-27.698189,73.273865,89.40027,-26.045229,202.28198,171.60027,-234.08066,68.39179,156.44537,-210.89,192.32556,85.01861,-415.6678,94.1058,74.070694,-354.04675,191.80644,61.293724,-442.555,98.360985,51.80477,-380.7315,195.60202,50.59376,-424.14667,96.30966,44.124043,-353.44504,189.45398,60.06842,-409.44995,100.41943,52.99983,-345.26413,165.81474,249.12843,5.94319,92.184616,239.54288,-4.987232,180.70387,286.44168,-125.43483,79.080345,203.8329,-320.33844,164.81357,335.0987,46.978004,100.31775,333.19815,-298.21988,163.57982,337.402,68.10861,103.82007,348.69467,-297.61032,142.80984,370.21625,47.684025,115.34096,376.32852,-355.2522
Snipaste_2021-11-14_17-18-27.jpg,176.17947,172.35416,-347.6294,180.76997,145.2485,-376.54926,186.72928,140.44604,-376.49448,192.7835,135.61494,-376.58704,162.39243,152.32486,-376.12875,154.79431,152.34538,-376.119,147.24632,152.55475,-376.20554,197.27211,105.4562,-362.45947,131.12321,129.21593,-360.44238,184.29333,162.47612,-326.95633,164.43648,169.92107,-325.42645,249.59842,89.495544,-282.15857,73.425156,135.55655,-298.50085,316.94162,206.6599,-403.8794,80.239555,253.85017,-436.721,248.38354,151.16078,-571.5653,102.28042,174.66003,-564.93964,226.61472,138.35143,-588.13727,110.8887,150.1207,-576.51965,227.12936,115.37437,-554.885,98.44398,136.91867,-539.72125,225.11751,122.604294,-558.4803,105.32678,143.26448,-550.72064,244.31801,261.56146,3.889818,159.3072,283.70093,-3.6976771,289.25604,315.15848,164.07097,186.47026,350.25464,160.35762,277.29858,370.64624,467.84158,240.26463,385.89914,443.0946,272.69257,371.32532,499.81866,243.25008,384.21237,472.21262,283.8725,421.3756,491.51834,269.50974,430.79922,455.73773
image_001.jpg,62.009014,41.271618,30.98464,57.768757,35.636295,35.762222,57.321194,35.500843,35.71236,56.84801,35.33317,35.616745,56.57203,36.615,20.728107,54.840614,37.018585,20.693342,53.12708,37.46655,20.60165,49.23416,37.97826,57.039814,43.814186,41.217335,-9.705299,59.414783,46.953053,39.102104,57.205757,47.580822,19.893057,53.71913,64.05365,83.92394,34.56978,75.98775,-36.477863,83.979034,54.850746,157.41519,80.25012,63.720684,-37.31835,56.816914,40.430954,222.90604,47.691673,43.55689,0.7849618,48.944145,33.360237,229.76155,39.576756,35.406372,0.3307326,48.249714,34.81677,237.22444,32.99611,39.648006,-9.12835,49.488735,39.069664,225.39343,37.755672,42.344177,-0.75379175,113.54849,121.00599,41.50038,106.19157,132.56625,-41.394814,165.70581,68.61017,24.412458,164.94926,70.441216,-56.5733,206.85759,126.91282,17.97821,210.15732,131.69997,-40.497856,204.43767,138.06819,16.30501,207.16734,144.57959,-36.47211,232.47137,139.31459,1.1349391,241.16064,142.91638,-25.576504
image_002.jpg,174.67227,48.981483,-41.057507,178.31007,42.198944,-37.595123,180.5623,42.246113,-37.57465,182.86803,42.28996,-37.630665,171.95906,41.38554,-35.35082,169.49019,40.62617,-35.339138,166.99513,39.959972,-35.35632,184.44655,42.20855,0.5102554,163.39671,38.779408,13.20098,177.17413,53.87658,-26.581827,169.42662,52.75372,-22.946852,194.58076,68.15943,11.4760275,145.45085,60.55696,50.952755,241.27184,59.328423,-20.367363,122.4022,54.98163,85.48409,210.07585,36.66589,4.143509,153.36401,31.417763,158.0882,204.43901,29.082468,-0.60699934,162.52637,25.332788,163.07318,198.96516,32.39656,12.668574,163.87051,24.388306,170.93794,198.75778,37.73234,8.113921,162.1752,28.715185,162.25038,143.8839,144.99144,-26.801992,121.32222,133.97292,26.858524,119.677956,98.53369,-51.460518,79.84294,107.166595,-4.2826676,60.92005,107.21138,-35.06726,32.41335,152.07092,-31.758982,56.910114,110.73312,-30.328728,31.779385,164.16417,-35.47123,32.73171,103.61,-39.966297,-0.48382133,158.23972,-72.56964
image_003.jpg,180.1928,37.64374,-13.22287,176.9987,34.90725,-7.9216976,176.50272,35.02635,-7.8930373,176.06413,35.0941,-7.8785677,177.11282,35.067093,-22.514597,176.5522,35.247787,-22.474794,176.0037,35.46171,-22.508762,172.09882,38.17642,23.537132,171.91396,38.483124,-42.06324,179.18568,41.309,-1.1018983,178.73282,41.674026,-19.504778,171.88943,54.842136,58.35431,172.65811,55.95787,-81.17968,197.21794,62.88253,2.2582958,193.6908,65.1072,-76.93688,202.2518,58.375988,-107.33356,196.53983,57.46481,24.433098,205.76755,58.617928,-122.588165,198.16266,56.67824,26.696426,199.40057,59.097218,-121.75852,196.13528,56.50893,27.654013,198.44931,59.817524,-110.185524,194.39752,57.873226,28.045937,185.1253,101.20494,49.739365,186.19977,107.420456,-49.909355,213.46355,71.434044,67.08345,220.67177,79.06916,-73.786026,242.97089,98.38747,80.89791,252.28139,107.31589,-64.39271,244.47955,107.281715,80.93271,253.40283,118.104416,-64.96985,263.49713,91.8274,67.47716,276.46646,94.53964,-89.65931
image_004.jpg,188.19876,33.67942,46.23557,193.88307,28.554935,49.853104,196.0436,28.686192,49.824314,198.23788,28.789385,49.74884,188.63678,27.933973,57.44562,187.0753,27.364502,57.462868,185.46361,26.891632,57.36775,204.0432,30.012611,79.78526,187.68779,26.631197,115.40264,193.18954,38.13373,56.3733,186.44804,36.87236,66.28669,215.35913,53.05775,71.581055,177.73944,44.844345,153.67622,199.1045,59.03477,88.207886,150.8056,39.384117,196.4227,203.92813,34.173737,161.43356,176.92816,22.645912,222.0189,204.40773,26.573195,169.42372,183.39836,19.30084,213.80966,208.57425,29.444885,162.35133,186.63905,19.747618,221.70787,207.95393,32.759113,159.66322,184.73949,22.312853,223.55388,177.46358,113.71445,-37.030003,157.35008,108.11961,37.11824,153.98611,62.936913,-91.50254,124.94068,65.77252,-19.691856,125.91447,129.3628,-119.33842,85.64209,128.76155,-93.670555,128.45331,142.77502,-120.12157,88.19958,143.1899,-101.71402,97.10146,148.19151,-138.73462,50.878887,142.79305,-129.01302
image_005.jpg,170.68086,66.920906,27.1009,173.67519,65.35574,19.443314,174.13066,65.57783,19.402615,174.60562,65.799446,19.36538,173.7755,65.36728,30.929482,174.18301,65.476715,30.936317,174.55801,65.63273,30.877281,177.2844,68.654655,-4.1054564,177.28644,68.31822,47.81377,170.91182,70.14563,18.479208,170.63649,69.88899,33.43864,174.0723,84.91314,-40.290226,173.66895,83.17516,67.731346,160.73903,84.78282,-72.88073,169.10234,89.13076,119.74916,168.43527,79.15867,-53.485157,169.58296,83.261215,160.75458,171.03757,76.87169,-54.079037,169.2338,81.96258,166.76227,172.44981,79.348145,-54.167446,169.5748,82.42198,164.0178,171.07672,80.09668,-52.84378,169.7934,82.97749,160.00555,136.76462,112.95807,-40.506264,137.61493,111.13674,40.448498,107.85618,87.742096,-56.23137,110.17533,86.01445,27.385593,79.786995,112.51913,-69.175095,84.75538,110.35307,5.7275896,80.39725,119.92897,-69.02484,85.03724,116.62428,2.9501216,60.166588,112.094284,-72.73923,66.48649,112.40748,-6.548312
image_006.jpg,117.18411,41.617283,40.906452,115.44336,35.85938,50.845184,116.63525,35.655563,50.827873,117.84875,35.35603,50.773212,110.8364,36.405407,43.442535,108.554955,36.459736,43.421894,106.304886,36.58507,43.398567,113.646,36.08924,103.139465,98.54728,37.953922,69.47899,117.49081,45.972363,59.649155,111.91242,46.670097,49.641552,126.57766,52.49007,114.09402,79.35141,59.900784,74.0728,157.53998,29.886911,105.34852,62.866,50.59756,46.2983,123.02028,28.215424,138.68979,84.72256,33.636227,109.76039,114.31759,27.055489,130.87787,88.74083,27.966303,110.81186,112.64818,30.569212,150.58315,90.46969,30.495892,120.78072,114.762596,34.13887,144.83252,90.09733,34.060333,114.25298,136.85857,117.67036,25.62885,109.16393,127.57857,-25.213654,174.34337,91.05754,-37.202137,133.56526,92.75762,-129.42496,212.7372,130.23595,-111.063286,182.32501,147.57504,-169.69316,213.54674,141.68678,-119.55026,185.50418,159.55794,-174.68103,239.26682,132.94397,-155.14333,212.2731,152.85858,-216.70561
image_007.jpg,79.04,42.883606,29.86547,77.61346,39.04595,39.212082,78.45621,39.01366,39.23148,79.31208,38.896286,39.21833,74.061195,39.388245,31.616621,72.449394,39.449364,31.604988,70.87367,39.54334,31.610664,76.25068,41.17544,85.02867,65.302414,42.388836,50.927013,79.803276,47.473583,46.01927,75.54274,47.871292,35.823814,92.6412,57.940575,100.017235,55.633274,67.026505,38.006165,129.18918,55.07651,64.88737,67.535164,70.382095,-27.392656,102.456314,42.828434,36.648575,62.092735,49.013718,-32.617737,96.5212,38.71265,19.463743,58.137405,42.89474,-41.23801,92.11791,38.965824,35.315083,59.040966,42.882072,-36.41759,93.54559,43.023773,39.89962,62.295006,45.673225,-31.478884,117.068016,106.56346,29.589613,97.82893,117.61669,-29.290657,162.65323,86.89004,-30.578176,129.01907,87.1934,-85.95229,210.58493,121.19349,-50.587997,168.96489,138.70808,-95.643684,213.03857,133.63564,-54.64419,169.51932,149.9639,-96.974594,242.33775,115.51586,-81.64821,200.59131,142.80853,-125.50426
image_008.jpg,176.01547,36.3748,-13.788467,181.303,33.46615,-20.109262,182.51183,33.49203,-20.04055,183.7711,33.542233,-20.017054,179.82594,33.736496,-10.532211,180.02345,33.875107,-10.570609,180.14433,34.091557,-10.542302,191.3395,37.84892,-25.844078,186.4146,37.679745,20.528107,179.69812,42.480232,-16.372894,178.12047,42.740807,-3.4565248,199.54543,68.63071,-25.206001,182.39313,60.86967,41.829643,215.32059,46.726643,-63.566406,179.48622,45.22882,95.87884,215.81425,45.612675,3.7950792,198.5555,41.457153,135.63799,218.6095,43.743587,14.102007,202.95256,39.673256,134.93307,217.03407,48.72958,14.048531,203.56886,42.46238,140.47098,214.90598,50.25101,4.0481324,201.69225,43.48524,136.9623,144.4754,135.39734,-30.942871,140.01308,124.69914,30.939886,79.56792,91.05553,-41.173862,89.94563,89.37031,4.802889,41.340084,133.89828,-34.47357,40.347202,128.91751,-3.0689013,45.092045,144.83902,-31.796005,41.368168,140.49455,-4.6812034,9.229787,134.95744,-31.673586,4.0808253,128.21907,-11.37341
image_009.jpg,158.82448,63.029385,29.359423,157.50612,59.557262,21.520727,157.6636,59.55468,21.547846,157.7855,59.599606,21.501446,158.56673,57.791542,35.399036,159.66797,56.676693,35.40872,160.78896,55.660286,35.364685,162.16646,58.473686,-15.201813,165.38467,53.72287,47.604317,161.63754,65.5205,14.957908,163.2433,63.78162,33.31664,177.31094,71.708755,-59.052433,186.34514,61.95525,78.96834,147.58578,73.29439,-47.73114,168.43689,58.01598,179.82587,169.17308,45.274513,6.146485,176.74442,40.6517,281.08273,173.27563,34.248158,2.6489503,180.58507,34.351112,291.42935,181.60255,38.862812,-4.44728,182.76596,36.07727,291.86557,180.67503,43.92838,5.6860003,180.60887,39.65824,281.22592,181.8376,153.59721,-55.331852,179.66103,145.57913,55.449814,105.20712,136.01117,-57.50625,117.52547,115.457504,19.345808,51.39821,167.99706,-35.554546,73.921616,156.90532,32.014477,52.4954,177.58344,-30.634674,74.65245,167.10645,30.6485,23.578312,162.49965,-39.764957,43.8604,160.32457,15.765357
image_010.jpg,89.57465,74.10556,12.974257,88.904015,69.25001,16.49209,88.995094,68.985374,16.463272,89.11994,68.68961,16.39392,86.81221,69.393776,7.227462,85.37029,69.04001,7.2167587,83.95535,68.720634,7.1566553,84.16311,68.11086,38.336235,76.94386,68.183205,-3.4992776,87.30211,76.9438,20.632696,84.39044,76.843506,8.779991,79.732544,86.09891,48.313995,63.69242,85.38983,-12.800018,103.456116,80.41009,82.9968,87.59621,72.96546,-10.038884,67.74078,69.866745,98.06508,62.098618,64.40279,63.66156,60.60071,69.468666,93.54735,56.670094,62.226948,79.05222,54.12184,71.480064,107.226425,53.59208,64.30806,70.2647,56.163403,72.38899,103.50176,54.996437,66.80243,63.234867,103.1399,154.91821,32.02866,96.15085,158.71672,-31.956697,145.13872,92.95111,18.095934,132.26671,91.84088,-39.952103,177.51183,151.96455,-3.3973212,173.75948,159.37346,-24.649324,174.88835,163.04863,-5.6767864,170.35112,173.13547,-20.682505,199.89511,161.05951,-19.992004,205.6799,166.93959,-16.80564
image_011.jpg,58.26608,55.534546,-14.475567,56.39508,51.467873,-10.670588,57.304604,51.374107,-10.6721735,58.24473,51.238476,-10.663752,52.940277,51.617294,-17.969908,51.12313,51.680016,-17.966412,49.331123,51.78743,-18.040224,55.13701,53.502445,21.518078,43.804203,54.44657,-10.898443,59.03241,59.578644,-2.4922965,54.195072,60.066166,-11.86402,62.905163,69.97846,32.8336,35.056023,73.957344,-5.07587,65.49392,58.37658,46.59189,19.877075,52.431255,-16.551474,52.753994,58.773872,44.10952,35.3007,53.86634,32.071144,49.875698,60.216644,36.881477,37.33148,55.21787,37.88686,48.636982,60.854893,43.110645,39.847816,58.56003,38.798992,49.18319,61.264713,44.87163,39.50518,59.31125,33.256954,93.59353,118.78335,21.857649,82.38901,127.358734,-21.789701,130.40979,74.0506,4.4638944,115.664345,77.24351,-42.78261,159.6611,116.98881,-4.874073,154.39137,124.739334,-45.35147,158.05551,125.772484,-6.2423997,153.24701,135.35835,-43.947964,178.91492,123.78445,-22.671442,182.38332,127.33052,-51.36119
image_012.jpg,133.22638,42.823883,-7.549885,135.74353,39.958332,-11.116676,136.42644,40.067524,-11.092155,137.13705,40.183586,-11.165855,135.05827,39.571537,-1.5636832,135.28838,39.40042,-1.5614676,135.51494,39.320415,-1.6122975,141.22307,42.710293,-18.605137,138.73146,41.1079,24.986378,135.19302,47.23423,-10.886497,134.09993,46.769833,1.4969581,149.71613,63.902863,-43.264153,139.65529,61.16697,60.983765,140.52432,62.413338,-82.78135,136.84998,56.32022,146.56413,142.65062,48.397354,-52.811966,139.56593,42.848034,224.12505,143.8064,44.120033,-51.268368,141.82375,39.90485,235.18199,145.32979,44.08829,-51.255253,141.59225,41.20355,233.92242,144.15773,45.77991,-52.307743,139.70033,42.550133,224.77528,139.04875,122.08337,-41.7941,134.56267,117.63447,41.769,101.280075,84.00537,-54.214302,100.51674,79.294075,37.58957,73.483,127.56051,-37.838764,78.70202,118.46383,38.55418,76.25227,135.90956,-34.91917,81.58565,126.762024,37.071495,53.13583,134.74889,-37.74089,56.401394,125.69912,28.548317
image_015.jpg,110.99489,39.51108,-36.402794,115.24251,33.96369,-30.670395,117.87172,33.465725,-30.624472,120.53713,32.905994,-30.640089,109.750656,35.531624,-22.020622,108.02989,36.0194,-22.051247,106.31883,36.606728,-22.000885,129.88889,35.76563,-5.45565,110.84312,40.35153,35.2167,120.14208,45.330345,-29.433668,112.269356,47.321438,-17.386002,157.77827,56.40909,7.803066,107.949974,75.23394,31.492853,195.48914,29.195904,-66.69697,69.57303,98.141884,-36.14824,155.0582,24.46755,-88.51525,89.45701,58.916565,-82.06558,146.35152,22.865742,-92.552414,94.6985,49.329266,-87.9366,142.15448,27.042812,-73.36666,99.35632,44.868404,-72.228775,145.73239,31.666395,-81.61689,100.48306,51.508316,-76.81749,172.29015,129.2025,-0.54143625,143.76915,139.2434,0.58958447,192.7256,82.71746,-106.677826,129.3344,95.8273,-137.29068,223.08565,147.59894,-76.159386,161.72679,158.97932,-93.92615,222.66505,158.76312,-73.77699,167.81543,167.89507,-88.24554,242.35298,167.74342,-109.8229,167.58482,181.7596,-110.69415
image_016.jpg,77.30073,85.26992,19.374859,77.14725,81.738464,28.98425,78.20988,81.60369,28.967367,79.291595,81.417175,28.948277,73.392,82.126755,22.892504,71.80653,82.19149,22.900396,70.24492,82.30092,22.911379,77.807625,82.47105,74.18657,65.895195,83.97696,47.504364,78.60814,88.43282,34.972942,73.98198,89.07149,27.039862,87.25495,96.83126,91.674614,56.456127,98.52773,47.96513,103.28127,84.916824,77.3466,39.342495,87.47428,25.86078,82.75261,84.73808,71.78748,57.92299,83.56772,66.30228,77.4998,84.718864,60.829826,60.609688,82.49242,65.83132,75.94814,86.47877,71.677925,63.930614,85.14599,70.095276,77.64152,87.894196,73.97146,63.05219,86.64498,68.556656,104.438324,140.72179,28.63718,87.297295,144.79797,-28.385315,138.0199,121.378204,9.184758,120.42924,112.66009,-53.1801,158.21474,151.06924,-49.119637,150.37476,153.46426,-105.13026,157.26822,158.67923,-56.445084,150.12083,163.63837,-110.33732,174.8677,152.49341,-78.186134,173.4131,154.84438,-129.11899
image_017.jpg,96.03359,41.806175,7.5543246,96.34442,36.43304,15.189654,98.06833,36.201527,15.202986,99.822754,35.88465,15.180765,90.881615,37.162178,10.178937,88.559975,37.380333,10.162213,86.263985,37.663593,10.149792,99.815865,38.01608,60.50624,81.54103,40.685795,38.130898,99.4011,46.669655,23.057394,91.970406,47.85267,16.224705,115.28862,59.190323,85.291435,67.342285,62.46945,51.877453,149.72736,52.443207,88.50571,33.023926,55.66085,30.062094,112.825455,45.083477,99.40532,70.95411,43.521408,82.10784,103.75787,44.33316,92.194435,81.08651,41.43191,88.48403,100.2781,43.689205,110.22799,84.408104,42.30285,94.17173,102.83753,46.63703,104.92429,81.8189,46.40099,85.15959,129.40422,114.14481,21.107521,105.12149,124.58361,-20.918097,173.80124,80.98818,-18.853436,139.58505,85.73441,-55.10501,226.14961,130.38942,-40.447384,182.59724,152.5651,-81.13926,225.75067,143.20338,-43.439995,182.19582,163.45004,-82.193855,265.6822,138.75513,-66.404884,219.66486,170.85112,-101.44337
image_018.jpg,138.58038,81.848495,10.764096,136.62967,77.92051,13.880066,136.16917,77.92946,13.859859,135.72891,77.89874,13.792045,136.02058,77.87517,3.9610274,135.10114,77.64352,3.9004524,134.1943,77.41868,3.8595214,130.78973,78.565445,34.306675,128.67517,78.03764,-12.115814,135.83325,85.19811,17.955412,135.06326,84.677925,4.8402467,129.86536,93.223785,51.28512,116.77086,101.06644,-34.11432,149.95087,89.65061,109.71246,138.57617,107.120026,-73.97168,137.19643,73.41141,130.66003,129.57791,89.4013,-68.761986,133.97871,68.10118,131.76608,128.9176,82.0587,-64.1039,132.71185,70.03392,134.04437,124.31142,83.78302,-64.64272,133.3515,72.55729,132.14749,125.926315,86.845505,-67.93527,156.92801,134.86026,35.14235,153.14777,143.07536,-35.096413,191.44391,96.37208,24.524517,186.40225,106.663574,-33.79129,221.43959,126.13812,-7.6581097,223.87047,130.09079,-8.87575,219.11736,132.9891,-10.516943,223.70905,137.86888,-5.2553473,237.52797,130.82933,-21.67044,239.89087,128.15434,-2.103072
image_019.jpg,139.74901,57.920795,18.367973,142.8068,53.512985,11.3115,143.7437,53.287918,11.305663,144.70009,53.070652,11.299891,141.68309,53.83134,21.048538,141.79735,53.80246,21.02682,141.90495,53.81307,20.977482,149.89873,53.938347,-4.844798,145.93707,54.560314,39.765667,142.59598,61.4136,12.782638,141.14206,61.636414,25.78107,153.15659,73.6123,-29.131598,148.79538,73.74308,59.38722,121.58573,84.81759,-15.978407,117.74059,81.10771,76.366005,132.85663,69.72631,52.9953,127.65535,72.07124,71.77842,134.7223,64.247406,58.13511,128.28032,69.70679,71.398285,138.94139,65.15211,54.38328,134.32806,70.39326,75.89095,138.43839,68.09895,53.62298,134.26366,72.293495,72.983894,123.317116,129.23288,-34.671223,123.58016,124.68538,34.737843,73.53167,105.04014,-43.50885,87.31051,97.37239,19.120707,25.15937,130.95337,-38.822502,45.419086,129.06409,19.384365,23.09993,140.07101,-36.18911,43.68202,138.5247,18.754066,-0.8401067,127.15473,-44.829575,19.358454,129.79947,9.953959
image_021.jpg,178.75867,22.506147,-6.0365534,182.83253,17.389313,-4.7540975,184.79926,16.95465,-4.7075834,186.79391,16.503359,-4.760771,178.61298,18.244797,5.852226,177.541,18.276148,5.7565312,176.43797,18.427193,5.63071,194.24573,17.587917,13.615812,181.08057,19.06613,64.730034,185.61887,26.560362,-0.31721064,180.14503,27.358902,13.922581,216.27357,44.36566,9.006507,181.13007,43.79757,97.8547,223.10262,22.93843,-5.37753,158.20837,25.735956,137.86365,208.43784,21.243044,58.56561,189.5748,14.17672,139.47469,205.61627,19.99338,68.29444,198.23862,11.762683,129.86316,205.35732,23.142487,61.96499,200.99182,14.707733,136.308,206.41896,25.231958,56.44658,197.50548,16.966179,139.9313,183.36554,122.37218,-46.32978,168.70686,114.844,46.24348,133.12132,74.429955,-70.85156,124.22542,69.110054,5.257292,82.370094,125.78111,-112.674805,76.13803,114.28958,-55.451073,84.76538,139.97331,-114.91129,78.52634,127.76245,-63.019855,44.963917,127.772995,-136.85606,35.144325,116.321175,-89.15288
image_022.jpg,197.15465,45.862873,-11.870201,200.79732,43.074986,-10.275029,202.12077,43.08212,-10.258289,203.47849,43.09228,-10.277547,197.79193,42.70942,-1.205241,197.21066,42.410316,-1.1979543,196.58537,42.19629,-1.2445157,208.44218,44.18877,4.778362,199.99919,42.25899,49.616447,201.18932,49.03891,-7.616769,197.69295,48.52666,4.964865,219.45166,63.69268,2.0469916,193.38362,60.154068,79.87321,226.81346,37.846626,5.1887465,169.38968,40.517555,119.45916,218.55504,45.71599,100.791794,197.97958,37.73802,116.5258,217.0902,45.70381,112.05228,206.74805,35.200638,108.207115,216.09723,49.80597,109.10252,208.53217,38.892838,117.127396,216.31935,51.04997,100.75447,205.11784,40.265884,118.0742,179.03563,109.8327,-40.86683,169.2067,104.505684,40.847683,155.0026,72.31942,-57.086296,145.06064,73.18831,9.186289,113.07997,111.71983,-83.001175,103.77185,109.53293,-37.58625,113.01408,122.92779,-84.40956,103.77093,120.27321,-43.94328,89.37721,114.385216,-101.50878,77.39545,111.58521,-68.47126
image_025.jpg,90.68428,93.8839,9.983031,87.59792,90.3154,16.070843,87.54626,90.29047,16.04675,87.51034,90.228134,16.014614,86.30499,91.026276,4.017688,85.052574,91.47341,3.9915955,83.8068,91.92161,3.9415274,82.7606,94.13303,43.573586,78.05738,96.16732,-9.348971,89.81648,98.61951,20.225117,87.616486,99.443214,4.9368014,83.84289,113.00924,63.22239,81.40181,121.818474,-28.929533,113.95293,120.794846,43.42832,124.64282,125.25382,-19.10061,97.82607,104.71293,-27.069178,100.48344,102.89437,39.233578,94.37587,100.41045,-39.267982,95.82506,95.136505,42.06533,89.14101,99.74952,-35.042233,87.77643,97.902794,39.275692,89.46384,102.08958,-28.398487,89.085556,100.48688,40.125725,127.336105,151.01006,35.294605,129.78772,160.23483,-35.180485,164.34401,93.820526,13.374731,164.47704,96.887726,-51.6313,202.68149,137.20168,20.87564,202.90398,144.44444,-20.998259,201.50484,147.09857,22.515173,200.99413,154.90053,-15.018156,230.0153,143.07881,17.379734,233.50829,148.89413,-5.704344
image_026.jpg,97.59276,90.08204,-19.357416,97.22437,86.73789,-12.914634,98.19272,86.70291,-12.91304,99.21483,86.62715,-12.895593,93.735085,86.875404,-18.734816,92.0989,86.8686,-18.748285,90.47675,86.90595,-18.8075,97.19106,88.52407,20.460852,85.63104,89.14949,-5.0633464,98.45796,93.8218,-7.488851,93.65755,94.19688,-14.934187,102.70954,106.40243,37.190033,75.27266,106.669136,0.909678,111.7572,93.81137,52.319466,55.001377,93.72889,-3.3062143,101.28913,87.02746,66.60229,75.196495,85.4488,41.03001,98.553825,86.18998,64.27559,79.109276,83.002884,43.783043,97.05123,87.008156,67.32848,81.3992,85.61634,48.704372,97.594025,88.64486,67.02657,80.35907,88.00071,43.460815,112.668724,159.21956,22.597132,98.53388,163.61264,-22.557188,147.48259,137.33711,4.3845205,135.87175,131.53471,-43.729713,179.57733,164.39577,-27.916521,176.35854,165.70183,-72.134254,179.85042,172.6173,-31.989904,178.5704,175.1211,-74.127815,199.52834,164.29951,-47.76151,198.75276,164.56265,-88.1154
image_027.jpg,202.79057,60.04037,-4.1990724,204.08803,54.48374,-11.386089,204.9042,54.192875,-11.417694,205.74,53.854572,-11.47293,203.7024,54.050144,0.10348199,204.01909,53.59429,0.0696828,204.38809,53.16999,0.08796238,213.00038,53.263214,-32.584915,210.90622,52.406017,19.309992,208.33936,63.639244,-11.400555,207.30978,63.407703,3.420479,230.87384,77.17368,-62.314495,231.67348,75.999855,50.169407,222.61533,123.96164,-72.37863,224.66681,114.77539,60.028255,204.8741,153.86957,-51.11655,209.45792,142.10213,40.672054,200.57404,160.33745,-59.73686,204.50755,146.80066,43.506588,198.2734,157.68924,-53.372383,202.70715,145.70334,33.23182,200.53773,155.22852,-48.110806,204.33055,145.18074,35.762394,271.9729,129.44919,-32.775726,268.28278,125.26784,32.871246,215.64278,119.259,-23.393175,213.87318,120.42511,48.77418,206.08876,156.06813,39.675365,196.81113,157.17558,84.45945,210.91425,162.66864,45.54735,198.89597,164.84158,86.51551,183.93024,157.98811,47.347504,175.61536,160.24953,88.99184
image_028.jpg,339.28778,170.87985,-40.351036,349.88828,146.52907,-21.226196,358.98465,145.3044,-21.330162,368.17404,143.97742,-21.529558,326.0491,149.63283,-14.588381,316.65125,149.8854,-14.762926,307.25763,150.31454,-15.172521,379.61057,150.7397,80.91837,297.388,158.09119,121.63235,357.34628,189.00244,-5.4277935,324.1571,191.68442,7.512783,425.54044,237.38666,105.59383,253.6581,246.18065,156.07895,479.60464,213.8445,134.33879,201.61542,323.68665,193.0594,414.2499,154.73117,237.78793,231.60759,193.59633,256.35077,401.17773,139.20721,226.10524,246.90117,160.07143,261.04572,393.7699,139.83278,261.727,240.70468,143.49063,257.41837,393.12888,150.32892,246.84804,246.74484,158.62517,254.1269,338.41718,510.75488,-29.595633,242.30565,498.73486,30.16935,342.7488,464.9357,-53.06248,175.98698,431.92368,61.702312,269.53674,644.63763,-73.389565,166.53247,639.46216,60.7176,259.1301,671.8937,-77.33311,175.31853,672.66473,59.610497,226.90863,695.1184,-172.22064,139.03703,696.0999,-17.328299
image_029.jpg,363.44632,249.26044,2.438939,373.91174,219.2292,8.027491,382.92285,217.78746,7.8520513,391.97818,216.2007,7.6892567,349.47913,219.96854,5.396699,339.40814,218.37656,5.314149,329.4638,216.96333,4.792208,397.22028,208.51025,127.34242,313.70734,208.50102,121.63876,375.5368,260.47806,50.731945,343.72037,259.96725,49.36322,430.11273,271.89,97.24554,271.52933,275.61835,183.70517,365.27112,414.4504,118.15263,224.34285,400.55322,44.62861,308.1018,359.51285,134.36928,258.8232,283.72253,-138.07356,291.86935,352.5866,122.40919,269.21432,260.7874,-168.7802,292.6808,331.61758,109.18966,267.4088,237.66418,-151.70908,292.9082,335.83072,129.73885,274.5376,248.719,-135.43405,378.8295,593.4103,-59.983616,291.3166,592.3734,59.967392,335.04672,325.8494,-129.74644,163.5278,341.03854,17.26904,178.42018,559.36975,-207.6556,120.61791,564.38477,-114.617935,170.03024,601.62463,-210.18066,132.45473,602.36163,-128.86874,80.63814,594.92487,-272.08536,61.256382,608.5077,-205.06781
image_030.jpg,150.48674,98.56344,18.416758,150.53407,89.72132,37.442604,154.11736,89.76348,37.527176,157.78224,89.6075,37.589718,140.24727,90.512184,23.777124,135.80644,91.113594,23.75307,131.45708,91.76854,23.782358,159.14175,100.2897,119.28969,124.220726,104.74681,63.30416,159.26491,114.297874,47.764828,144.01494,116.10629,30.818842,209.47853,164.68167,148.15732,98.97222,174.9653,-4.213477,294.02997,185.4058,92.642555,124.20046,199.2506,-145.92847,346.99973,153.60628,-37.220512,212.16742,164.89207,-229.82512,366.648,146.8552,-67.43671,233.56659,165.42253,-254.876,356.2085,141.69081,-79.75852,239.07222,155.52838,-256.5947,346.866,149.34995,-50.750004,232.50426,162.40501,-231.6279,249.57944,307.0615,45.57776,193.58775,329.97864,-45.33671,354.1156,286.72202,-104.32728,319.0722,290.05435,-196.99695,440.98282,454.38235,-118.98246,411.9632,472.20612,-248.5335,435.0698,485.8117,-122.738106,406.5095,500.11862,-251.57378,513.50867,496.37747,-172.711,497.73093,520.68097,-298.76776
image_031.jpg,129.82927,102.0675,2.2478287,131.68703,93.51586,22.381123,135.96304,93.06195,22.483347,140.30823,92.41621,22.553587,119.98891,95.445114,12.841484,115.23404,96.39958,12.811254,110.58189,97.43385,12.847267,144.39934,101.644135,112.01796,105.55192,109.200645,75.30565,140.96576,115.18991,33.437172,123.902405,118.5307,22.464336,191.64691,152.9001,148.41301,88.2377,172.33138,19.308493,273.6586,150.49297,76.93453,115.77209,187.61166,-109.51347,315.42245,108.8732,-49.408257,192.36041,135.59479,-181.89876,334.87775,99.59383,-76.47625,212.36304,130.73549,-198.29366,323.5453,97.73366,-82.4411,213.94391,121.92062,-196.33267,314.79413,106.67977,-59.701485,208.43733,130.00226,-181.30972,229.9857,285.84183,39.742207,175.02975,308.9769,-39.782776,325.03235,271.50403,-116.63012,291.48337,266.55682,-170.93518,412.64148,453.97427,-145.82654,400.72324,444.51422,-243.76588,408.1911,485.89114,-150.91006,399.4875,473.12006,-249.27014,482.64566,502.71854,-209.56879,486.48587,490.0792,-302.10333
image_032.jpg,132.99081,97.78517,3.0673919,131.53593,87.788155,23.649282,134.82281,87.27839,23.69925,138.2079,86.60222,23.705069,121.5333,89.7024,6.266428,117.14253,90.610306,6.226287,112.82206,91.59048,6.1176643,137.40367,94.586555,121.44841,103.99763,102.37209,50.50582,140.75099,110.079414,37.598984,126.16046,113.33872,17.127573,180.46495,152.77245,164.61247,84.5418,164.32132,-6.6279674,239.28127,178.58846,69.07481,140.07845,170.0053,-116.38507,240.13919,125.821075,-105.40309,209.26883,84.68445,-157.95198,245.83038,114.975006,-138.32039,228.76062,70.1779,-179.78487,237.24884,108.1009,-138.70543,223.19055,61.727283,-173.51685,232.70653,113.84944,-113.890945,218.49031,70.060295,-154.81673,223.73288,293.19995,60.04061,175.40318,315.17712,-60.00815,324.61844,254.915,-39.72046,288.60535,255.84245,-146.99507,419.55487,419.33987,-30.42409,391.0073,432.55045,-170.69629,416.30505,447.99088,-31.815025,388.0149,461.75433,-170.23087,484.10046,465.67795,-94.33878,468.8343,475.1399,-226.88524
image_033.jpg,140.90883,86.54546,-6.515097,142.45999,75.62207,13.594382,146.78726,75.12142,13.645592,151.19055,74.448555,13.656936,129.97684,77.44041,0.06611088,124.78046,78.28231,0.020888101,119.64862,79.20525,-0.010414378,152.83745,82.66299,114.10377,111.306984,89.83988,59.077217,150.53514,100.00626,28.837662,132.93297,103.10068,12.9164095,193.27151,138.63037,153.54604,89.55372,153.8421,8.473913,258.69727,149.89195,35.415066,151.80754,154.08194,-84.8936,257.81363,89.874596,-144.32465,219.03052,78.54241,-107.837685,265.494,77.2324,-180.64023,239.07957,67.00318,-128.73825,252.79243,72.19923,-179.17287,235.85591,58.7492,-125.024124,247.30473,79.7777,-152.31924,230.7639,66.715485,-105.92472,236.12622,279.97083,49.862885,182.09807,305.41962,-49.86166,331.32843,245.57205,-60.287464,291.1798,248.56708,-142.39417,434.66614,400.92117,-63.93416,391.70767,412.42654,-165.3412,432.5712,431.3878,-67.07449,389.89386,440.76202,-167.03479,505.58347,439.36862,-137.37508,473.47205,449.2123,-230.30046
image_034.jpg,154.62337,107.77732,-153.01688,157.28867,89.68527,-139.96443,163.17921,88.72597,-139.84032,169.27354,87.579155,-139.84515,141.31088,91.992065,-149.57994,134.25513,92.462494,-149.5351,127.28882,93.01516,-149.33797,171.7169,93.12747,-30.211208,114.717155,100.68458,-68.760086,165.7239,121.05001,-107.820724,141.90279,124.17217,-118.99628,201.07048,155.49336,59.60185,81.73895,163.83682,-89.11522,283.74454,210.47325,10.707855,104.32669,244.7404,-177.28514,373.16626,244.73856,-90.71894,189.67305,296.52835,-290.06046,412.7287,261.5343,-101.211365,203.92584,328.9723,-322.66782,392.94327,264.1921,-130.56279,228.34776,316.09244,-335.31134,373.4491,264.79883,-104.936356,223.9911,311.86636,-293.38098,194.14505,332.52628,54.412777,130.82222,354.03177,-54.3048,321.56302,296.3679,-145.24493,251.47118,324.4726,-280.80325,410.10507,479.5658,-168.9694,364.01654,505.94846,-276.881,401.58765,514.8781,-171.91493,367.6735,533.6051,-274.68823,498.15686,526.5171,-249.12639,448.17834,558.93176,-362.45865
image_036.jpg,228.59164,165.18619,112.402054,238.26768,158.84836,120.58635,240.97002,159.50645,120.55196,243.79964,160.02898,120.433914,230.18887,154.48102,110.13171,226.91615,151.39886,110.13949,223.61755,148.45522,110.16521,241.36769,153.05229,159.13815,212.15785,137.12057,111.99954,222.60255,169.65886,125.40598,214.09763,163.16263,111.441826,231.583,165.33171,140.0114,149.82242,133.95453,76.91329,282.039,150.87503,138.65018,174.03903,131.24777,82.60353,246.27226,100.79423,111.39625,235.03119,110.93315,192.0948,233.26836,92.27743,93.09885,252.06888,111.70808,202.33563,225.65674,88.522934,113.585396,251.31628,104.4479,209.15451,227.49063,90.71765,117.8251,246.43567,103.873505,198.52036,168.84111,308.6587,34.37131,118.84251,298.92236,-33.648735,282.81186,299.9372,32.396797,216.86305,292.6751,-128.47757,325.13177,326.72784,-124.4606,302.9068,334.1543,-105.279625,323.79004,329.44666,-136.7719,307.31982,341.5641,-99.072655,343.55502,342.63507,-164.52266,345.27548,349.06268,-107.5512
image_037.jpg,298.69846,136.02722,-122.60336,311.2046,125.72189,-121.06333,316.6061,127.10662,-121.06234,322.05835,128.44904,-121.08074,297.96295,120.331535,-122.502495,292.99643,117.18103,-122.531685,287.98492,114.1428,-122.787384,329.41318,125.603935,-64.130264,281.59848,105.43664,-69.20632,303.08472,144.42238,-97.5786,287.1022,137.27625,-99.02834,347.14902,145.58098,-47.802094,232.71317,113.836395,-39.59668,351.01605,168.51286,-95.189476,175.6815,150.60016,-84.42449,315.25467,111.28247,-193.73296,221.94415,133.26294,-117.42034,301.87125,99.283646,-212.52591,235.15857,131.88403,-125.37601,303.49493,87.051346,-198.36574,241.1965,120.86834,-114.086975,301.96182,93.03391,-189.6734,240.90498,124.084816,-112.857216,261.9906,298.61902,-2.5633953,197.05849,278.85382,3.096231,267.61758,311.05698,25.12874,162.42369,296.16202,47.004017,229.45073,337.69998,78.97713,159.57625,325.09146,160.80466,221.75545,341.7338,84.122986,164.08878,332.3667,169.62909,204.83553,360.31723,56.902283,138.82553,350.40625,153.26468
image_038.jpg,287.48816,198.87161,96.14192,295.47543,189.42844,101.2548,295.81018,187.56908,101.155754,296.28934,185.67102,100.959564,290.96274,189.40869,72.65611,288.3575,186.969,72.70479,285.75735,184.61351,72.65112,287.5293,169.22424,126.08122,272.33054,166.41473,-4.175465,276.15573,194.56996,109.34647,272.52536,193.22015,71.32309,230.80862,176.8261,153.75241,225.84853,161.67143,-51.559715,262.08765,204.47803,235.49373,296.63617,206.51804,-4.067465,285.60757,161.6687,235.9691,335.4726,176.6496,185.6284,284.37756,148.56064,253.80078,340.6914,166.1867,208.9026,284.18478,144.47206,242.12282,332.57227,152.95659,222.0819,286.71613,147.01494,234.59657,330.98102,155.20375,198.8475,159.99832,358.86813,80.96765,152.43263,355.0466,-80.48741,317.61105,266.82025,146.75082,286.70285,261.8308,-78.84175,323.3044,356.80182,107.15856,314.4627,356.12997,109.90146,312.82056,370.96835,103.621574,297.25574,376.1944,135.06497,348.23364,350.99258,104.43998,367.2764,344.1357,202.4481
image_039.jpg,325.657,161.08807,-82.96949,335.05804,149.46674,-77.95491,337.61774,148.93967,-77.966446,340.37592,148.32469,-78.017586,326.287,147.37706,-97.88057,322.65353,144.78908,-97.77071,319.02164,142.26955,-97.62397,334.36542,135.93468,-28.309954,305.54373,126.98723,-115.28649,319.42657,161.8649,-62.183506,309.8949,158.29866,-87.39325,314.7,145.67018,38.696426,231.82822,144.11873,-172.27034,364.51355,222.363,31.506588,278.26367,248.61952,-190.30682,416.56122,281.3349,-57.49879,358.74173,270.68118,-113.73247,436.25052,298.31012,-69.41929,379.94095,285.60895,-127.60114,432.84094,301.6969,-100.46504,380.39566,269.79968,-128.19023,420.06342,298.80396,-74.62054,374.64975,263.47107,-112.09865,239.30727,302.5704,73.56201,194.38318,311.55222,-73.49442,348.44965,226.36272,27.1761,353.26578,235.70412,-157.47504,402.10114,351.1373,-54.964336,452.02997,374.1372,-199.29453,398.83197,373.45074,-65.56276,451.90857,402.31613,-201.13515,444.72757,375.91733,-116.035576,528.0431,394.23203,-258.27982
image_042.jpg,270.09113,156.36922,68.8691,276.94522,149.5859,68.94879,277.1988,148.6278,68.94305,277.591,147.64883,68.7507,274.32535,149.09068,49.83062,273.10706,147.55833,49.88734,271.87906,146.11363,49.82732,271.67514,139.87015,77.0345,264.10965,137.28777,-10.233883,261.26367,155.97243,74.31958,259.1395,155.00343,49.30915,227.41048,143.42004,82.06485,224.77782,146.75072,-48.173843,229.41791,155.55411,132.70552,234.00505,170.31186,-8.449834,256.2543,110.88042,156.95541,251.53036,107.88989,127.9259,260.18484,102.48153,159.00288,258.30905,98.32994,136.39249,258.1589,97.2677,159.52565,252.24445,86.55149,131.69722,257.56412,100.24598,157.37411,248.71648,89.91314,129.65819,132.14885,276.8726,59.910934,127.057495,283.75864,-59.524837,272.1649,235.4974,101.748634,263.28748,232.61896,-57.39779,307.01645,302.67108,29.881975,295.1177,296.03076,48.34736,301.08517,314.19904,22.519028,282.9897,309.785,62.046486,337.80197,305.1687,5.092704,343.69626,291.0715,84.447235
image_056.jpg,103.75784,45.534767,25.730179,102.125084,40.936543,31.407244,103.07554,41.003494,31.512499,104.07689,40.992046,31.453512,97.64579,40.847786,21.841063,95.43446,40.831356,21.789097,93.254105,40.84576,21.68145,98.747375,42.926662,73.43752,84.39933,43.923183,32.188927,103.18995,51.871704,40.210888,97.98739,51.60199,28.304245,111.373985,63.732056,80.06972,63.64273,74.565865,38.183758,138.49199,70.551575,47.341835,89.62243,76.9291,12.527669,108.68068,48.79235,-8.286527,72.3651,41.82029,31.50817,102.07468,43.34134,-26.608732,69.55964,33.370255,36.79531,96.49811,42.98497,-12.205248,64.5396,33.43449,34.82201,97.27062,46.44759,-6.222388,67.58848,35.880764,32.261715,142.05621,129.69998,27.158035,117.07763,140.3047,-26.819902,181.34767,58.31107,12.4809885,150.64272,62.35292,-49.945683,226.54114,113.81323,-37.213295,211.26697,129.97856,-94.30631,223.55501,130.18465,-42.99354,208.60295,148.19551,-95.220085,264.0064,120.732796,-74.17569,257.68936,139.64867,-109.67843
image_057.jpg,194.45486,57.254917,59.086803,198.33635,52.51975,62.47302,200.2759,52.056892,62.49657,202.27274,51.55387,62.509502,194.00304,53.769073,71.9849,192.93959,53.957073,71.93694,191.82053,54.254543,71.819115,209.32722,53.32254,79.56886,195.79585,55.810986,125.98874,200.87666,61.290104,62.843506,195.33217,62.450806,76.02939,229.66023,77.95246,68.779686,188.03894,81.21075,133.75446,241.23341,56.97983,48.155968,154.37544,68.81883,150.9996,225.84322,53.95068,94.455894,191.34569,54.579205,142.4545,222.8714,51.70771,99.72154,203.56834,51.083355,132.01614,221.68445,57.082676,95.38709,205.72543,51.704483,142.44098,222.2935,60.291786,92.5784,202.44142,54.590084,144.6044,186.1934,150.16277,-30.085917,165.20065,145.51857,30.166626,144.51773,101.01659,-65.79072,119.99552,105.59766,-26.076544,105.599846,156.8092,-130.19366,69.532974,157.70238,-97.82745,107.32332,169.5736,-134.84566,71.21739,170.25595,-105.20929,73.222694,167.28632,-156.08974,32.395126,167.6077,-135.79147
image_058.jpg,78.65345,80.678055,-9.560291,77.52503,76.53025,-7.029691,78.78054,76.368034,-7.0178466,80.06282,76.14798,-7.0542994,73.15107,77.030685,-12.50128,71.142075,77.14226,-12.489115,69.16235,77.30016,-12.574205,78.28892,78.34305,26.987387,63.95747,80.294304,1.5140411,80.672424,84.877014,2.687582,74.87828,85.674706,-4.7586584,89.342,93.40989,46.819057,56.495125,100.8562,6.553879,102.0254,67.46744,68.52991,41.792698,71.47003,-7.842806,75.43816,71.17052,80.44556,54.705513,74.01578,33.005024,68.7812,72.71949,73.59622,55.35162,75.94928,38.199883,67.423775,75.21092,84.72384,59.656307,79.50518,37.35151,69.542534,76.04864,83.69092,60.451504,80.29309,33.166897,128.92249,139.11404,22.740234,118.48103,151.04182,-22.482592,173.86823,89.29503,-3.8690603,168.18085,91.97575,-46.102943,208.34993,140.54286,-19.162786,209.31221,148.50055,-46.354435,205.56915,152.31369,-20.760258,206.38062,160.86572,-43.929253,233.38452,144.08437,-34.466713,241.65462,151.73811,-44.4719
image_059.jpg,61.403427,30.540789,5.4379716,52.82289,27.023027,10.411558,52.271816,27.053688,10.397459,51.76179,27.00558,10.387144,51.957577,28.159811,-5.7160363,50.36374,29.125875,-5.7916365,48.783768,30.076153,-5.8535213,43.866035,34.027115,45.21933,40.581436,37.97725,-24.407799,61.04003,37.54504,19.32671,59.13988,39.38853,-0.7834406,59.300983,60.40213,81.65362,51.880783,75.81873,-45.9002,106.39651,78.42813,66.43832,113.48749,99.99319,-23.98544,92.36643,62.722126,-24.511543,97.27427,69.6078,62.304287,89.27533,61.11336,-47.514214,94.31145,59.973732,64.64358,81.18699,58.28547,-37.802265,84.203026,60.36956,58.007645,80.818665,60.21308,-25.331846,85.08602,63.50926,62.188366,121.50817,116.504616,40.824707,121.875305,130.07954,-40.807793,181.17313,64.738235,3.1606495,184.83324,66.0781,-53.051945,241.79019,107.084145,26.50198,242.94905,118.688126,-10.535763,242.69693,118.59991,28.2748,242.33104,131.95216,-3.3284483,277.4003,111.2231,13.842306,284.5469,119.20637,1.9296234
