Snipaste_2021-11-14_16-16-47.jpg,155.4064,107.63118,141.36102,142.09016,99.102684,147.30516,140.31538,99.3032,147.1383,138.46692,99.4467,147.09192,141.9186,100.55594,119.79638,138.92775,101.791435,119.76753,136.13095,103.02649,119.63251,126.601585,110.335464,159.0873,123.68819,113.71277,37.29774,155.15875,120.34167,149.04564,152.80344,121.739334,113.45391,140.85619,163.75052,201.0364,141.44795,161.94827,-27.29227,186.37949,112.65254,348.43234,211.28268,101.65637,58.038364,135.12021,128.86993,440.3828,135.77298,117.61243,233.68784,117.56484,136.19438,438.76904,111.11228,122.190475,243.8196,114.98065,141.27478,447.0044,107.85795,137.31238,233.54672,120.74251,139.08229,441.22824,118.42335,138.60472,237.1773,344.88898,193.2678,83.23592,351.22644,214.72263,-82.98319,441.72458,86.59835,42.013874,489.5035,68.71898,-120.02043,543.1708,200.40675,121.32961,566.1572,212.24232,-144.34085,541.91754,233.18028,124.0681,555.89984,246.73816,-141.31183,615.87445,208.75346,103.25835,641.64703,230.94678,-139.55716
Snipaste_2021-11-14_16-16-56.jpg,139.02812,93.16691,144.79181,125.61044,84.85596,154.54456,123.24316,84.86515,154.33849,120.81419,84.79355,154.2482,126.44607,86.93753,121.73877,123.6953,88.42738,121.73095,121.1045,89.917496,121.609146,105.58137,95.2457,172.15231,106.21359,101.05562,27.70136,135.9252,105.6731,153.41537,135.01117,107.68941,111.55576,114.021805,149.53537,213.9824,116.8997,151.45567,-47.8393,166.83374,105.946724,350.2291,196.58981,103.12714,16.599764,114.454445,112.17328,412.6121,121.01546,105.62126,190.26605,95.658554,114.67113,413.07678,96.62803,105.40512,204.22287,93.21053,118.91372,418.26788,89.75601,120.17076,197.1932,98.914215,118.84694,411.9839,99.7949,121.78832,195.44263,309.34238,189.2206,95.60147,314.3047,208.0725,-95.388435,416.25803,89.485275,56.10448,448.18503,71.45595,-122.91029,511.23013,197.43047,139.39383,527.1556,196.10136,-126.77769,508.4107,226.13748,142.37213,519.60645,227.2634,-122.16849,578.84174,209.23724,113.92821,595.8838,212.93138,-123.82143
Snipaste_2021-11-14_16-17-09.jpg,136.08714,107.61146,49.835938,118.513756,109.71195,51.089024,118.70711,110.0477,51.06068,118.80022,110.27947,50.943493,114.46018,112.48982,19.203531,111.070076,115.27282,19.090208,107.78725,118.115166,18.75662,113.48031,127.59205,97.30118,100.09148,138.02483,-44.64575,145.50018,119.21021,71.69413,139.5135,123.772964,30.745895,170.87419,149.58633,176.27022,141.69682,179.53009,-79.12397,204.34726,90.95302,269.25623,163.29213,127.10711,-149.87628,152.21368,113.8637,290.214,112.562614,128.62804,-105.57234,140.7736,122.55763,289.08734,93.72202,135.56221,-111.77859,134.7954,130.50958,303.40866,93.002075,140.73529,-97.10351,138.1693,128.83687,293.27582,101.22824,138.01411,-99.879555,377.82767,159.79138,87.910484,385.894,182.1709,-87.42705,497.01245,63.08851,63.02904,518.8999,30.842407,-140.25346,588.78577,169.61417,119.436905,600.607,185.59598,-145.35149,584.7521,195.04965,123.17493,587.26965,222.2886,-144.31905,657.24603,179.76791,93.90858,680.42456,205.4737,-168.48676
Snipaste_2021-11-14_16-20-09.jpg,137.46365,135.2024,7.577703,122.85488,136.44638,18.45954,123.7631,135.46585,18.5345,124.614136,134.32259,18.33676,118.562706,142.39891,-15.108443,115.819855,146.50145,-15.08815,113.239624,150.6768,-15.289818,126.42964,151.26006,93.62107,112.86201,173.22684,-57.5321,151.58441,145.0501,38.075626,145.64307,154.29028,-5.430634,194.78343,175.55754,148.82933,163.166,219.44507,-98.65743,184.57227,140.63147,253.00066,106.42049,176.01859,-141.72267,144.8674,160.46056,269.4909,96.98929,170.88922,-21.707977,136.6916,169.66573,258.28253,92.647575,175.63968,-20.674097,131.58157,175.17326,268.0771,99.52584,177.58952,-15.334908,133.16193,174.68721,268.13968,103.30345,177.14087,-18.86377,424.19083,178.53978,85.080956,427.5398,212.46454,-84.53898,569.37384,66.552475,64.45817,569.2884,88.89306,-125.91794,650.7795,190.56802,140.10382,655.414,226.18837,-85.70303,642.7941,219.9487,148.5071,643.7279,262.2975,-78.26006,721.6142,196.57494,126.282974,744.2822,224.16113,-115.87683
Snipaste_2021-11-14_16-22-41.jpg,651.0361,150.49185,24.498459,663.7995,157.84836,2.7378564,665.319,161.15181,2.7712572,666.9242,164.60092,2.834997,662.8236,153.75264,39.518356,663.8413,154.31334,39.64383,664.59875,154.81615,39.499622,666.4312,186.30893,-54.179504,666.2723,171.76105,121.36426,642.3953,167.47815,1.2840983,641.19305,161.99062,50.76081,613.63763,233.82909,-75.96518,595.51794,196.43704,194.88495,698.62305,244.70438,-131.40695,649.10034,182.17511,466.44568,672.724,227.77054,89.64586,659.9675,194.44159,665.4236,670.525,222.85591,132.98979,665.1704,192.57948,680.8868,658.32263,227.54678,134.00542,649.7401,201.77373,689.26184,656.92596,231.13548,95.38338,650.7002,203.17575,666.8669,393.9812,225.49493,-113.57975,386.84967,198.80101,113.60274,272.20917,110.62148,-117.9676,263.14297,82.55515,111.22822,165.21391,234.44038,-96.41495,161.20505,220.38737,93.243355,174.71039,269.57974,-91.94826,170.36777,255.30826,86.231705,77.39605,244.77147,-120.38364,75.958534,237.37129,43.030434
Snipaste_2021-11-14_16-22-49.jpg,643.8778,111.1293,15.397815,657.02277,118.31552,-5.1149745,658.82,121.74928,-5.107695,660.6984,125.33323,-5.0759444,655.0579,113.93577,36.12866,655.6209,114.37867,36.279057,655.8974,114.80237,36.04404,659.65656,147.06831,-62.706276,656.0907,132.19885,132.31763,634.24786,128.41626,-8.906333,631.9423,122.76918,46.197613,601.54364,199.10547,-90.78046,580.591,157.7936,212.3255,689.1294,208.60077,-130.81067,640.3042,148.8002,512.9253,675.6496,196.14003,143.37686,669.2612,169.53424,722.821,678.4289,191.12979,196.8678,678.0586,171.78258,737.21094,665.9018,197.0573,192.66281,664.98413,180.34225,748.4224,662.3445,201.03204,149.27388,664.37585,180.89113,725.04565,388.64365,194.66197,-128.68181,379.20697,166.57494,128.60461,270.39554,89.3109,-133.73058,261.93216,47.75445,130.82645,152.49214,199.31024,-110.36403,158.66373,182.75499,116.177444,157.45271,234.49182,-106.08196,165.46025,219.32294,107.50181,67.43715,198.95992,-140.92798,76.390724,194.65051,64.30057
Snipaste_2021-11-14_16-23-05.jpg,699.5717,177.48192,145.93369,731.76495,175.5894,114.13396,737.89966,180.16693,114.06835,744.11365,184.8607,114.00279,722.7062,169.47374,156.85674,721.9954,168.64516,156.7301,721.20905,167.78032,156.38206,762.6776,211.49037,40.92631,734.78577,187.01482,238.41895,703.4108,205.18297,123.47359,691.0917,195.30235,180.63792,731.21075,275.6784,-19.102612,665.9874,266.7228,292.39,699.8445,246.14261,-78.1753,539.70483,221.42615,400.41623,736.3423,220.5711,43.888485,506.70386,267.53677,417.44846,750.24554,209.66513,58.824455,495.18088,278.01135,402.36868,753.422,219.23329,57.502365,505.07138,289.03983,425.35764,745.37915,223.85841,45.927517,511.69824,291.0926,422.94144,373.3045,289.14328,-130.26512,358.63156,281.4303,130.05423,163.9016,104.8725,-167.53212,146.37134,139.82321,70.90854,58.96496,284.13245,-62.46097,74.43411,333.56415,196.93056,71.59638,320.92563,-50.200027,85.42556,372.363,207.287,-36.528175,303.4844,-106.0788,-6.3800373,358.398,151.82391
Snipaste_2021-11-14_16-23-20.jpg,782.73535,228.43056,85.97267,813.7577,237.92549,52.47601,817.8692,244.0602,52.550316,822.05615,250.37334,52.53513,809.2259,230.73029,99.332245,809.6751,230.00313,98.82582,809.98987,229.20247,98.69912,831.3594,284.61792,-9.033901,818.64606,256.28183,207.39052,774.7908,256.3705,69.34762,768.2734,244.96204,130.95253,762.7711,348.50943,-103.05842,703.78546,292.02292,292.7288,710.0749,340.4184,-401.86987,537.56665,306.2521,360.75363,789.4431,280.17947,-593.9817,413.0496,281.05447,337.60495,811.38165,273.01196,-634.5498,372.1977,270.3672,341.98093,813.1599,271.9999,-605.4565,379.13507,275.43814,323.66794,802.2578,271.04456,-588.58655,398.55594,282.85098,324.68417,377.08252,321.09802,-136.3581,373.5867,276.4634,136.51373,156.08737,130.50928,-212.2896,148.6322,112.41957,46.06867,36.760998,307.33377,-55.37364,47.37339,327.8011,224.69547,47.07836,347.72202,-38.580624,57.59671,371.45563,239.99078,-60.820343,315.24286,-80.32433,-53.137608,348.66,198.0029
Snipaste_2021-11-14_16-24-04.jpg,175.67241,224.17209,-50.571278,157.49127,232.6086,-36.07838,157.82079,231.44325,-36.071568,158.07603,230.06395,-36.261875,155.22803,240.48593,-71.82841,153.48602,245.96349,-71.82477,151.93074,251.4568,-72.11314,163.27043,249.03294,60.331608,157.1427,278.61127,-98.060486,194.95824,230.08281,-12.814404,192.10622,242.31595,-58.664104,267.35217,233.51718,135.68513,242.71684,320.16446,-125.20804,280.46768,128.11717,200.20685,219.45471,275.28748,-184.15855,213.51944,194.94783,237.34413,165.43747,267.10733,-22.607477,198.0934,211.38972,229.7161,149.40448,272.3614,-10.074854,195.6282,226.19585,267.6956,155.73015,273.26355,-5.3025813,203.90952,226.59595,247.3112,165.97273,271.2021,-16.955704,538.11444,222.22942,86.626945,543.98676,279.44162,-85.94642,691.787,88.25526,58.858784,700.3047,121.19056,-168.2424,801.4866,245.51042,215.44691,844.9066,287.67737,-94.01871,798.62616,279.49683,232.67343,844.51666,329.50812,-82.47592,873.82574,255.70367,248.81778,939.25574,295.425,-111.3608
Snipaste_2021-11-14_16-24-25.jpg,108.95061,222.0075,-91.02172,95.8069,228.08092,-73.47199,97.00308,225.82878,-73.44703,98.11713,223.33919,-73.71308,93.433266,237.84772,-106.45269,92.439095,243.87167,-106.43593,91.668724,249.96548,-106.63022,111.75461,237.14993,34.333626,104.7769,274.2726,-113.976265,132.88136,223.58612,-50.519745,129.66501,238.9092,-93.19511,221.3935,220.50894,127.80237,204.25818,313.70584,-141.54688,213.39383,131.24103,244.92375,177.34697,261.79962,-163.65065,161.11438,203.5201,352.48022,128.68173,274.21518,50.042942,149.12338,222.11893,353.57858,112.16274,285.546,69.70478,151.366,240.56194,390.73898,119.1699,290.35,68.06528,158.64165,239.46683,363.39838,128.05936,284.57294,53.168034,499.84012,215.2181,91.7392,506.57214,275.36728,-91.09613,656.4371,84.49115,74.962776,670.3784,120.7162,-173.78516,782.9208,237.38268,205.75389,816.00903,282.51315,-66.05755,782.12573,272.07303,221.87065,818.0681,320.87387,-47.57259,863.94214,245.12346,231.56842,912.5406,293.45297,-52.163963
Snipaste_2021-11-14_16-25-27.jpg,676.5675,136.4836,23.974451,693.70624,135.09564,1.1680965,696.02783,137.86072,1.2375077,698.3587,140.70358,1.2323688,692.6215,131.90034,31.771168,694.0266,132.18254,31.841776,695.26526,132.45277,31.749762,706.0578,161.68893,-63.05746,703.2448,148.78389,82.79445,673.5725,155.73666,1.6655806,671.31146,150.965,44.062443,662.7828,226.73573,-105.548325,665.3441,189.98268,139.31903,618.995,148.04253,-126.108055,639.9411,105.36508,302.94043,694.4225,167.40799,-22.085548,704.62915,127.9375,378.91684,714.7367,170.12094,-13.567362,723.16254,130.58755,376.0088,710.7218,188.31229,-33.79044,723.69855,143.54404,400.5334,704.0804,187.41978,-27.875208,716.3644,144.43332,384.43423,436.7583,237.59859,-88.226685,443.9579,213.4125,88.362724,276.83206,119.50485,-119.06606,290.8861,138.45102,64.36232,142.13083,224.78885,-97.31416,146.19415,211.8814,90.159424,142.9615,255.14,-92.750885,139.33722,237.21248,87.53447,51.817036,221.44797,-136.16348,63.745296,199.5936,27.611097
Snipaste_2021-11-14_17-07-38.jpg,130.22151,127.419304,-7.293555,120.274414,128.24385,-0.9921521,121.017624,127.66983,-0.9445326,121.6969,126.95592,-1.0326279,117.41001,131.25607,-19.742702,115.63305,133.33217,-19.858871,113.9723,135.49399,-20.26744,124.02585,135.00249,52.444878,114.48745,146.26543,-32.842403,140.19246,131.12944,13.227295,136.1841,136.33443,-11.060736,175.50464,137.2319,97.138954,155.20026,173.97386,-63.381413,170.12125,106.92841,191.158,116.961876,139.03082,-132.07047,132.21829,142.90657,239.5984,85.21118,146.18358,-104.42235,123.91777,153.89,234.62434,73.3603,150.74251,-112.14112,121.38626,160.86923,248.85054,75.355705,153.65646,-108.185455,123.10523,159.05959,242.8718,81.61124,150.65105,-103.3312,347.57745,137.52252,61.053978,352.5808,164.97295,-60.680183,434.0432,22.637184,46.784164,434.08206,37.626568,-77.77572,489.03827,93.93961,108.27582,479.67862,135.23613,-18.978077,486.9703,111.07028,115.63931,470.79514,159.02956,-8.991935,529.018,96.17934,114.26627,531.24335,141.07794,-0.85231954
Snipaste_2021-11-14_17-07-47.jpg,90.07524,153.88509,-37.664623,78.93176,155.19638,-30.340906,79.23308,154.06065,-30.240366,79.47742,152.76639,-30.311089,77.752716,159.34969,-47.758686,76.76308,161.85077,-47.8817,75.9281,164.42522,-48.242874,83.73407,157.8424,27.31101,79.41548,173.17534,-53.1602,101.86386,153.84012,-15.804505,100.16379,160.57257,-38.654602,145.73436,153.42212,94.989655,129.84868,188.78047,-86.95394,115.79968,103.843414,209.97762,69.847824,149.84433,-117.97785,76.62924,151.94177,296.97675,53.049988,166.32533,-14.639878,68.72386,163.94275,295.5378,45.988815,171.60335,-13.10511,70.063034,173.90826,315.4208,53.199753,174.4477,-15.476685,72.92262,172.22878,303.19934,58.996475,172.09218,-14.995069,317.38922,146.09244,66.70989,322.55066,169.16022,-66.4605,417.83914,53.89826,61.20185,427.41492,50.661766,-91.09021,469.58704,103.17621,137.3002,453.27362,139.71854,-13.162368,471.82495,116.346176,145.72372,443.07288,161.12616,-1.7273325,503.0973,93.75106,140.40076,500.20038,141.51718,7.224837
Snipaste_2021-11-14_17-07-52.jpg,149.78026,124.50717,42.899696,138.31754,118.02861,41.182346,136.98637,118.47983,41.06866,135.63155,118.84222,40.857906,139.54568,119.38869,21.641634,138.28185,120.74211,21.642561,137.13033,122.11546,21.584625,129.56212,127.49745,48.457146,130.50438,132.14459,-41.1448,153.36714,134.3789,49.678703,152.92896,135.26964,23.679089,151.42244,176.34023,86.67042,156.60477,160.99486,-81.73564,163.12927,125.84383,160.39151,172.64911,90.83942,-45.030266,109.90945,146.47997,191.6586,115.59894,114.58431,90.03553,96.0014,151.8773,188.37398,101.308365,117.09688,91.789764,94.50196,158.75703,204.5352,99.14001,126.79718,84.522194,99.137886,157.64006,197.51433,106.812454,127.699135,90.905464,333.4539,171.89963,70.0963,346.56152,174.42728,-69.64658,398.4681,75.93905,101.497345,433.58484,55.553932,-63.343296,450.0629,135.32178,147.19063,448.61316,160.07314,-7.7267203,453.55334,152.5808,151.18181,440.7187,185.13898,1.5172744,483.95816,128.291,171.34888,483.8887,168.94485,45.054104
Snipaste_2021-11-14_17-07-58.jpg,129.9228,123.73336,-71.14363,118.723595,116.95771,-66.886986,118.23545,115.344475,-66.90685,117.71363,113.610504,-67.0764,117.65512,123.791504,-84.16056,115.87953,127.01206,-84.20603,114.221504,130.24225,-84.49814,112.94633,120.826645,-15.833062,108.06422,143.78514,-96.4301,135.84346,130.28287,-50.905155,133.21013,137.85881,-73.86547,140.8637,138.11253,31.474714,140.72015,190.79156,-112.50423,141.99335,69.94242,59.849144,118.19316,135.51166,-208.68576,83.26601,123.41605,21.778658,65.59102,145.49583,-195.15974,69.89194,141.83888,5.783265,50.497707,148.41994,-201.05644,65.35636,149.40286,23.520323,51.76558,152.86066,-190.16164,71.158035,145.3709,27.427916,58.33268,150.1145,-190.84042,323.42334,141.01111,63.895752,340.1895,172.8345,-63.58218,397.6946,50.172688,102.53798,432.7559,50.193405,-68.41339,444.35413,104.875374,161.81825,440.60852,142.51506,10.729699,445.87408,120.250755,168.59573,431.28854,165.46149,20.776815,481.89032,100.81385,166.65541,479.76385,151.3016,37.931686
Snipaste_2021-11-14_17-08-56.jpg,104.50772,64.48725,53.578842,96.74164,61.053288,59.829777,97.22166,60.9044,59.813446,97.66072,60.637955,59.712696,93.31849,62.890263,41.152992,90.891525,64.06643,41.12759,88.53928,65.314835,40.912163,94.12843,68.84445,96.25229,82.27345,76.30949,11.178426,109.50205,73.07798,67.99582,104.5079,75.61054,43.540794,125.7292,93.28528,123.304245,97.41762,118.65156,-21.248053,127.95328,59.05992,173.42613,90.78306,74.31147,-44.291073,74.96184,79.39026,182.96545,55.675606,72.41724,5.34175,62.066536,85.281876,170.13567,44.620796,73.16713,-0.10407254,57.574047,91.052055,182.2662,42.506744,74.84077,-3.5057187,61.34036,90.44635,183.94072,48.409565,74.91053,5.0609846,254.65747,137.42966,57.250294,252.31679,161.5063,-56.843014,337.66083,80.99935,48.970165,355.1534,95.730194,-99.030136,397.3359,145.86104,94.81442,409.7986,203.88239,-103.78638,398.83926,163.80826,97.62044,404.15802,229.12645,-102.03382,429.9801,144.26123,78.40687,456.85583,208.2823,-118.93209
Snipaste_2021-11-14_17-09-04.jpg,75.32349,71.328026,12.699416,68.549385,65.82941,18.761799,69.80355,64.65899,18.75116,71.032455,63.376446,18.627188,63.702225,69.74907,4.6987004,61.05243,71.554535,4.6781883,58.45551,73.41803,4.5112605,69.8943,69.42405,65.60749,53.609882,83.74485,3.041995,82.1218,77.65037,30.669447,75.37849,83.16891,12.79452,100.78242,83.38879,102.48828,77.177155,129.63057,-20.789347,106.783646,41.816715,130.09929,103.622,117.107155,-82.99975,59.258747,67.957886,108.42094,65.41828,87.99523,-88.90096,48.55791,76.29821,85.0258,53.362034,80.65411,-96.05244,44.932755,81.89597,101.98781,47.269203,82.70342,-95.285225,48.46747,81.40216,109.82733,53.10452,84.160194,-88.85964,234.85387,125.86389,51.8237,230.98123,157.30475,-51.39521,338.4715,81.15307,17.71994,345.15823,100.60996,-97.76622,407.47858,166.32037,56.628372,407.4672,199.1453,-101.00882,407.0212,186.96198,58.897705,403.75406,223.86633,-99.22347,453.42603,168.6706,27.955658,460.4252,200.61841,-127.49504
Snipaste_2021-11-14_17-09-10.jpg,122.45744,80.36003,-38.556713,113.66719,74.396706,-33.257973,114.80512,72.78197,-33.241734,115.89857,71.07718,-33.27284,108.623474,80.28426,-49.888786,105.81573,82.94896,-49.966923,103.0769,85.64868,-50.29774,113.86475,77.90344,25.000147,97.2833,98.20463,-50.538086,130.37477,86.804535,-15.865768,123.594,93.8164,-37.17722,144.75854,87.952675,63.570076,125.81115,144.45038,-65.157135,150.22968,25.345284,59.82093,136.69617,102.94193,-124.50944,104.70361,69.406364,-0.008885085,101.79383,88.751305,-68.67218,93.52149,83.3514,-24.176916,90.80648,87.85632,-66.58186,89.906105,89.74573,-7.3970113,88.30722,89.94235,-61.078197,95.28619,87.36791,2.7364233,93.65275,89.06075,-64.70399,292.62857,105.01015,51.124516,294.79962,141.89072,-50.969967,403.3414,64.95099,31.599964,408.63098,92.02708,-97.58145,475.91006,122.07351,90.0289,478.07904,187.23538,-70.18179,479.69504,139.13959,94.92745,479.19025,210.65323,-66.770096,513.6423,118.533104,61.76467,524.1143,188.52898,-99.57791
Snipaste_2021-11-14_17-09-15.jpg,73.8176,71.28277,-63.171383,66.03528,67.409424,-54.274727,67.23702,65.62226,-54.175056,68.42062,63.688522,-54.190956,62.230995,73.58144,-66.400826,60.36542,76.464035,-66.51498,58.552544,79.39467,-66.77302,71.640175,69.53023,11.3096895,59.148075,91.03836,-41.77674,84.72623,74.88409,-38.47849,79.47036,83.503044,-53.460903,115.62475,72.36861,42.116844,103.19467,137.11803,-51.53939,121.55476,21.938894,-26.839048,141.1846,139.32765,-131.77623,83.038414,63.414707,-112.68577,91.92048,103.55317,-141.76385,74.97234,75.03796,-140.38109,76.5353,94.3228,-149.31502,72.24329,80.63334,-121.38875,70.12931,97.23599,-141.18022,76.9674,78.66874,-110.93312,77.14591,98.65667,-138.20006,261.6682,102.47899,47.36366,258.6908,142.80956,-47.250908,372.873,62.55276,17.976961,369.73282,96.78949,-96.41766,433.817,122.38084,102.3026,437.09442,183.07031,-62.9644,433.8519,138.066,108.47417,435.90286,204.67552,-59.219067,473.64337,121.23199,74.32443,488.95117,178.77974,-100.93558
Snipaste_2021-11-14_17-09-20.jpg,71.190994,74.04571,-32.8203,67.67074,66.478355,-23.336767,69.7741,64.67844,-23.35478,71.85254,62.753204,-23.422775,62.313576,71.42899,-29.241419,60.140892,73.337616,-29.33655,58.01527,75.29794,-29.513525,78.253044,63.93945,35.85822,59.86886,81.173485,9.522942,83.242226,76.559456,-11.411365,75.61799,83.81572,-19.392118,124.891815,73.34969,85.89349,98.90104,129.5802,-10.6672945,147.58566,20.893904,34.544228,158.6687,166.51855,-49.279957,96.47124,50.469482,-23.593975,179.56615,147.2929,-54.764206,84.9214,59.35346,-49.457806,186.81273,142.0959,-59.74501,79.57628,64.70314,-26.752728,179.45601,138.29672,-66.608894,85.04561,64.56486,-19.427828,178.36557,140.18344,-55.8048,251.35991,134.94463,48.145306,241.16496,168.31229,-47.844753,348.70044,97.133026,8.493126,352.0732,114.96374,-105.271965,421.8727,176.94762,47.62231,414.46054,206.28552,-84.51564,424.49493,195.8457,48.8191,412.68335,228.15201,-80.81846,465.27676,179.02197,14.548256,465.15598,209.62279,-101.92502
Snipaste_2021-11-14_17-10-39.jpg,51.677113,174.07008,-25.935366,47.71169,173.57794,-35.23599,47.645977,172.96692,-35.240604,47.569996,172.29962,-35.304195,47.14785,173.7839,-23.593252,46.740032,173.55515,-23.608473,46.385445,173.27704,-23.628937,48.13505,166.66125,-56.093964,46.487617,167.99638,-4.0362954,55.314083,169.40968,-32.088863,54.86114,170.25728,-17.00752,68.424515,146.81146,-83.77924,63.88993,146.44646,33.633175,75.640785,143.45328,-95.853775,62.57457,125.50643,74.56979,62.234257,159.13797,-67.39769,60.18666,123.28512,96.02835,57.6711,164.51648,-76.50903,60.621292,122.25595,100.833336,55.834385,164.0498,-71.24983,59.66056,122.80871,92.068985,57.745792,161.51132,-65.08158,60.023037,123.39034,92.7365,147.18529,111.40615,-42.327854,142.14296,115.532234,42.46368,201.18791,140.70898,-31.756735,190.82397,143.76025,56.67119,251.99086,133.61488,4.291236,236.04387,137.15808,79.78283,259.0575,125.2995,7.708984,242.11165,131.61249,80.567215,267.35477,153.90602,-8.989027,252.57684,149.80011,65.35305
Snipaste_2021-11-14_17-11-51.jpg,211.4186,99.211235,-77.54685,218.0316,81.21078,-56.358753,225.15862,80.359764,-56.148903,232.34486,79.33375,-56.294857,199.18936,84.166306,-58.839954,191.66083,84.90897,-58.814007,184.11765,85.88701,-59.26674,241.21307,85.96138,54.377605,174.64233,94.354546,50.84219,225.79494,114.17427,-38.234962,199.81947,117.628784,-38.26841,280.8108,138.5368,135.94847,125.288506,153.76477,44.880028,345.44418,45.200993,183.82037,36.558228,144.6499,29.593678,273.78207,58.14853,291.48056,58.948494,84.06233,137.40352,256.9419,65.51994,285.59064,63.45305,65.66113,135.76936,249.93324,72.0585,316.2949,72.09948,64.78669,140.87622,252.94269,74.32384,299.8907,77.72625,76.11317,140.17088,271.09296,339.73264,34.138657,174.0155,355.82196,-33.615334,391.8904,364.36023,-118.957115,232.90076,394.97604,-272.4929,356.49863,487.2714,27.123476,221.16684,504.60086,-39.204193,335.52765,501.49216,41.44204,214.80107,514.6327,-12.920923,386.61523,541.69086,11.36455,241.99866,560.82306,1.9811716
Snipaste_2021-11-14_17-12-09.jpg,192.07458,95.02214,-436.19028,198.48555,79.14854,-413.23154,205.29326,78.850655,-413.2895,212.14783,78.45559,-413.55023,179.64073,80.51393,-412.85782,172.32173,80.788124,-412.65686,165.08804,81.35275,-412.65436,220.29108,86.31994,-271.46738,156.04327,90.14141,-268.71707,205.7356,110.12565,-384.12027,179.8947,111.41663,-382.9365,265.1864,145.35052,-189.81068,114.958405,150.9383,-182.06773,343.67252,39.167664,-183.204,13.164297,97.1494,-155.4915,239.8857,84.9948,-13.050706,123.731026,110.497856,58.069115,215.84282,97.96288,-5.8078895,145.89484,110.08118,93.976974,213.66109,116.13992,48.8124,152.211,125.96644,124.79585,223.5527,117.57539,10.46664,144.55066,131.87474,77.77101,254.75179,345.36774,12.49245,159.56644,354.72873,-11.56065,352.04333,328.91486,-386.80948,123.62032,376.90933,-405.08136,311.45184,446.51514,-230.06728,115.91493,454.04788,-220.29222,301.531,458.79202,-210.20541,116.96362,458.6419,-196.50023,312.29398,481.41342,-263.39212,110.155205,482.003,-217.55711
Snipaste_2021-11-14_17-14-04.jpg,151.6854,73.049126,60.072796,157.06216,68.65025,54.023663,158.63092,68.56417,54.046124,160.2472,68.49127,54.01451,154.31305,69.235275,63.63776,153.92819,69.45061,63.60785,153.49197,69.730064,63.50665,166.80052,71.26042,38.770973,157.87454,72.48069,84.32362,155.07513,77.79917,54.959442,151.70859,78.41394,68.22825,169.64383,95.58572,11.182022,152.66122,98.75904,99.23361,139.73767,77.5541,16.68635,117.2786,82.10772,133.3891,141.68207,68.435646,75.370804,135.78813,72.38803,139.63849,142.40645,65.43069,80.11953,139.70595,71.264046,138.7341,144.594,67.92312,74.87971,144.2049,72.40116,143.43384,143.11649,69.826,75.00714,143.07497,74.4718,141.03763,95.5671,152.77457,-33.841763,90.73488,152.04964,33.93922,71.43768,79.38083,-25.621204,61.55225,79.91466,44.602795,24.881151,87.18952,-43.9381,18.05191,96.587395,-7.374152,21.030231,98.01335,-42.810753,16.196066,106.35209,-13.273431,6.5364265,68.14972,-37.170704,-3.5679653,85.062294,-26.759502
Snipaste_2021-11-14_17-14-10.jpg,148.17015,63.98031,40.817917,154.86322,60.591423,34.967167,156.86626,60.92481,34.989765,158.89735,61.28976,34.993526,151.44876,60.479748,45.088177,150.93965,60.557346,45.04925,150.38333,60.654747,44.970783,166.53096,66.60558,22.941523,155.3742,65.22985,70.47605,152.24094,70.570244,35.7336,147.93933,70.25305,49.559322,164.35567,97.79982,0.7743823,148.88983,87.36019,83.70913,125.65612,76.590485,18.04619,110.89086,61.050484,100.52125,139.3722,62.49366,90.41486,130.38934,62.69606,88.76873,143.18062,56.32691,100.18774,134.33676,62.531334,86.65328,145.66756,61.63476,92.39794,138.91374,67.04575,97.48145,143.65704,63.734245,89.51944,137.80577,69.47744,92.23853,85.94274,134.07664,-33.575634,86.093636,124.74839,33.762257,40.352356,65.90192,-60.563988,63.318535,58.105835,50.96727,34.391045,94.211494,-0.632923,34.766003,95.88937,37.81012,39.329052,102.47149,9.758433,35.16726,107.981995,37.023567,20.282108,92.00851,35.904404,14.247279,90.447624,39.30293
Snipaste_2021-11-14_17-14-31.jpg,202.83725,127.30372,465.77216,216.01062,121.71683,509.6451,222.95215,124.51812,510.06174,230.13496,127.014015,509.98596,194.97913,116.11844,515.5448,187.95874,114.3487,515.8768,180.75887,112.739006,515.05865,239.1689,145.12343,655.40497,168.16444,124.738655,687.4346,211.89098,154.50496,507.64355,185.7286,147.10565,515.09296,262.67242,247.75403,614.94934,106.83756,204.2582,615.34515,337.20224,280.57986,410.92737,-1.003956,206.32515,336.7103,283.4971,184.69518,343.4191,94.44062,161.86719,173.17564,270.02084,150.19514,306.24185,113.722786,139.9598,149.97632,259.4737,150.64998,360.67398,130.47903,141.94397,203.61563,258.38272,163.92494,356.21664,128.65675,154.16116,196.81984,221.39081,368.81345,18.43905,108.08942,328.67996,-17.121445,312.28015,325.59747,-260.05203,42.053135,208.41344,-367.30008,200.70335,448.78436,-449.73807,102.37661,423.35367,-585.8042,175.55872,466.928,-470.93372,118.8669,457.3027,-610.32684,192.37129,465.47342,-641.3077,89.24215,462.37924,-757.0047
Snipaste_2021-11-14_17-16-12.jpg,106.52641,79.64732,165.15065,93.605675,69.58356,174.4825,93.32307,69.32107,174.31975,92.973785,68.994514,174.13097,89.93367,71.87238,144.4783,86.19068,73.311874,144.48868,82.539185,74.893295,144.2332,82.67254,79.62667,212.84558,69.16248,88.6332,80.31634,109.7419,93.088974,181.56638,103.34144,95.92435,143.0618,116.54743,131.07352,231.0691,83.36276,145.44005,7.935199,189.0958,76.56692,337.79462,182.38992,64.42172,70.15667,121.81378,80.022995,394.6892,139.38982,37.261097,243.41818,101.30107,82.968506,389.0357,125.214386,31.681929,259.95004,92.55564,88.757744,407.6578,118.78865,43.4585,244.85547,100.39894,90.07537,400.0134,126.348694,46.168507,246.33755,340.2384,194.44467,86.241646,327.31174,222.11873,-85.55671,448.38992,45.944386,72.7288,455.27103,50.132195,-134.65521,533.3718,199.83142,105.6736,525.16315,228.11076,-164.28386,526.86035,235.55415,104.74354,509.86322,266.57724,-161.79109,600.4829,221.91165,70.50854,609.7989,254.68645,-167.78685
Snipaste_2021-11-14_17-16-24.jpg,127.98998,91.80407,99.22405,118.23583,78.91573,106.96732,117.9632,78.92208,106.788574,117.662445,78.836136,106.55973,114.77948,79.96217,79.92196,111.14272,80.47671,79.9002,107.609795,81.07491,79.674324,108.00642,87.29367,145.00595,94.44553,90.79065,22.959684,128.97324,106.05414,115.19191,122.60285,107.150955,79.74317,131.98984,150.73834,177.39923,107.492485,154.21974,-30.57875,221.55994,113.34066,288.4875,197.73128,97.401794,18.99162,132.45917,102.295525,322.9814,110.14204,74.326454,165.20476,106.76226,99.09672,319.44525,86.27993,65.00926,172.56061,97.582504,102.53925,339.54694,76.98303,78.25078,152.92564,106.639534,105.767365,328.2006,87.44272,84.832436,163.68948,329.26282,242.66594,86.52018,328.40997,260.89322,-85.6882,416.07144,83.334854,90.59299,442.05542,84.51675,-91.96439,500.75232,238.22942,114.27584,533.2883,242.81549,-103.92664,495.0474,275.0689,114.72906,526.7298,283.72525,-100.85344,557.568,253.79497,101.85555,595.75977,248.92368,-93.01601
Snipaste_2021-11-14_17-16-31.jpg,128.36156,94.35122,85.80798,117.36753,84.50155,95.15666,117.35423,84.03095,95.004135,117.31072,83.46394,94.72478,113.12731,87.43315,67.63988,109.26558,89.00034,67.66256,105.48788,90.64883,67.36066,105.99465,93.25677,145.36859,90.11225,104.47882,19.516918,130.11217,108.30107,105.78306,123.103775,111.610756,69.50009,140.14272,144.43144,177.9671,102.4044,165.51297,-29.126274,206.6823,96.03048,293.161,164.39674,90.12234,-16.866348,115.50782,94.00404,364.43036,84.65272,66.389626,107.04202,92.26922,93.9677,359.40897,63.99026,59.517647,111.505585,80.575195,99.71806,383.9569,51.964413,68.21465,94.86297,86.548195,101.7551,371.8105,61.38552,71.580185,105.18507,325.5634,219.59918,80.32064,320.6054,243.68633,-79.57239,432.08075,84.85386,86.03105,441.03668,79.62641,-100.52177,511.49573,224.84282,97.00192,527.4759,235.75264,-103.89659,507.0144,257.33414,96.87556,519.798,273.26105,-100.019,563.159,236.91754,73.22357,593.5508,245.06326,-92.99059
Snipaste_2021-11-14_17-17-17.jpg,126.12915,75.09615,62.724617,128.15642,69.52752,87.94947,130.81462,69.32805,87.78814,133.60143,69.054306,87.723755,120.01852,70.81022,86.09668,116.825836,71.38787,86.247375,113.60708,72.08633,86.25917,135.73445,75.39273,189.27287,109.01792,78.81745,180.54599,131.66609,84.80374,95.71376,120.28137,86.1478,93.436104,160.54245,113.06399,179.47379,85.19217,117.329926,193.43314,195.18553,75.29496,174.01996,57.145844,61.157066,159.69624,145.29828,84.39657,278.24945,101.5342,83.547966,283.66266,135.72627,85.22964,276.2178,110.70247,88.46859,302.0088,132.75154,94.01736,305.41287,110.70706,99.2444,315.15106,134.5428,95.80566,290.69998,107.90458,99.80757,292.30917,154.2471,244.03964,5.2194095,96.091324,246.83783,-4.608379,172.45227,304.94135,-343.9804,69.86539,278.64966,-328.14462,169.16919,391.41663,-292.77338,112.9259,384.27988,-286.34186,166.96687,403.5947,-290.7118,125.40261,398.02487,-286.52048,169.30734,430.9233,-398.80234,117.90156,424.94778,-403.09064
Snipaste_2021-11-14_17-17-29.jpg,132.04044,75.517876,126.800415,135.27081,69.87663,150.88397,138.05542,69.89606,150.80629,140.91895,69.77897,150.85654,127.05723,70.68491,148.90442,123.99821,71.018524,148.95203,120.88676,71.49562,148.81444,144.04367,76.108215,239.14142,117.205956,77.753975,230.97325,137.51665,85.169304,154.79309,126.30232,85.88662,152.62628,165.54445,112.39298,251.12851,95.34378,112.00944,224.60025,195.68675,83.51407,323.04913,71.79343,66.99236,198.71724,161.975,80.52157,478.9787,103.008026,76.10731,315.98444,154.73708,77.343735,484.66495,109.4016,76.69129,328.28683,151.96794,81.171196,502.035,108.80538,83.84868,333.66843,152.749,84.80941,485.54758,107.35156,86.19239,320.774,152.59204,227.46024,11.463069,99.72509,228.28676,-11.13208,170.41237,268.4252,-329.6443,89.82769,257.96454,-314.00018,172.39299,368.21185,-416.3745,129.42853,379.9822,-417.43387,166.72261,387.27304,-427.51642,138.77797,399.66672,-431.9751,187.90546,404.8409,-527.0421,140.75061,419.83093,-539.3333
Snipaste_2021-11-14_17-17-38.jpg,118.892105,72.42735,146.61218,121.859436,67.40721,171.36343,124.39094,67.38521,171.18977,126.97812,67.2093,171.19202,113.96996,68.339554,168.80518,111.03915,68.67876,169.0657,108.06958,69.12694,169.20836,129.09502,73.32399,267.6794,103.53261,74.60608,258.9195,123.31639,81.476006,178.36426,112.90119,82.08156,176.19121,148.92987,102.09318,274.49078,78.708305,105.73112,271.4725,178.08977,76.07348,335.87573,57.525963,64.66458,240.45175,143.85115,77.24129,496.99518,97.34084,78.45919,336.82468,136.41682,73.67802,501.01492,105.820045,80.023926,349.93668,134.04405,77.89229,519.67474,106.11128,86.75765,349.14862,135.43309,81.701996,505.72424,103.16507,88.5393,339.8902,138.38985,218.38647,3.6073713,85.470695,225.14641,-3.5292141,140.2897,264.41968,-374.7419,71.50865,251.52422,-342.42764,166.75102,365.9161,-527.78864,98.85568,377.1972,-492.5428,165.7673,388.5302,-547.032,109.136185,399.93228,-513.9097,181.61086,397.03745,-676.52344,105.086006,411.44608,-639.2003
Snipaste_2021-11-14_17-18-14.jpg,126.84825,76.477104,182.2901,134.30084,66.07839,211.86607,140.40758,65.576385,211.89557,146.4759,64.92007,211.93489,118.08522,68.70172,211.47394,112.32939,69.695206,211.44618,106.592964,70.84578,211.50641,158.02129,73.302,323.08914,103.06359,81.34178,328.19513,141.32645,89.83756,219.69138,119.840416,92.98559,220.5632,201.99814,122.19067,303.49725,86.47383,146.40134,315.2542,239.29839,169.77402,130.55826,69.574646,210.24529,147.69527,185.21971,101.64933,-11.117942,85.56153,134.22865,12.924114,174.9989,80.84318,-44.092808,91.930695,116.98492,-1.9378109,169.20802,73.40475,-9.33711,92.43921,104.757195,12.115052,167.8436,85.64395,-2.1175945,95.99981,113.526726,19.421461,218.57268,260.54416,-8.618961,144.45493,279.47668,9.3916645,227.9205,311.46204,-304.13144,149.66847,326.35812,-325.50516,244.74895,414.0703,-482.34702,179.36713,441.66788,-509.21527,251.84348,440.60107,-502.9569,190.73535,470.648,-530.0404,232.95117,431.0306,-595.37646,180.53804,460.76147,-619.33795
image_001.jpg,298.2518,89.28417,-5.6439476,305.71527,94.12818,-16.55302,306.17535,95.82195,-16.532818,306.68332,97.57109,-16.542122,305.9413,92.74874,-0.7282714,306.43356,92.92019,-0.78490686,306.87555,93.04619,-0.73288804,304.81543,107.751755,-40.02266,306.2727,101.43458,34.00063,291.97256,96.26595,-13.2801075,291.89728,93.15402,7.989489,270.3735,122.435265,-69.42316,261.98746,103.27371,85.02755,225.71117,133.82188,-127.17175,219.71654,95.28982,124.97127,205.88632,87.54463,-137.1526,202.84949,65.900826,111.662865,197.64326,76.917465,-140.61743,197.9308,57.49566,112.678185,206.21059,74.185326,-135.54791,202.00313,55.482323,104.89132,208.19626,79.07827,-133.3453,203.53522,59.809708,105.99022,153.82545,115.59219,-47.155003,155.85988,100.61004,47.344856,93.77492,42.721848,-70.65778,92.57717,50.178566,39.706066,51.56662,119.07639,-21.599236,49.98316,117.90215,72.78704,55.309704,135.16531,-16.28191,51.197388,131.99571,74.986626,15.93813,127.263985,-14.228971,15.800329,123.4019,69.786095
image_002.jpg,140.25443,125.12566,-101.13138,136.78386,127.63707,-97.774284,136.33372,127.29269,-97.78321,135.87027,126.90678,-97.77251,138.2378,129.29993,-105.28885,138.77138,130.44136,-105.280876,139.32043,131.53787,-105.280495,137.2088,129.91858,-71.84397,141.65764,135.463,-104.68753,142.53564,124.67148,-89.87578,144.2834,127.28875,-99.40432,152.81287,124.09003,-27.289476,161.56796,138.42488,-108.031876,172.12973,120.24372,16.204681,186.89725,134.91505,-103.72054,185.28633,112.66227,32.2714,200.619,119.75423,-93.31176,189.696,110.474785,38.820446,206.4025,117.35178,-98.93678,190.47606,109.583694,29.975248,204.73616,113.71781,-98.61394,189.45601,111.39421,29.514147,202.06792,114.5269,-92.67478,191.76427,121.46689,26.295866,198.22023,130.46959,-26.17337,213.2239,98.23428,44.39003,222.86714,102.954544,-43.84278,220.02318,118.26477,91.85532,232.74106,129.02803,2.0465093,218.4238,122.39675,96.66508,231.4349,135.02892,7.056209,230.38841,120.82213,109.363716,243.79848,129.31839,15.222104
image_003.jpg,96.77312,100.891685,-20.736622,91.76792,100.305275,-15.762642,91.13893,100.67312,-15.771835,90.51055,101.02543,-15.896152,92.19565,100.54558,-29.115757,91.67765,101.09229,-29.101948,91.201645,101.65025,-29.1407,87.64444,105.08219,12.815058,88.654915,106.05565,-46.751923,97.29357,104.59545,-10.46363,97.37058,104.891556,-27.182188,100.4326,114.66809,41.986614,95.16937,123.850006,-75.74276,96.502556,88.22595,110.66329,83.402565,108.69949,-168.8989,84.20795,103.25925,148.88559,76.81201,114.212975,-201.99034,80.404106,106.17,149.4767,73.76451,115.25788,-203.48819,83.04789,108.99126,155.7032,78.7278,118.055336,-205.86185,84.54712,107.97858,151.54008,81.3151,117.93276,-202.74918,159.51941,116.387215,43.7459,160.18974,122.405975,-43.694084,199.17006,87.430176,54.18211,203.4021,90.17849,-44.738552,219.75226,118.15199,67.212776,230.70235,125.564285,-18.78873,215.47955,125.37673,67.815254,227.88503,134.98613,-16.585522,241.62393,125.14486,52.262108,254.91916,129.84097,-29.41799
image_004.jpg,88.22484,97.31674,8.905061,79.64133,96.54014,11.995845,79.51399,96.324,11.945776,79.37839,96.01956,11.823766,78.240875,98.64929,-4.313776,76.715065,100.295845,-4.3434443,75.27024,101.971146,-4.4848275,75.98589,103.69525,35.85823,70.84062,112.178604,-36.23726,91.67689,103.085625,18.992662,89.400536,106.20563,-1.7042977,98.08366,119.71919,65.1164,85.46937,141.71243,-65.20353,78.845604,90.34403,122.46136,63.729565,115.97495,-127.77538,48.052357,101.41239,133.54448,42.412956,112.93423,-108.344345,40.879074,106.686195,127.627266,35.59528,113.51491,-111.5525,38.173088,109.440475,132.68384,34.65126,115.78251,-108.27215,39.76737,109.20703,133.50447,38.35077,114.630806,-106.08328,212.91588,136.51485,42.1474,216.15414,154.00406,-41.845516,257.66745,78.364815,48.707214,272.4902,79.1594,-37.198723,311.96497,97.02088,75.83364,319.03775,107.87259,16.223166,317.68213,106.17755,77.6778,320.0404,121.44655,23.384909,332.88992,83.99763,64.176254,346.88647,96.47075,25.359837
image_005.jpg,202.48166,103.22714,-24.065731,206.3712,105.66288,-29.035013,206.5671,106.73534,-29.018736,206.7681,107.834435,-29.01028,206.39935,103.69888,-20.363043,206.63667,103.2762,-20.35743,206.81744,102.86452,-20.376442,205.62436,111.68229,-33.424706,206.36908,105.0877,7.855858,199.03271,106.21044,-25.20394,199.04858,103.6205,-13.46848,190.57254,116.02669,-32.62781,188.57391,104.9853,38.79029,208.44662,103.77589,-35.768536,195.70311,85.57865,81.859085,213.4749,110.49426,22.540333,205.60837,105.598946,94.76276,215.92223,112.134514,30.993912,207.9446,108.81296,94.250145,211.02603,115.38376,29.276663,205.27664,113.07767,99.07039,209.1695,115.3508,23.056244,204.31113,111.84846,95.902695,131.21225,114.24556,-27.938948,132.56108,105.843475,27.831266,99.24492,82.63443,-41.7787,100.3752,71.37133,25.279854,70.04999,108.94485,-26.258068,72.709946,105.34585,20.15944,72.68677,116.0382,-23.56017,74.61379,113.88452,18.524069,47.088207,113.57958,-31.665707,51.978878,108.33853,3.8033512
image_006.jpg,68.222176,63.857914,119.03011,59.630608,66.67823,121.2801,58.255478,68.20729,121.37619,56.90305,69.59822,121.38153,60.307453,66.569954,94.445625,59.077484,68.04357,94.46373,57.878525,69.51801,94.357254,51.137917,81.30314,161.95984,53.01389,81.18194,47.53205,69.025856,70.12743,133.8471,69.59939,70.089516,101.49339,80.788605,91.74256,193.97017,66.72956,109.87791,2.3359146,108.217606,67.969,188.81763,100.278114,91.58173,-93.9849,74.36352,69.04633,85.682755,65.230255,85.5608,-128.71327,65.35778,67.66642,49.13752,55.641888,81.46178,-132.27405,64.870384,73.94481,67.13932,52.318417,89.28231,-149.57161,68.69833,75.59967,85.642975,56.999718,92.45653,-134.2855,150.50322,107.04897,67.28247,149.70822,125.79333,-67.20948,199.75781,50.658665,56.71512,208.38942,67.494995,-40.401325,222.52744,105.746254,101.054436,223.54968,118.62304,-16.911373,219.14873,116.56399,104.96788,218.06801,127.72826,-14.225927,249.21376,118.59093,87.16191,247.9676,132.5998,-31.681671
image_007.jpg,51.855343,89.06654,-8.71354,46.32603,91.62973,-4.856067,46.19025,91.46212,-4.830804,46.035843,91.23583,-4.9009104,46.01758,93.62243,-17.11552,45.605225,95.09408,-17.077557,45.226997,96.55309,-17.116768,45.820854,97.32592,22.477682,45.252113,104.263,-31.191986,55.47671,91.449394,2.5062294,55.20373,94.19811,-12.839959,68.181595,98.39239,42.58109,62.594204,116.9443,-39.530567,70.79212,78.03682,87.36335,58.27369,102.26092,-47.43076,58.145817,89.94187,113.26249,49.599937,105.63054,11.432608,53.754635,92.809006,112.689545,44.917667,107.90416,19.141754,53.652298,95.6047,119.02549,47.15842,110.28896,17.821499,55.326935,95.292564,114.93001,49.46419,109.36242,12.4101095,135.00597,98.00514,28.272846,136.37317,111.810776,-28.281755,185.85925,68.22412,6.4681597,189.14339,98.994896,-44.874245,211.82086,92.527336,47.918503,237.71156,122.92084,-43.759945,210.63956,99.42536,52.631393,241.10715,131.81572,-43.28523,231.24835,90.136475,48.099857,262.44714,110.984825,-65.81787
image_008.jpg,68.222176,63.857914,119.03011,59.630608,66.67823,121.2801,58.255478,68.20729,121.37619,56.90305,69.59822,121.38153,60.307453,66.569954,94.445625,59.077484,68.04357,94.46373,57.878525,69.51801,94.357254,51.137917,81.30314,161.95984,53.01389,81.18194,47.53205,69.025856,70.12743,133.8471,69.59939,70.089516,101.49339,80.788605,91.74256,193.97017,66.72956,109.87791,2.3359146,108.217606,67.969,188.81763,100.278114,91.58173,-93.9849,74.36352,69.04633,85.682755,65.230255,85.5608,-128.71327,65.35778,67.66642,49.13752,55.641888,81.46178,-132.27405,64.870384,73.94481,67.13932,52.318417,89.28231,-149.57161,68.69833,75.59967,85.642975,56.999718,92.45653,-134.2855,150.50322,107.04897,67.28247,149.70822,125.79333,-67.20948,199.75781,50.658665,56.71512,208.38942,67.494995,-40.401325,222.52744,105.746254,101.054436,223.54968,118.62304,-16.911373,219.14873,116.56399,104.96788,218.06801,127.72826,-14.225927,249.21376,118.59093,87.16191,247.9676,132.5998,-31.681671
image_009.jpg,210.6555,58.571774,33.548496,216.03627,57.94981,28.48719,217.23466,58.60171,28.465097,218.471,59.264927,28.459671,214.40912,57.193577,37.36083,214.40019,57.188797,37.29381,214.33978,57.18716,37.227634,221.97159,64.94847,18.071747,216.7055,61.564842,58.131195,211.01764,64.53503,29.284166,208.68289,63.167885,40.806087,214.17804,88.0232,5.004208,198.61223,81.52672,74.49738,212.53777,104.9263,-11.730294,193.6816,93.81585,124.14821,218.41577,81.141205,17.232416,206.92706,79.58746,154.90878,222.11131,75.99547,21.054808,209.93945,75.75853,155.73947,221.52493,73.4814,24.988743,211.18884,74.4173,155.54086,219.44344,75.48855,19.235844,210.9283,77.041855,153.78716,145.66507,114.343605,-30.740875,139.46762,106.76172,30.751333,105.74881,65.18744,-49.539886,97.95141,60.14957,15.170128,59.121754,108.9632,-53.689884,56.91162,104.28182,-2.748657,59.30116,122.47792,-52.272438,57.832443,117.821335,-4.664166,28.303572,103.248535,-52.202244,26.953047,100.777,-11.435117
image_010.jpg,202.06255,88.283325,46.86113,208.22182,89.84944,38.769493,208.97018,90.95092,38.80104,209.75609,92.079956,38.768204,207.29839,88.59481,50.95971,207.37569,88.51374,50.927868,207.44641,88.44911,50.878326,210.71889,98.9002,15.66483,208.19661,93.64639,71.55212,199.50706,93.749435,38.232395,198.26903,91.77948,54.387394,189.80934,114.72291,-16.05928,184.2283,103.735016,87.46735,155.11302,102.96145,4.469755,150.68892,99.593895,49.880577,162.77522,90.86858,69.545494,165.7587,91.42025,-34.44487,163.92725,87.21426,73.76535,170.91035,87.05967,-46.013588,165.2058,88.54443,71.79492,173.71826,89.05925,-38.659954,165.25195,89.799065,71.33023,172.27971,92.79797,-36.020184,118.19069,117.087265,-36.4257,119.176476,108.48733,36.384888,74.256516,66.611084,-52.564617,76.37917,65.7333,19.128576,50.719975,127.62307,-34.674778,59.296387,113.60085,58.08449,55.59386,139.38329,-31.855095,63.967358,122.760475,61.612804,21.702549,134.80489,-39.002308,31.493988,120.51045,62.778072
image_011.jpg,55.95564,100.492,56.442486,50.454273,96.08276,61.372757,49.854294,96.5226,61.300602,49.22993,96.91742,61.259094,49.70585,96.39418,44.73112,48.13363,96.94669,44.739014,46.575516,97.55864,44.621655,42.231472,102.586624,87.95703,38.73237,103.42629,12.2268505,55.150753,108.44221,66.571625,53.23462,108.4896,44.743378,54.536083,126.545685,111.307884,48.537003,132.56586,-20.019648,100.8341,135.18222,105.55921,109.52741,132.72728,25.774046,80.296455,120.06756,18.037163,83.27948,119.74467,157.53294,76.76972,116.611404,0.97245854,77.69535,116.61903,171.45897,70.5699,115.43277,5.519236,70.89537,121.636024,165.84659,70.57495,118.262474,15.768286,72.273926,123.24148,160.23784,139.717,144.35364,46.967834,142.95021,154.10815,-46.84742,185.51324,77.71291,27.87328,197.1785,76.699104,-61.8806,215.06946,141.1827,54.999195,223.21721,149.17358,-49.284817,210.2759,153.78706,56.969044,215.92296,163.82933,-46.642014,242.3131,157.62578,46.95054,254.6233,164.33197,-45.662453
image_012.jpg,103.973854,85.03105,-2.8859537,101.29799,83.26762,0.07348602,101.58455,83.31433,0.08513418,101.871956,83.330505,0.027881889,99.53795,83.91193,-8.691521,98.46644,84.3328,-8.688224,97.415245,84.771935,-8.760036,99.921486,86.288994,27.846796,94.10828,88.42143,-13.2060585,105.23446,88.54315,7.348949,102.80412,89.08708,-4.2305717,110.624565,94.506966,48.159256,95.39291,107.70892,-23.19547,117.94799,73.59414,86.76197,90.333755,90.403465,-58.763023,101.16011,78.738495,89.361595,82.70479,85.59553,-52.47692,96.449,80.21803,86.28112,79.59583,84.601105,-50.366512,96.60155,82.89755,91.09944,81.0616,85.952805,-49.1019,98.68522,83.12028,90.92025,83.454025,86.122284,-51.85023,157.92023,110.27236,29.902273,154.0504,119.06963,-29.761349,189.41144,73.03504,23.387373,184.39032,76.506325,-43.574657,211.10953,110.9373,8.868643,207.67633,114.30817,-37.909225,207.05229,119.341,7.505405,204.30852,123.62486,-36.472843,230.27518,120.82307,-6.876108,228.8803,120.37748,-40.87334
image_013.jpg,57.42673,110.776764,4.3668776,53.818817,112.04377,9.044116,53.933014,112.24583,9.048404,54.03962,112.410866,8.982381,53.07429,112.549164,-2.4949944,52.55912,113.229095,-2.4602032,52.086792,113.929085,-2.516257,54.63354,116.64411,33.628536,52.180973,118.750916,-18.678099,60.73585,113.20668,13.477172,59.76954,114.166534,-1.3094468,74.58502,121.11085,55.407906,65.704895,128.17601,-34.98513,80.41838,96.523674,95.379684,52.15377,108.91021,-35.643066,69.644936,106.201126,117.9582,50.141655,116.017975,41.5629,65.6723,109.13656,120.97203,47.35651,118.56291,50.641815,65.29541,112.50819,124.93703,50.235214,120.66312,51.071705,67.05304,112.00523,119.66855,52.107277,119.96269,43.228867,129.39272,127.80183,33.352303,128.824,133.286,-33.302235,163.69666,99.63605,33.200615,160.94695,97.3797,-47.47906,184.05428,130.18416,41.829567,186.45227,131.85632,-33.081875,181.2865,136.33128,42.900127,184.30373,140.09453,-30.075047,202.60886,137.77936,33.517757,208.36604,137.00595,-33.90605
image_014.jpg,186.76877,126.40949,-3.7767444,191.71825,127.03181,-13.400943,192.32549,127.73696,-13.4069805,192.95885,128.49535,-13.415684,191.49391,126.70374,-1.5609348,191.80487,127.000145,-1.565162,192.10927,127.31321,-1.5658619,195.43582,134.30737,-38.907883,194.70438,132.57362,15.017502,185.71912,130.9193,-11.999446,185.06717,130.30109,3.482657,182.4577,150.46687,-67.038,179.68427,138.6022,44.34772,153.55595,152.99759,-85.09905,151.79338,140.8974,61.8104,125.57964,149.22047,-92.13129,125.33523,137.3065,48.39956,117.05425,151.71527,-103.99832,116.97432,136.00406,48.231537,116.04735,146.69977,-100.165504,117.5435,135.96356,39.33957,119.46128,145.56767,-90.480484,121.04632,137.57358,43.62317,126.62368,147.41129,-35.167263,128.20126,138.84262,35.261494,97.80654,111.68335,-49.647644,100.861275,108.35597,33.62178,73.947464,149.69511,-21.69103,78.76236,143.09996,55.440746,76.521034,158.04486,-18.355421,80.580086,150.55489,57.228085,50.079437,153.73682,-24.62632,57.06619,148.8923,50.528454
image_015.jpg,84.41575,74.4662,-2.3585176,78.99552,71.04039,1.3309642,79.369415,70.80149,1.2836428,79.71872,70.49869,1.1587243,76.333496,72.88956,-11.0835905,74.47261,74.141815,-11.103028,72.6199,75.40606,-11.112653,76.30533,76.64014,29.602543,66.93459,83.353035,-26.622938,87.55463,80.87427,10.041928,83.512054,83.30295,-6.6132364,98.906746,96.33012,64.75919,81.219734,113.97235,-54.53128,147.32243,91.43345,85.63314,132.23962,101.641716,-61.778927,192.82634,78.434525,71.8488,181.26472,81.878006,-46.792385,204.4713,73.84,74.63685,194.39856,80.20983,-54.190914,205.81006,72.81921,65.00915,193.48679,76.083916,-51.640816,201.32924,76.68552,66.99783,189.49226,77.24978,-44.6878,178.26004,115.51438,39.338314,175.14146,130.56143,-39.018944,234.71793,76.3856,28.599377,240.00282,87.242775,-57.5426,283.84897,112.806786,59.06142,289.5183,126.02938,-18.45361,285.22577,123.24514,61.397926,290.28702,138.57301,-14.439435,312.72818,112.46991,43.90107,321.6478,121.56483,-32.048546
image_016.jpg,209.70578,140.03378,-4.8114443,213.24387,142.56316,-13.160094,213.3316,143.30988,-13.153549,213.42982,144.09698,-13.177616,213.15712,141.87137,-2.8384378,213.26863,141.83919,-2.8196564,213.35312,141.81294,-2.8263059,211.77873,148.04184,-28.970259,211.88803,144.96686,18.521683,206.23135,142.08441,-9.756045,206.254,140.80315,4.0541296,195.11095,151.88184,-52.319916,194.41687,141.73238,41.07887,182.55818,130.20789,-48.30503,181.55661,117.70992,-9.270834,197.34923,131.76549,-6.1571455,194.22217,125.26034,-86.3675,201.31584,131.48334,-5.78221,198.05675,125.520065,-94.39194,198.98384,135.00977,-8.800915,198.502,130.33098,-87.37444,196.72546,135.96721,-5.3641353,196.1695,131.34032,-86.247856,137.02802,147.93816,-34.299522,139.0518,141.75035,34.320484,104.16613,120.214096,-43.939972,112.815315,118.65416,51.890354,79.38892,151.69391,-31.765175,90.514175,145.01779,79.52083,79.33758,159.03862,-30.04343,89.77761,151.43173,82.26235,60.6425,149.58716,-40.955963,74.191124,142.41919,79.91389
image_017.jpg,183.3692,106.072975,42.490128,189.20093,104.00039,39.557487,190.34792,104.79421,39.510464,191.51898,105.61552,39.455154,187.49931,101.90553,49.92397,187.41487,101.13523,49.921803,187.27461,100.37747,49.88459,195.4782,108.157166,33.5416,190.46385,101.56142,83.64242,183.98969,110.81551,39.675076,181.73923,108.42087,53.965763,187.8048,127.63938,3.8647792,176.13058,111.062355,105.31352,180.48254,108.18953,-5.562384,152.36533,98.66691,144.55937,191.9566,104.7091,80.07493,171.58821,100.941414,133.7452,196.43227,102.76037,92.03406,177.6524,100.28619,128.59511,193.46959,107.91362,88.287056,178.6939,102.51023,135.58647,191.51242,108.44432,80.54304,177.2672,104.61227,135.06027,125.083786,131.45935,-42.900684,122.527855,122.693825,42.84596,92.84463,94.7753,-59.13019,86.24953,89.61342,31.363804,55.335106,134.68,-66.80156,58.51816,128.7803,27.152617,56.581543,146.09357,-65.764915,59.03043,139.29443,26.228622,26.049921,136.22438,-70.992744,35.2597,129.30765,17.265213
image_018.jpg,191.42143,108.64321,28.980356,195.8364,109.9479,22.360113,196.28136,110.747406,22.381498,196.76471,111.58625,22.362103,195.58774,109.31467,33.37385,195.86966,109.47955,33.385662,196.098,109.63782,33.35953,196.39421,117.3765,0.98309666,196.24898,114.237045,51.66457,188.67302,112.827614,20.557602,188.21039,111.61763,35.041954,179.91405,131.15138,-22.936987,175.95421,120.697586,73.07585,177.1475,114.33961,-23.42791,165.73087,104.97213,139.50197,192.51448,114.76823,34.3432,177.83595,109.02676,178.2862,196.48058,113.43184,43.99379,181.19186,109.190765,179.05219,193.6797,117.69435,38.047554,180.58163,112.311844,185.41185,191.89328,118.67624,33.53149,179.52754,112.83854,179.5715,116.116714,132.39417,-35.84652,115.584305,125.22485,35.80466,87.190636,94.16939,-43.25512,89.55833,85.549675,31.496647,61.884636,138.99873,-46.946075,71.32829,127.25226,43.644684,65.06955,149.97693,-46.593403,75.14096,137.00923,43.890457,37.446835,142.71501,-59.565636,48.083336,130.91064,33.76944
image_019.jpg,257.5389,100.60454,42.958115,262.2988,104.71198,29.592129,262.32843,105.88596,29.714611,262.38208,107.12527,29.546694,262.57025,104.22612,47.70034,262.80176,104.569626,47.668365,262.97656,104.94074,47.76458,258.74335,113.26749,-4.667306,259.83176,110.4035,73.30633,251.80362,103.91933,30.02656,252.24706,102.168465,53.199547,234.43703,115.91474,-45.983746,231.39896,105.088196,101.7457,206.81352,79.14261,8.1278305,201.98743,70.36466,25.13384,230.9706,87.48609,113.15852,225.19814,86.13251,-101.31298,237.10489,89.13136,121.9254,231.0504,87.78802,-113.688225,234.17334,95.80288,114.645805,233.84935,95.59815,-97.10694,231.54402,96.42552,114.313385,230.63031,97.3078,-99.171715,163.0033,114.875114,-48.318695,163.22801,103.98956,48.268024,116.938515,67.1775,-58.04063,120.62748,67.9428,26.885172,86.19828,120.382935,-27.38546,97.12744,108.309456,77.20309,87.497025,131.40508,-23.498028,100.03122,116.104744,83.27772,54.305367,124.96816,-37.446503,68.08947,114.36865,79.83051
image_020.jpg,91.95692,61.891045,-7.9027696,86.90818,59.316147,-4.698847,86.506645,59.2657,-4.7276287,86.09894,59.202072,-4.805103,86.119514,60.609848,-16.055052,84.95948,61.407383,-16.016352,83.8442,62.199535,-16.09706,81.44813,63.423946,19.959026,78.640465,67.2312,-32.407463,92.52637,66.987564,1.5185726,91.03762,68.07557,-13.396805,91.895706,79.83423,46.8487,83.572426,90.702446,-44.732162,88.41866,61.5482,105.07975,68.205154,73.8519,-66.160805,70.526634,68.88057,138.47824,63.538395,73.93783,-6.6689553,64.89002,70.75736,138.13914,61.461185,75.12489,3.2427444,66.127945,72.61891,144.19708,64.367485,77.11303,6.6837935,67.908714,72.2476,140.81328,65.85538,76.7061,-3.5278175,162.88884,89.74759,37.853374,165.12517,97.87539,-37.725494,210.79712,58.16626,34.829517,221.21533,52.04734,-45.52021,240.29288,97.03229,22.604418,246.30086,100.437386,-33.20442,237.19763,106.18267,20.664368,241.66788,111.775566,-31.750013,263.27057,107.4153,2.2021213,270.51346,111.22833,-38.099735
image_021.jpg,67.289894,47.504913,33.811054,64.5228,48.510017,43.849358,65.27777,47.99465,43.851776,66.02741,47.40391,43.834362,62.561653,51.098614,32.21688,61.74564,52.70641,32.273697,61.002674,54.36628,32.145977,68.89685,53.252987,84.809044,62.77592,62.572544,33.347046,73.70428,50.475506,47.370304,71.0693,54.48942,32.6314,101.7032,63.253124,105.15491,78.542274,81.57466,20.002441,102.4605,60.470955,166.32545,50.361267,84.59028,30.2553,81.995056,61.824265,210.77208,52.908493,80.0756,133.07227,75.74959,63.671223,210.28674,50.143677,81.98485,145.02464,73.134346,64.111404,213.58627,56.360497,81.554985,144.39322,75.24771,64.62724,210.4777,59.090332,81.12123,134.58376,165.83145,84.47165,33.020794,158.07796,98.63923,-32.90703,211.83531,41.062206,18.44846,202.01387,47.56556,-71.70224,242.86214,104.19467,2.2575202,233.54135,122.13377,-86.76153,238.6983,116.554665,1.2539797,228.87846,136.67693,-86.32019,268.85318,114.84825,-11.258533,269.52524,129.66354,-95.39252
image_022.jpg,81.67207,79.500656,13.826272,77.24196,75.918495,18.709602,77.33421,75.949974,18.67781,77.39835,75.93894,18.665188,75.557144,76.47055,6.5882382,74.14408,76.98012,6.601053,72.73873,77.49932,6.597141,74.3454,78.912315,42.433186,68.208534,81.1901,-12.718807,83.594604,83.9094,23.500586,80.64729,84.95145,7.427763,88.41983,93.1761,84.08704,76.963524,102.60897,-57.384933,124.655624,91.17825,102.98193,113.437195,98.801056,-79.00511,161.03908,80.302986,92.63672,151.4811,84.11152,-59.023376,170.31995,75.602646,100.53216,162.77962,83.74062,-68.39936,172.0609,75.13291,89.019135,161.32031,78.88839,-60.770557,168.63257,77.75639,87.262726,157.70804,79.90962,-54.94862,147.59753,102.289154,45.566166,147.09795,112.52773,-45.266186,180.3925,58.77547,28.568432,183.7212,58.76236,-71.942116,212.57329,102.28507,74.7638,213.29716,112.85277,-15.830444,209.7251,110.20272,78.86177,208.44553,122.75799,-9.495791,241.21065,113.78038,72.94545,246.68031,126.02639,-9.837109
image_023.jpg,235.32478,114.28537,13.998164,239.41612,118.15384,4.9267263,239.58983,119.19858,4.954898,239.79439,120.30006,4.9873815,239.61922,117.38045,16.939014,239.94579,117.84487,16.956211,240.2048,118.28468,16.902636,237.5276,126.926125,-18.238821,238.89023,123.69339,37.768166,230.50822,118.14288,5.7352824,230.70549,116.89697,21.69974,216.30249,133.12442,-31.850178,209.42613,123.45219,70.404854,229.88684,140.1925,-45.61072,214.85599,121.12519,150.36041,236.1939,135.81126,24.226248,229.29105,122.50806,202.14868,238.41948,134.88258,34.869915,232.99384,122.29821,207.20653,236.45207,134.42337,37.81516,231.56918,124.66635,209.6123,234.38881,134.94267,27.208918,230.76303,125.753784,202.1731,138.50743,124.66482,-38.355335,135.37134,115.606064,38.249546,104.07757,83.996185,-39.837894,100.025406,70.61108,42.47337,80.20822,133.24136,-21.723537,80.12779,124.70506,51.999645,83.81932,143.29913,-20.331623,84.45643,135.46661,51.614674,57.003986,142.81337,-31.561438,55.931908,135.62994,43.526066
image_024.jpg,52.50079,101.76262,-34.359596,44.452682,103.150604,-30.992565,44.670544,102.260025,-30.959217,44.861496,101.27103,-30.874216,43.296726,107.24521,-46.00663,42.335358,109.85339,-46.122326,41.484108,112.50665,-46.395397,45.245796,109.12797,14.754175,41.16491,123.02097,-53.66551,59.29267,104.920715,-16.031551,57.402092,110.45089,-35.67766,78.952286,116.130585,67.10109,67.32167,145.30574,-52.0246,49.55991,106.69331,165.45387,10.67461,140.20825,-71.54787,45.661694,123.193344,238.15022,34.686726,135.05887,53.00841,44.627533,129.739,244.98134,36.958363,140.2322,69.696625,46.14978,131.92046,250.02408,46.755016,141.3655,82.792244,47.130478,130.9105,239.65048,47.493355,139.8229,60.91435,195.05885,120.2465,42.42344,199.2327,141.52454,-42.35727,232.04042,53.49166,26.560648,244.63979,50.6345,-61.666344,255.59952,109.8672,65.55168,263.60678,120.40009,-9.638716,253.6453,121.64769,70.485405,257.00528,136.42726,-2.1582034,275.9532,118.58835,79.8481,292.76917,130.84361,17.00866
image_025.jpg,68.87515,127.817924,2.4177773,62.673485,130.66756,5.503607,62.133385,131.37112,5.5308957,61.57385,132.05441,5.522715,63.504963,130.3729,-9.634482,63.367195,131.04483,-9.693119,63.289783,131.73718,-9.8775215,61.342953,138.01422,28.096684,63.998554,137.50278,-40.033047,71.60412,131.2881,11.475231,72.40561,131.48796,-7.916572,83.27144,143.07658,62.046642,83.54055,150.16977,-55.49444,75.70592,124.00755,137.35403,74.40535,143.91447,-50.60056,68.19636,136.21469,189.11668,70.69711,148.85698,38.70604,65.458496,139.48982,193.65007,68.30539,149.60425,51.91302,68.05171,142.13719,198.3026,71.88712,153.23918,52.17681,69.47127,140.96944,190.54263,73.767746,153.1209,41.17028,146.40833,139.06969,43.548214,150.12682,144.22865,-43.52139,183.07863,104.10541,47.97186,190.66411,104.169365,-50.50603,204.81389,137.0559,53.969707,209.75162,143.85846,-35.11284,200.5253,144.4476,54.146824,204.81244,153.17589,-33.062065,229.09499,147.91391,40.645702,235.96796,155.40714,-39.15773
image_026.jpg,246.9097,96.923744,54.157974,252.80843,99.1234,48.566963,253.57736,100.30095,48.53963,254.42728,101.52373,48.433964,251.90866,97.56448,62.491215,252.0678,97.45412,62.538975,252.1398,97.32139,62.512318,254.96965,107.05523,34.590546,253.10637,101.687096,100.19561,244.51047,101.92325,48.419525,243.25894,99.35733,67.05332,240.46855,120.83035,15.815167,226.1973,108.58216,139.59099,266.0057,138.09743,3.729481,245.37833,109.361435,254.6007,258.48962,120.24704,97.83079,255.2096,110.96735,361.55228,257.29767,115.245674,114.801476,257.4583,111.23518,376.57666,253.3165,115.00673,123.92686,252.893,112.561714,381.83832,251.95337,117.46136,104.49289,252.87402,113.30256,364.2507,163.54327,121.60033,-53.3708,154.04655,114.43001,53.297157,124.73494,79.34589,-69.831764,108.54798,72.803,45.475563,84.99433,133.58412,-105.467415,74.733826,129.62726,9.099511,86.17011,149.31776,-107.70811,76.3274,143.24336,4.062741,52.82887,137.02652,-120.79461,46.706924,138.07921,-18.964529
image_027.jpg,58.752506,95.73738,-29.29823,50.928284,97.51067,-26.064644,49.81577,97.36574,-26.06636,48.68439,97.14366,-26.166601,52.98588,100.080055,-38.791523,53.027374,101.9868,-38.82454,53.155136,103.88222,-38.980434,45.566147,106.21163,-3.8088944,51.759956,114.806854,-59.3999,61.063477,101.15234,-19.461628,62.982258,104.30516,-35.254627,63.905308,113.58565,15.712564,76.47245,139.46643,-57.854244,57.087994,112.35261,70.196556,85.186195,133.2854,-35.057854,50.710052,122.684616,114.63071,49.9869,130.56026,57.163338,51.052536,125.92134,123.66501,41.623543,129.60976,66.47003,50.78986,127.11888,123.898994,38.722237,132.52943,74.0271,50.914738,126.52256,115.52865,41.932755,131.93112,62.710953,152.13197,108.27398,31.410997,162.92558,126.99608,-31.363846,179.8311,44.19851,26.130064,206.40605,57.64146,-48.718365,191.89923,103.830376,87.451126,219.88582,119.61274,-9.01861,186.68895,113.73492,94.55981,212.96956,131.27472,-3.4265263,212.1632,119.019264,122.50382,244.10666,136.05843,19.144526
image_030.jpg,184.37381,245.31898,208.38756,173.66798,234.3667,239.08966,178.56201,230.2067,239.44179,183.28328,225.86201,239.17702,158.45581,247.17644,206.27084,152.16551,252.9158,206.17726,146.13443,258.85696,205.87573,186.13399,239.77982,417.1591,139.05766,284.79724,268.09875,206.55925,256.38596,269.75995,187.10506,272.0549,226.39418,261.91977,259.08658,451.24606,167.94838,372.56046,201.43544,358.84637,183.80734,243.7764,127.451065,338.31763,150.40903,267.05612,229.18088,-35.197063,84.93823,292.66342,380.56543,242.56824,234.69354,-83.04933,73.27048,284.62955,412.91232,223.11145,246.2988,-39.000725,73.87159,284.9741,429.18546,234.36082,253.4866,-30.159645,82.68446,286.7039,395.372,479.4718,259.39175,104.46241,461.55978,325.54486,-103.00036,460.96582,66.07885,98.65236,428.05374,138.91092,-185.43321,585.3157,323.54178,-58.261257,560.74536,350.37747,-196.79681,583.5601,376.30865,-67.59558,562.473,396.50992,-188.51752,664.5967,360.95975,-54.14149,657.2269,381.91995,-166.31694
image_040.jpg,145.37675,107.78977,176.26637,142.59618,101.64969,196.73155,145.26437,100.19638,196.74052,147.83047,98.66127,196.64975,134.19806,107.04014,183.97717,130.62401,109.58108,183.93799,127.186226,112.248055,183.75659,151.18234,105.243996,285.07822,124.29744,124.02709,222.62755,156.54549,114.940834,205.94147,145.9147,122.56149,187.88135,194.92151,114.325676,289.51965,134.00626,170.3648,207.6628,206.44218,83.62171,353.79398,85.73469,157.22173,195.2819,137.33351,80.78852,444.8463,101.80169,122.5592,383.62454,119.561165,78.92233,432.08987,102.9694,113.834045,414.35306,114.9297,79.46544,463.82004,109.238754,119.22,414.43622,122.92096,84.496414,451.50897,112.57358,123.50432,387.2995,300.28232,167.68658,21.497276,267.3023,214.22664,-21.133205,378.2538,182.5342,-156.10959,339.30713,255.57101,-222.32736,464.51022,307.24945,-286.65384,407.1806,379.57224,-322.74893,468.18982,327.03793,-300.6264,411.59103,395.25156,-329.67172,515.2852,349.19748,-364.46527,460.08105,419.89978,-371.59778
image_042.jpg,59.188442,68.79844,46.263332,49.71379,61.54228,61.52165,51.232277,58.230312,61.44211,52.665592,54.836475,61.343903,44.677547,70.83001,50.04003,42.221794,74.888,49.953846,39.826572,78.99025,49.72608,55.109756,57.277184,144.73447,38.776432,89.03166,96.26612,70.14016,68.7629,76.63746,63.21862,82.19152,62.29715,105.35807,69.72506,195.56621,68.595894,128.49962,77.94525,147.85616,42.355564,198.67732,106.51364,126.34923,87.89934,83.53664,48.168743,166.91643,88.92654,94.98246,189.11517,66.94818,49.4188,140.1722,82.11277,87.535255,194.04565,58.270214,51.21322,160.19948,78.102036,89.28595,188.96841,64.2154,55.656143,167.60904,82.80559,91.15078,188.14928,233.0884,123.48321,47.072227,220.15782,160.30171,-46.911896,338.00293,74.453316,-38.4896,326.78372,105.57818,-128.86113,461.70886,149.09328,-47.21524,451.2913,195.24309,-164.86115,468.41852,170.44629,-49.32346,456.95245,218.63318,-166.64478,526.2686,142.0199,-87.67109,522.95416,184.36882,-205.16376
image_043.jpg,46.77312,76.5572,55.10717,38.94733,68.84212,69.6063,40.571594,66.11449,69.50976,42.119175,63.27306,69.38197,33.77187,76.77461,59.27493,31.329048,80.11558,59.21519,28.949345,83.52747,58.947174,44.73095,65.85038,148.20142,27.380121,92.8849,104.41588,56.760414,77.74025,83.6889,49.62046,89.15121,70.79198,90.641,73.448105,192.58159,49.69979,141.55875,90.729614,120.2182,42.472008,234.7228,56.419964,163.19113,85.1803,75.94706,49.575912,247.1857,46.07878,110.074974,174.00452,65.02735,52.229042,225.87521,41.55735,94.31657,174.83621,57.797825,52.00824,241.14264,39.226665,93.60303,178.55446,61.792282,55.370693,246.49449,44.16204,98.39101,175.8929,211.15204,123.53232,41.37788,198.49396,169.57013,-41.09347,324.21643,91.053444,-57.72866,319.7392,139.32149,-117.45878,438.48547,154.479,-35.112522,436.12564,204.51724,-136.07942,445.87482,174.65558,-34.70326,443.29816,221.66536,-137.61163,501.47623,144.21225,-72.97562,500.70282,196.0717,-184.00677
image_048.jpg,359.4498,134.33144,-48.002907,372.37296,140.71971,-53.45235,373.5191,144.5784,-53.357513,374.68106,148.52802,-53.339474,370.81342,132.81711,-41.223743,370.9537,130.3664,-41.198044,370.93643,127.89243,-41.224693,373.34998,160.77101,-39.32073,369.9649,132.94534,17.621132,352.0324,146.1565,-41.521793,350.12872,135.4217,-25.755733,332.51978,195.4874,-64.838585,326.28638,132.24904,56.944572,336.97885,183.49812,-134.9112,368.52945,94.18106,70.79396,383.36478,170.1115,-141.40387,398.72357,139.69171,97.01822,393.31168,160.04547,-140.78537,407.54333,152.31953,88.57516,394.21063,169.23943,-141.1941,403.43417,156.8426,110.11272,388.9828,169.35657,-142.7277,399.46445,153.70505,100.43967,165.31468,170.11064,-47.531723,165.44441,133.23595,47.51574,65.90167,82.013794,-59.430195,57.847847,76.096466,13.963292,47.66901,133.21878,0.19692431,50.542126,140.60521,113.14596,58.59822,144.83418,8.70563,60.971813,153.28287,123.40283,-0.7607013,138.33461,13.482568,4.5979366,148.70804,138.38277
image_050.jpg,294.86182,627.9058,-57.61893,294.10898,633.04736,-53.563076,292.23282,632.71497,-53.561348,290.3354,632.48584,-53.730083,298.36148,633.1449,-55.635853,300.1455,632.6324,-55.75904,301.8596,631.9853,-55.853966,284.9006,622.58606,-27.456501,299.39798,621.43274,-37.313316,287.0777,615.66846,-47.712177,293.78857,614.81934,-50.38271,251.29605,569.05524,-15.771468,275.54507,563.7952,-36.84894,261.00928,561.10956,38.001896,285.52545,574.7082,-74.35372,318.34576,573.58154,93.2388,319.0329,584.3006,-60.290302,336.19385,574.2423,85.90924,327.89743,588.35693,-61.053276,337.64932,578.3698,89.628624,328.178,584.3016,-62.277416,330.57465,576.802,93.41105,323.1377,581.9158,-60.883804,137.02074,431.658,-2.7352757,156.89462,432.00345,2.8055735,184.48763,315.53555,25.937567,214.02112,328.8576,22.705692,181.66594,251.56927,79.053825,300.06805,284.58447,82.893974,176.31055,245.71216,85.139824,304.4515,276.4348,87.87844,195.65451,218.49663,44.696938,344.85672,260.9674,54.008823
image_053.jpg,239.20384,87.09409,18.012001,242.64888,89.66428,7.9974203,242.73027,90.441635,8.076476,242.81602,91.274635,8.054386,242.82738,89.28009,20.693745,243.01541,89.51966,20.698341,243.16606,89.770454,20.700207,240.9206,95.91106,-14.626545,241.58861,93.77665,40.4297,235.5184,89.6544,9.434769,235.6797,88.49175,25.72638,224.89442,98.063416,-44.4502,223.8844,91.82327,67.178085,208.74269,74.22173,-13.763805,209.99535,63.623123,18.000526,224.05498,78.22912,65.13617,221.91887,74.06882,-71.18924,227.50232,78.31658,71.55777,224.51013,74.20612,-77.94478,226.26643,83.508125,68.22583,226.01332,80.5174,-69.25085,224.91022,84.85343,67.06875,224.5369,81.374626,-70.47793,173.98396,99.26043,-37.759808,175.02708,93.03966,37.75126,150.16733,59.505905,-42.293552,150.53474,62.991413,34.96615,135.09065,99.86836,-10.270897,138.95065,95.28643,67.160545,137.47345,107.0313,-6.0016356,141.58179,100.348816,71.26459,116.58272,104.79953,-4.3831687,122.39778,101.97177,75.91208
